date,pm25,o3,no2,so2,co,dd,mm,yy
2015-05-13,210.0,15.0,16.0,3.0,44.0,13,5,2015
2015-05-14,138.0,15.0,8.0,3.0,10.0,14,5,2015
2015-05-15,154.0,14.0,8.0,4.0,9.0,15,5,2015
2015-05-16,214.0,15.0,7.0,32.0,7.0,16,5,2015
2015-05-17,187.0,15.0,7.0,29.0,11.0,17,5,2015
2015-05-18,185.0,16.0,51.0,46.0,11.0,18,5,2015
2015-05-19,329.0,24.0,3.0,115.0,6.0,19,5,2015
2015-05-20,301.0,28.0,3.0,9.0,31.0,20,5,2015
2015-05-21,213.0,27.0,4.0,9.0,51.0,21,5,2015
2015-05-22,204.0,28.0,5.0,118.0,25.0,22,5,2015
2015-05-23,199.0,24.0,5.0,111.0,10.5,23,5,2015
2015-05-24,204.0,28.0,6.0,5.0,27.0,24,5,2015
2015-05-25,252.0,26.0,3.0,7.0,19.0,25,5,2015
2015-05-26,207.0,25.0,3.0,6.0,7.0,26,5,2015
2015-05-27,219.0,27.0,11.0,27.0,9.0,27,5,2015
2015-05-28,247.0,28.0,12.0,5.0,10.0,28,5,2015
2015-05-29,223.0,28.0,17.0,4.0,9.0,29,5,2015
2015-05-30,226.0,28.0,25.0,5.0,10.0,30,5,2015
2015-05-31,203.0,25.0,3.0,6.0,12.0,31,5,2015
2015-06-01,228.0,28.0,2.0,4.0,7.0,1,6,2015
2015-06-02,246.0,27.0,4.0,15.0,10.0,2,6,2015
2015-06-03,239.0,27.0,3.0,5.0,10.0,3,6,2015
2015-06-04,197.0,28.0,5.0,6.0,13.0,4,6,2015
2015-06-05,182.0,27.0,3.0,60.0,9.0,5,6,2015
2015-06-06,148.0,28.0,3.0,5.0,14.0,6,6,2015
2015-06-07,149.0,28.0,3.0,6.0,15.0,7,6,2015
2015-06-08,150.0,26.0,3.0,41.0,13.0,8,6,2015
2015-06-09,148.0,29.0,3.0,6.0,14.0,9,6,2015
2015-06-10,147.0,25.0,4.0,3.0,8.0,10,6,2015
2015-06-11,151.0,27.0,4.0,5.0,12.0,11,6,2015
2015-06-12,147.0,28.0,4.0,5.0,14.0,12,6,2015
2015-06-13,152.0,29.0,3.0,4.0,13.0,13,6,2015
2015-06-14,149.0,28.0,4.0,4.0,14.0,14,6,2015
2015-06-15,153.0,26.0,3.0,4.0,12.0,15,6,2015
2015-06-16,147.0,25.0,3.0,5.0,14.0,16,6,2015
2015-06-17,148.0,25.0,3.0,4.0,11.0,17,6,2015
2015-06-18,148.0,25.0,4.0,10.0,25.0,18,6,2015
2015-06-19,149.0,25.0,4.0,5.0,12.0,19,6,2015
2015-06-20,152.0,26.0,3.0,15.0,10.0,20,6,2015
2015-06-21,148.0,28.0,7.0,56.0,29.0,21,6,2015
2015-06-22,187.0,28.0,7.0,231.0,10.0,22,6,2015
2015-06-23,192.0,25.0,5.0,29.0,25.0,23,6,2015
2015-06-24,170.0,28.0,8.0,3.0,30.0,24,6,2015
2015-06-25,170.0,26.0,3.0,3.0,22.0,25,6,2015
2015-06-26,156.0,17.0,3.0,3.0,20.0,26,6,2015
2015-06-27,152.0,18.0,3.0,3.0,21.0,27,6,2015
2015-06-28,155.0,18.0,3.0,5.0,20.0,28,6,2015
2015-06-29,155.0,18.0,3.0,5.0,19.0,29,6,2015
2015-06-30,153.0,18.0,6.0,7.0,33.0,30,6,2015
2015-07-01,161.0,18.0,6.0,4.0,18.0,1,7,2015
2015-07-02,106.0,19.0,6.0,64.0,13.0,2,7,2015
2015-07-03,113.0,18.0,6.0,244.0,6.0,3,7,2015
2015-07-04,100.0,18.0,5.0,5.0,16.0,4,7,2015
2015-07-05,100.0,18.0,6.0,4.0,16.0,5,7,2015
2015-07-06,101.0,18.0,6.0,4.0,17.0,6,7,2015
2015-07-07,101.0,18.0,5.0,4.0,16.0,7,7,2015
2015-07-08,98.0,17.0,5.0,4.0,19.0,8,7,2015
2015-07-09,90.0,18.0,3.0,5.0,17.0,9,7,2015
2015-07-10,73.0,16.0,4.0,126.0,10.0,10,7,2015
2015-07-11,68.0,16.0,6.0,225.0,4.0,11,7,2015
2015-07-12,116.0,23.0,4.0,5.0,16.0,12,7,2015
2015-07-13,129.0,17.0,8.0,5.0,29.0,13,7,2015
2015-07-14,118.0,17.0,2.0,6.0,14.0,14,7,2015
2015-07-15,79.0,21.0,3.0,7.0,18.0,15,7,2015
2015-07-16,83.0,21.0,4.0,6.0,15.0,16,7,2015
2015-07-17,65.0,23.0,4.0,5.0,14.0,17,7,2015
2015-07-18,61.0,22.0,4.0,7.0,16.0,18,7,2015
2015-07-19,70.0,22.0,4.0,6.0,14.0,19,7,2015
2015-07-20,62.0,23.0,4.0,6.0,14.0,20,7,2015
2015-07-21,63.0,18.0,4.0,6.0,14.0,21,7,2015
2015-07-22,58.0,22.0,16.0,7.0,58.0,22,7,2015
2015-07-23,176.0,21.0,8.0,6.0,21.0,23,7,2015
2015-07-24,173.0,22.0,6.0,3.0,14.0,24,7,2015
2015-07-25,107.0,24.0,4.0,6.0,13.0,25,7,2015
2015-07-26,91.0,21.0,4.0,5.0,15.0,26,7,2015
2015-07-27,121.0,22.0,3.0,6.0,13.0,27,7,2015
2015-07-28,106.0,22.0,4.0,4.0,14.0,28,7,2015
2015-07-29,101.0,18.0,5.0,5.0,14.0,29,7,2015
2015-07-30,96.0,18.0,5.0,4.0,17.0,30,7,2015
2015-07-31,132.0,18.0,21.0,6.0,86.0,31,7,2015
2015-08-01,209.0,1.0,5.0,105.0,24.0,1,8,2015
2015-08-02,116.0,1.0,4.0,3.0,15.0,2,8,2015
2015-08-03,117.0,1.0,4.0,3.0,17.0,3,8,2015
2015-08-04,125.0,1.0,5.0,3.0,15.0,4,8,2015
2015-08-05,107.0,1.0,4.0,5.0,14.0,5,8,2015
2015-08-06,103.0,1.0,4.0,4.0,14.0,6,8,2015
2015-08-07,127.0,2.0,4.0,5.0,11.0,7,8,2015
2015-08-08,126.0,1.0,4.0,4.0,12.0,8,8,2015
2015-08-09,121.0,1.0,4.0,5.0,11.0,9,8,2015
2015-08-10,115.0,1.0,4.0,5.0,12.0,10,8,2015
2015-08-11,135.0,1.0,4.0,5.0,11.0,11,8,2015
2015-08-12,123.0,1.0,4.0,3.0,13.0,12,8,2015
2015-08-13,136.0,1.0,4.0,6.0,11.0,13,8,2015
2015-08-14,111.0,1.0,4.0,5.0,9.0,14,8,2015
2015-08-15,88.0,1.0,5.0,6.0,10.0,15,8,2015
2015-08-16,94.0,1.0,4.0,2.0,13.0,16,8,2015
2015-08-17,121.0,1.0,5.0,5.0,11.0,17,8,2015
2015-08-18,112.0,2.0,6.0,5.0,13.0,18,8,2015
2015-08-19,134.0,1.0,4.0,5.0,12.5,19,8,2015
2015-08-20,121.0,1.0,4.0,5.0,12.5,20,8,2015
2015-08-21,121.0,1.0,4.0,5.0,12.5,21,8,2015
2015-08-22,121.0,1.0,4.0,5.0,12.5,22,8,2015
2015-08-23,121.0,1.0,4.0,5.0,12.5,23,8,2015
2015-08-24,121.0,1.0,4.0,5.0,12.5,24,8,2015
2015-08-25,121.0,1.0,4.0,5.0,12.5,25,8,2015
2015-08-26,121.0,1.0,4.0,5.0,12.5,26,8,2015
2015-08-27,121.0,1.0,4.0,5.0,12.5,27,8,2015
2015-08-28,121.0,1.0,4.0,5.0,12.5,28,8,2015
2015-08-29,121.0,1.0,4.0,5.0,12.5,29,8,2015
2015-08-30,121.0,1.0,4.0,5.0,12.5,30,8,2015
2015-08-31,121.0,1.0,4.0,5.0,12.5,31,8,2015
2015-09-01,149.5,17.0,4.5,5.0,12.5,1,9,2015
2015-09-02,149.5,17.0,4.5,5.0,12.5,2,9,2015
2015-09-03,149.5,17.0,4.5,5.0,12.5,3,9,2015
2015-09-04,149.5,17.0,4.5,5.0,12.5,4,9,2015
2015-09-05,149.5,17.0,4.5,5.0,12.5,5,9,2015
2015-09-06,149.5,17.0,4.5,5.0,12.5,6,9,2015
2015-09-07,149.5,17.0,4.5,5.0,12.5,7,9,2015
2015-09-08,149.5,17.0,4.5,5.0,12.5,8,9,2015
2015-09-09,149.5,17.0,4.5,5.0,12.5,9,9,2015
2015-09-10,149.5,17.0,4.5,5.0,12.5,10,9,2015
2015-09-11,149.5,17.0,4.5,5.0,12.5,11,9,2015
2015-09-12,149.5,17.0,4.5,5.0,12.5,12,9,2015
2015-09-13,149.5,17.0,4.5,5.0,12.5,13,9,2015
2015-09-14,149.5,17.0,4.5,5.0,12.5,14,9,2015
2015-09-15,149.5,17.0,4.5,5.0,12.5,15,9,2015
2015-09-16,149.5,17.0,4.5,5.0,12.5,16,9,2015
2015-09-17,149.5,17.0,4.5,5.0,12.5,17,9,2015
2015-09-18,149.5,17.0,4.5,5.0,12.5,18,9,2015
2015-09-19,149.5,17.0,4.5,5.0,12.5,19,9,2015
2015-09-20,149.5,17.0,4.5,5.0,12.5,20,9,2015
2015-09-21,149.5,17.0,4.5,5.0,12.5,21,9,2015
2015-09-22,149.5,17.0,4.5,5.0,12.5,22,9,2015
2015-09-23,149.5,17.0,4.5,5.0,12.5,23,9,2015
2015-09-24,149.5,17.0,4.5,5.0,12.5,24,9,2015
2015-09-25,149.5,17.0,4.5,5.0,12.5,25,9,2015
2015-09-26,149.5,17.0,4.5,5.0,12.5,26,9,2015
2015-09-27,149.5,17.0,4.5,5.0,12.5,27,9,2015
2015-09-28,149.5,17.0,4.5,5.0,12.5,28,9,2015
2015-09-29,149.5,17.0,4.5,5.0,12.5,29,9,2015
2015-09-30,149.5,17.0,4.5,5.0,12.5,30,9,2015
2015-10-01,149.5,17.0,4.5,5.0,12.5,1,10,2015
2015-10-02,149.5,17.0,4.5,5.0,12.5,2,10,2015
2015-10-03,149.5,17.0,4.5,5.0,12.5,3,10,2015
2015-10-04,149.5,17.0,4.5,5.0,12.5,4,10,2015
2015-10-05,149.5,17.0,4.5,5.0,12.5,5,10,2015
2015-10-06,149.5,17.0,4.5,5.0,12.5,6,10,2015
2015-10-07,149.5,17.0,4.5,5.0,12.5,7,10,2015
2015-10-08,149.5,17.0,4.5,5.0,12.5,8,10,2015
2015-10-09,149.5,17.0,4.5,5.0,12.5,9,10,2015
2015-10-10,149.5,17.0,4.5,5.0,12.5,10,10,2015
2015-10-11,149.5,17.0,4.5,5.0,12.5,11,10,2015
2015-10-12,149.5,17.0,4.5,5.0,12.5,12,10,2015
2015-10-13,149.5,17.0,4.5,5.0,12.5,13,10,2015
2015-10-14,149.5,17.0,4.5,5.0,12.5,14,10,2015
2015-10-15,149.5,17.0,4.5,5.0,12.5,15,10,2015
2015-10-16,149.5,17.0,4.5,5.0,12.5,16,10,2015
2015-10-17,149.5,17.0,4.5,5.0,12.5,17,10,2015
2015-10-18,149.5,17.0,4.5,5.0,12.5,18,10,2015
2015-10-19,149.5,17.0,4.5,5.0,12.5,19,10,2015
2015-10-20,149.5,17.0,4.5,5.0,12.5,20,10,2015
2015-10-21,149.5,17.0,4.5,5.0,12.5,21,10,2015
2015-10-22,149.5,17.0,4.5,5.0,12.5,22,10,2015
2015-10-23,149.5,17.0,4.5,5.0,12.5,23,10,2015
2015-10-24,149.5,17.0,4.5,5.0,12.5,24,10,2015
2015-10-25,149.5,17.0,4.5,5.0,12.5,25,10,2015
2015-10-26,149.5,17.0,4.5,5.0,12.5,26,10,2015
2015-10-27,149.5,17.0,4.5,5.0,12.5,27,10,2015
2015-10-28,149.5,17.0,4.5,5.0,12.5,28,10,2015
2015-10-29,149.5,17.0,4.5,5.0,12.5,29,10,2015
2015-10-30,149.5,17.0,4.5,5.0,12.5,30,10,2015
2015-10-31,149.5,17.0,4.5,5.0,12.5,31,10,2015
2015-11-01,149.5,17.0,4.5,5.0,12.5,1,11,2015
2015-11-02,149.5,17.0,4.5,5.0,12.5,2,11,2015
2015-11-03,149.5,17.0,4.5,5.0,12.5,3,11,2015
2015-11-04,149.5,17.0,4.5,5.0,12.5,4,11,2015
2015-11-05,149.5,17.0,4.5,5.0,12.5,5,11,2015
2015-11-06,149.5,17.0,4.5,5.0,12.5,6,11,2015
2015-11-07,149.5,17.0,4.5,5.0,12.5,7,11,2015
2015-11-08,149.5,17.0,4.5,5.0,12.5,8,11,2015
2015-11-09,149.5,17.0,4.5,5.0,12.5,9,11,2015
2015-11-10,149.5,17.0,4.5,5.0,12.5,10,11,2015
2015-11-11,149.5,17.0,4.5,5.0,12.5,11,11,2015
2015-11-12,149.5,17.0,4.5,5.0,12.5,12,11,2015
2015-11-13,149.5,17.0,4.5,5.0,12.5,13,11,2015
2015-11-14,149.5,17.0,4.5,5.0,12.5,14,11,2015
2015-11-15,149.5,17.0,4.5,5.0,12.5,15,11,2015
2015-11-16,149.5,17.0,4.5,5.0,12.5,16,11,2015
2015-11-17,149.5,17.0,4.5,5.0,12.5,17,11,2015
2015-11-18,149.5,17.0,4.5,5.0,12.5,18,11,2015
2015-11-19,149.5,17.0,4.5,5.0,12.5,19,11,2015
2015-11-20,149.5,17.0,4.5,5.0,12.5,20,11,2015
2015-11-21,149.5,17.0,4.5,5.0,12.5,21,11,2015
2015-11-22,149.5,17.0,4.5,5.0,12.5,22,11,2015
2015-11-23,149.5,17.0,4.5,5.0,12.5,23,11,2015
2015-11-24,149.5,17.0,4.5,5.0,12.5,24,11,2015
2015-11-25,149.5,17.0,4.5,5.0,12.5,25,11,2015
2015-11-26,149.5,17.0,4.5,5.0,12.5,26,11,2015
2015-11-27,149.5,17.0,4.5,5.0,12.5,27,11,2015
2015-11-28,149.5,17.0,4.5,5.0,12.5,28,11,2015
2015-11-29,149.5,17.0,4.5,5.0,12.5,29,11,2015
2015-11-30,149.5,17.0,4.5,5.0,12.5,30,11,2015
2015-12-01,169.5,12.0,15.0,5.0,5.0,1,12,2015
2015-12-02,169.5,12.0,15.0,5.0,5.0,2,12,2015
2015-12-03,169.5,12.0,15.0,5.0,5.0,3,12,2015
2015-12-04,169.5,12.0,15.0,5.0,5.0,4,12,2015
2015-12-05,169.5,12.0,15.0,5.0,5.0,5,12,2015
2015-12-06,169.5,12.0,15.0,5.0,5.0,6,12,2015
2015-12-07,169.5,12.0,15.0,5.0,5.0,7,12,2015
2015-12-08,169.5,12.0,15.0,5.0,5.0,8,12,2015
2015-12-09,169.5,12.0,15.0,5.0,5.0,9,12,2015
2015-12-10,169.5,12.0,15.0,5.0,5.0,10,12,2015
2015-12-11,169.5,12.0,15.0,5.0,5.0,11,12,2015
2015-12-12,169.5,12.0,15.0,5.0,5.0,12,12,2015
2015-12-13,169.5,12.0,15.0,5.0,5.0,13,12,2015
2015-12-14,169.5,12.0,15.0,5.0,5.0,14,12,2015
2015-12-15,169.5,12.0,15.0,5.0,5.0,15,12,2015
2015-12-16,169.5,12.0,15.0,5.0,5.0,16,12,2015
2015-12-17,169.5,12.0,15.0,5.0,5.0,17,12,2015
2015-12-18,169.5,12.0,15.0,5.0,5.0,18,12,2015
2015-12-19,169.5,12.0,15.0,5.0,5.0,19,12,2015
2015-12-20,169.5,12.0,15.0,5.0,5.0,20,12,2015
2015-12-21,169.5,12.0,15.0,5.0,5.0,21,12,2015
2015-12-22,169.5,12.0,15.0,5.0,5.0,22,12,2015
2015-12-23,169.5,12.0,15.0,5.0,5.0,23,12,2015
2015-12-24,169.5,12.0,15.0,5.0,5.0,24,12,2015
2015-12-25,169.5,12.0,15.0,5.0,5.0,25,12,2015
2015-12-26,169.5,12.0,15.0,5.0,5.0,26,12,2015
2015-12-27,169.5,12.0,15.0,5.0,5.0,27,12,2015
2015-12-28,169.5,12.0,15.0,5.0,5.0,28,12,2015
2015-12-29,169.5,12.0,7.0,5.0,5.0,29,12,2015
2015-12-30,142.0,2.0,15.0,5.0,6.0,30,12,2015
2015-12-31,197.0,23.0,17.0,5.0,5.0,31,12,2015
2016-01-01,152.0,21.0,9.0,1.0,6.0,1,1,2016
2016-01-02,155.0,21.0,9.0,1.0,6.0,2,1,2016
2016-01-03,155.0,18.0,12.0,1.0,5.0,3,1,2016
2016-01-04,116.0,17.0,20.0,1.0,6.0,4,1,2016
2016-01-05,144.0,21.0,23.0,1.0,5.0,5,1,2016
2016-01-06,163.0,9.0,13.0,1.0,4.0,6,1,2016
2016-01-07,108.0,71.0,25.0,2.0,5.0,7,1,2016
2016-01-08,155.0,41.0,22.0,1.0,5.0,8,1,2016
2016-01-09,141.0,17.0,21.0,1.0,4.0,9,1,2016
2016-01-10,149.0,113.0,20.0,1.0,4.0,10,1,2016
2016-01-11,147.0,20.0,24.0,1.0,5.0,11,1,2016
2016-01-12,161.0,19.0,24.0,1.0,4.0,12,1,2016
2016-01-13,146.0,55.0,25.0,1.0,6.0,13,1,2016
2016-01-14,210.0,23.0,11.0,2.0,6.0,14,1,2016
2016-01-15,131.0,49.0,11.0,1.0,7.0,15,1,2016
2016-01-16,159.0,36.0,9.0,1.0,7.0,16,1,2016
2016-01-17,154.0,29.0,10.0,1.0,7.0,17,1,2016
2016-01-18,163.0,360.0,9.0,1.0,8.0,18,1,2016
2016-01-19,141.0,14.0,9.0,1.0,7.0,19,1,2016
2016-01-20,171.0,23.0,8.0,1.0,6.0,20,1,2016
2016-01-21,168.0,18.0,8.0,1.0,6.0,21,1,2016
2016-01-22,176.0,22.0,8.0,1.0,5.0,22,1,2016
2016-01-23,164.0,40.0,5.0,1.0,5.0,23,1,2016
2016-01-24,160.0,16.0,6.0,1.0,8.0,24,1,2016
2016-01-25,153.0,15.0,6.0,1.0,7.0,25,1,2016
2016-01-26,155.0,18.0,6.0,1.0,7.0,26,1,2016
2016-01-27,149.0,16.0,8.0,1.0,7.0,27,1,2016
2016-01-28,157.0,12.0,7.0,1.0,6.0,28,1,2016
2016-01-29,152.0,9.0,8.0,1.0,8.0,29,1,2016
2016-01-30,165.0,24.0,6.0,1.0,7.0,30,1,2016
2016-01-31,272.0,64.0,8.0,1.0,7.0,31,1,2016
2016-02-01,213.0,16.0,7.0,1.0,9.0,1,2,2016
2016-02-02,103.0,15.0,7.0,1.0,8.0,2,2,2016
2016-02-03,170.0,14.0,8.0,1.0,7.0,3,2,2016
2016-02-04,211.0,15.0,7.0,1.0,5.0,4,2,2016
2016-02-05,277.0,8.0,7.0,1.0,9.0,5,2,2016
2016-02-06,172.0,10.0,7.0,1.0,8.0,6,2,2016
2016-02-07,182.0,10.0,6.0,1.0,7.0,7,2,2016
2016-02-08,208.0,15.0,7.0,1.0,12.0,8,2,2016
2016-02-09,246.0,18.0,7.0,1.0,10.0,9,2,2016
2016-02-10,200.0,23.0,6.0,1.0,124.0,10,2,2016
2016-02-11,197.0,70.0,10.0,1.0,2.0,11,2,2016
2016-02-12,150.0,16.0,7.0,1.0,3.0,12,2,2016
2016-02-13,150.0,15.0,6.0,1.0,6.0,13,2,2016
2016-02-14,150.0,13.0,6.0,1.0,9.0,14,2,2016
2016-02-15,117.0,235.0,6.0,1.0,8.0,15,2,2016
2016-02-16,165.0,27.0,7.0,1.0,3.0,16,2,2016
2016-02-17,155.0,19.0,6.0,1.0,4.0,17,2,2016
2016-02-18,137.0,57.0,7.0,1.0,4.0,18,2,2016
2016-02-19,145.0,48.0,6.0,1.0,3.0,19,2,2016
2016-02-20,128.0,222.0,3.0,1.0,3.0,20,2,2016
2016-02-21,110.0,66.0,2.0,1.0,4.0,21,2,2016
2016-02-22,106.0,36.0,7.0,1.0,5.0,22,2,2016
2016-02-23,133.0,42.0,4.0,1.0,7.0,23,2,2016
2016-02-24,110.0,43.0,3.0,1.0,7.0,24,2,2016
2016-02-25,117.0,23.0,3.0,1.0,7.0,25,2,2016
2016-02-26,118.0,7.0,6.0,1.0,8.0,26,2,2016
2016-02-27,127.0,8.0,4.0,1.0,7.0,27,2,2016
2016-02-28,93.0,17.0,3.0,1.0,6.0,28,2,2016
2016-02-29,176.0,23.0,6.0,1.0,8.0,29,2,2016
2016-03-01,181.0,27.0,6.0,1.0,9.0,1,3,2016
2016-03-02,185.0,14.0,4.0,1.0,5.0,2,3,2016
2016-03-03,71.0,113.0,6.0,1.0,8.0,3,3,2016
2016-03-04,100.0,33.0,5.0,1.0,9.0,4,3,2016
2016-03-05,92.0,36.0,4.0,1.0,8.0,5,3,2016
2016-03-06,75.0,32.0,7.0,1.0,10.0,6,3,2016
2016-03-07,95.0,32.0,4.0,2.0,9.0,7,3,2016
2016-03-08,69.0,30.0,7.0,4.0,14.0,8,3,2016
2016-03-09,124.0,13.0,4.0,1.0,8.0,9,3,2016
2016-03-10,214.0,8.0,2.0,1.0,7.0,10,3,2016
2016-03-11,85.0,13.0,3.0,1.0,6.0,11,3,2016
2016-03-12,121.0,16.0,1.0,1.0,4.0,12,3,2016
2016-03-13,77.0,15.0,2.0,1.0,5.0,13,3,2016
2016-03-14,143.0,15.0,2.0,1.0,6.0,14,3,2016
2016-03-15,165.0,17.0,2.0,1.0,6.0,15,3,2016
2016-03-16,183.0,13.0,2.0,1.0,5.0,16,3,2016
2016-03-17,195.0,12.0,3.0,1.0,6.0,17,3,2016
2016-03-18,218.0,10.0,3.0,1.0,6.0,18,3,2016
2016-03-19,209.0,14.0,3.0,1.0,5.0,19,3,2016
2016-03-20,183.0,13.0,3.0,1.0,8.0,20,3,2016
2016-03-21,262.0,53.0,3.0,1.0,8.0,21,3,2016
2016-03-22,116.0,14.0,3.0,1.0,6.0,22,3,2016
2016-03-23,128.0,13.0,3.0,1.0,7.0,23,3,2016
2016-03-24,145.0,14.0,3.0,1.0,7.0,24,3,2016
2016-03-25,121.0,14.0,3.0,1.0,7.0,25,3,2016
2016-03-26,121.0,22.0,1.0,1.0,12.0,26,3,2016
2016-03-27,86.0,20.0,3.0,1.0,7.0,27,3,2016
2016-03-28,106.0,13.0,3.0,1.0,8.0,28,3,2016
2016-03-29,115.0,10.0,3.0,1.0,5.0,29,3,2016
2016-03-30,110.0,12.0,2.0,1.0,4.0,30,3,2016
2016-03-31,115.0,10.0,2.0,1.0,5.0,31,3,2016
2016-04-01,157.0,10.0,1.0,1.0,2.0,1,4,2016
2016-04-02,159.0,12.0,1.0,1.0,3.0,2,4,2016
2016-04-03,157.0,13.0,1.0,1.0,4.0,3,4,2016
2016-04-04,159.0,17.0,2.0,1.0,5.0,4,4,2016
2016-04-05,157.0,16.0,3.0,1.0,3.0,5,4,2016
2016-04-06,165.0,135.0,2.0,1.0,4.0,6,4,2016
2016-04-07,158.0,3.0,3.0,1.0,5.0,7,4,2016
2016-04-08,151.0,17.0,4.0,1.0,4.0,8,4,2016
2016-04-09,141.0,22.0,2.0,1.0,4.0,9,4,2016
2016-04-10,150.0,25.0,3.0,1.0,5.0,10,4,2016
2016-04-11,156.0,17.0,5.0,1.0,5.0,11,4,2016
2016-04-12,125.0,23.0,6.0,1.0,6.0,12,4,2016
2016-04-13,134.0,33.0,4.0,1.0,4.0,13,4,2016
2016-04-14,101.0,23.0,3.0,1.0,5.0,14,4,2016
2016-04-15,117.0,15.0,4.0,1.0,5.0,15,4,2016
2016-04-16,145.0,11.0,5.0,1.0,3.0,16,4,2016
2016-04-17,104.0,13.0,5.0,1.0,5.0,17,4,2016
2016-04-18,131.0,14.0,5.0,1.0,5.0,18,4,2016
2016-04-19,155.0,16.0,6.0,1.0,5.0,19,4,2016
2016-04-20,141.0,21.0,4.0,1.0,4.0,20,4,2016
2016-04-21,139.0,29.0,5.0,1.0,5.0,21,4,2016
2016-04-22,96.0,31.0,4.0,1.0,4.0,22,4,2016
2016-04-23,102.0,32.0,3.0,1.0,4.0,23,4,2016
2016-04-24,149.0,22.0,4.0,1.0,4.0,24,4,2016
2016-04-25,145.0,14.0,5.0,1.0,7.0,25,4,2016
2016-04-26,113.0,20.0,5.0,1.0,4.0,26,4,2016
2016-04-27,130.0,13.0,6.0,1.0,4.0,27,4,2016
2016-04-28,97.0,16.0,6.0,1.0,6.0,28,4,2016
2016-04-29,87.0,18.0,6.0,1.0,4.0,29,4,2016
2016-04-30,112.0,31.0,6.0,1.0,5.0,30,4,2016
2016-05-01,112.0,29.0,5.0,1.0,5.0,1,5,2016
2016-05-02,118.0,21.0,6.0,1.0,4.0,2,5,2016
2016-05-03,105.0,16.0,6.0,1.0,6.0,3,5,2016
2016-05-04,107.0,15.0,7.0,1.0,5.0,4,5,2016
2016-05-05,106.0,25.0,6.0,1.0,5.0,5,5,2016
2016-05-06,115.0,29.0,6.0,1.0,6.0,6,5,2016
2016-05-07,96.0,19.0,6.0,1.0,6.0,7,5,2016
2016-05-08,98.0,11.0,5.0,1.0,6.0,8,5,2016
2016-05-09,111.0,14.0,5.0,1.0,5.0,9,5,2016
2016-05-10,139.0,22.0,6.0,1.0,6.0,10,5,2016
2016-05-11,120.0,24.0,6.0,1.0,5.0,11,5,2016
2016-05-12,126.0,26.0,6.0,1.0,6.0,12,5,2016
2016-05-13,167.0,22.0,6.0,1.0,4.0,13,5,2016
2016-05-14,162.0,24.0,5.0,1.0,3.0,14,5,2016
2016-05-15,157.0,31.0,7.0,1.0,4.0,15,5,2016
2016-05-16,160.0,24.0,11.0,1.0,5.0,16,5,2016
2016-05-17,139.0,16.0,10.0,1.0,7.0,17,5,2016
2016-05-18,123.0,24.0,11.0,1.0,7.0,18,5,2016
2016-05-19,137.0,25.0,11.0,1.0,6.0,19,5,2016
2016-05-20,113.0,28.0,9.0,1.0,6.0,20,5,2016
2016-05-21,135.0,35.0,7.0,1.0,5.0,21,5,2016
2016-05-22,145.0,35.0,8.0,1.0,5.0,22,5,2016
2016-05-23,142.0,37.0,7.0,1.0,5.0,23,5,2016
2016-05-24,124.0,29.0,9.0,1.0,7.0,24,5,2016
2016-05-25,124.0,28.0,8.0,1.0,6.0,25,5,2016
2016-05-26,138.0,35.0,6.0,1.0,5.0,26,5,2016
2016-05-27,151.0,45.0,7.0,1.0,6.0,27,5,2016
2016-05-28,148.0,50.0,6.0,1.0,4.0,28,5,2016
2016-05-29,111.0,39.0,4.0,1.0,6.0,29,5,2016
2016-05-30,123.0,49.0,4.0,1.0,5.0,30,5,2016
2016-05-31,148.0,40.0,4.0,2.0,7.0,31,5,2016
2016-06-01,145.0,22.0,5.0,2.0,7.0,1,6,2016
2016-06-02,151.0,20.0,6.0,1.0,6.0,2,6,2016
2016-06-03,127.0,20.0,6.0,1.0,6.0,3,6,2016
2016-06-04,127.0,20.0,6.0,1.0,6.0,4,6,2016
2016-06-05,127.0,20.0,6.0,1.0,6.0,5,6,2016
2016-06-06,127.0,20.0,6.0,1.0,6.0,6,6,2016
2016-06-07,127.0,20.0,6.0,1.0,6.0,7,6,2016
2016-06-08,127.0,20.0,6.0,1.0,6.0,8,6,2016
2016-06-09,127.0,20.0,6.0,1.0,6.0,9,6,2016
2016-06-10,127.0,20.0,6.0,1.0,6.0,10,6,2016
2016-06-11,127.0,20.0,6.0,1.0,6.0,11,6,2016
2016-06-12,127.0,20.0,6.0,1.0,6.0,12,6,2016
2016-06-13,127.0,10.0,6.0,1.0,8.0,13,6,2016
2016-06-14,127.0,20.0,7.0,1.0,6.0,14,6,2016
2016-06-15,125.0,15.0,6.0,1.0,6.0,15,6,2016
2016-06-16,104.0,25.0,5.0,1.0,7.0,16,6,2016
2016-06-17,137.0,23.0,5.0,1.0,6.0,17,6,2016
2016-06-18,139.0,39.0,4.0,1.0,5.0,18,6,2016
2016-06-19,131.0,32.0,3.0,1.0,4.0,19,6,2016
2016-06-20,127.0,32.0,5.0,1.0,5.0,20,6,2016
2016-06-21,126.0,23.0,6.0,1.0,8.0,21,6,2016
2016-06-22,121.0,15.0,6.0,1.0,6.0,22,6,2016
2016-06-23,117.0,8.0,6.0,1.0,4.0,23,6,2016
2016-06-24,127.0,20.0,6.0,1.0,6.0,24,6,2016
2016-06-25,127.0,20.0,6.0,1.0,6.0,25,6,2016
2016-06-26,127.0,21.0,5.0,1.0,7.0,26,6,2016
2016-06-27,112.0,17.0,6.0,1.0,8.0,27,6,2016
2016-06-28,152.0,9.0,7.0,1.0,5.0,28,6,2016
2016-06-29,101.0,7.0,5.0,1.0,4.0,29,6,2016
2016-06-30,314.0,10.0,7.0,1.0,7.0,30,6,2016
2016-07-01,87.0,19.0,6.0,1.0,7.0,1,7,2016
2016-07-02,91.0,21.0,4.0,1.0,5.0,2,7,2016
2016-07-03,89.0,99.0,6.0,1.0,6.0,3,7,2016
2016-07-04,105.0,55.0,7.0,1.0,7.0,4,7,2016
2016-07-05,137.0,19.0,5.0,1.0,3.0,5,7,2016
2016-07-06,118.0,2.0,6.0,1.0,9.0,6,7,2016
2016-07-07,142.0,11.0,7.0,1.0,10.0,7,7,2016
2016-07-08,190.0,12.0,6.0,1.0,4.0,8,7,2016
2016-07-09,92.0,12.0,6.0,1.0,6.0,9,7,2016
2016-07-10,131.0,6.0,5.0,1.0,3.0,10,7,2016
2016-07-11,102.0,16.0,7.0,1.0,6.0,11,7,2016
2016-07-12,87.0,22.0,6.0,1.0,7.0,12,7,2016
2016-07-13,91.0,12.0,4.0,1.0,5.0,13,7,2016
2016-07-14,163.0,23.0,5.0,1.0,5.0,14,7,2016
2016-07-15,93.0,27.0,5.0,1.0,4.0,15,7,2016
2016-07-16,122.0,30.0,4.0,1.0,3.0,16,7,2016
2016-07-17,111.0,20.0,5.0,1.0,5.0,17,7,2016
2016-07-18,109.0,13.0,4.0,1.0,3.0,18,7,2016
2016-07-19,136.0,7.0,5.0,1.0,9.0,19,7,2016
2016-07-20,133.0,2.0,6.0,2.0,15.0,20,7,2016
2016-07-21,86.0,4.0,6.0,1.0,10.0,21,7,2016
2016-07-22,48.0,9.0,5.0,1.0,7.0,22,7,2016
2016-07-23,104.0,12.0,5.0,1.0,6.0,23,7,2016
2016-07-24,108.0,12.0,5.0,1.0,6.0,24,7,2016
2016-07-25,108.0,12.0,5.0,1.0,6.0,25,7,2016
2016-07-26,108.0,11.0,1.0,1.0,6.0,26,7,2016
2016-07-27,130.0,28.0,3.0,1.0,4.0,27,7,2016
2016-07-28,107.0,9.0,4.0,1.0,7.0,28,7,2016
2016-07-29,106.0,8.0,5.0,1.0,7.0,29,7,2016
2016-07-30,112.0,12.0,3.0,1.0,5.0,30,7,2016
2016-07-31,129.0,7.0,10.0,1.0,11.0,31,7,2016
2016-08-01,121.0,12.0,7.0,2.0,8.0,1,8,2016
2016-08-02,119.0,9.0,6.0,1.0,7.0,2,8,2016
2016-08-03,126.0,12.0,6.0,1.0,6.0,3,8,2016
2016-08-04,122.0,11.0,7.0,2.0,8.0,4,8,2016
2016-08-05,131.0,8.0,8.0,4.0,9.0,5,8,2016
2016-08-06,95.0,17.0,4.0,1.0,7.0,6,8,2016
2016-08-07,122.0,15.0,4.0,1.0,6.0,7,8,2016
2016-08-08,135.0,15.0,4.0,1.0,6.0,8,8,2016
2016-08-09,153.0,13.0,3.0,1.0,5.0,9,8,2016
2016-08-10,117.0,18.0,4.0,1.0,5.0,10,8,2016
2016-08-11,121.0,17.0,4.0,1.0,6.0,11,8,2016
2016-08-12,115.0,17.0,4.0,1.0,6.0,12,8,2016
2016-08-13,99.0,10.0,3.0,1.0,6.0,13,8,2016
2016-08-14,106.0,8.0,4.0,1.0,9.0,14,8,2016
2016-08-15,120.0,11.0,4.0,1.0,6.0,15,8,2016
2016-08-16,125.0,12.0,4.0,1.0,6.0,16,8,2016
2016-08-17,119.0,25.0,4.0,1.0,6.0,17,8,2016
2016-08-18,147.0,33.0,3.0,1.0,5.0,18,8,2016
2016-08-19,132.0,20.0,2.0,1.0,5.0,19,8,2016
2016-08-20,131.0,12.5,4.0,1.0,6.0,20,8,2016
2016-08-21,121.5,25.0,3.0,1.0,5.0,21,8,2016
2016-08-22,132.0,25.0,4.0,1.0,5.0,22,8,2016
2016-08-23,137.0,34.0,4.0,1.0,6.0,23,8,2016
2016-08-24,132.0,7.0,3.0,1.0,8.0,24,8,2016
2016-08-25,93.0,7.0,3.0,1.0,9.0,25,8,2016
2016-08-26,126.0,3.0,3.0,1.0,7.0,26,8,2016
2016-08-27,99.0,12.0,3.0,1.0,6.0,27,8,2016
2016-08-28,107.0,7.0,3.0,1.0,6.0,28,8,2016
2016-08-29,116.0,13.0,3.0,1.0,7.0,29,8,2016
2016-08-30,134.0,12.0,4.0,1.0,8.0,30,8,2016
2016-08-31,100.0,25.0,3.0,1.0,7.0,31,8,2016
2016-09-01,114.0,19.0,4.0,1.0,8.0,1,9,2016
2016-09-02,144.0,12.0,4.0,1.0,9.0,2,9,2016
2016-09-03,124.0,17.0,7.0,1.0,8.0,3,9,2016
2016-09-04,124.0,8.0,10.0,1.0,7.0,4,9,2016
2016-09-05,71.0,17.0,9.0,1.0,7.0,5,9,2016
2016-09-06,156.0,20.0,8.0,1.0,6.0,6,9,2016
2016-09-07,133.0,21.0,8.0,1.0,6.0,7,9,2016
2016-09-08,135.0,45.0,8.0,1.0,8.0,8,9,2016
2016-09-09,134.0,12.0,8.0,1.0,8.0,9,9,2016
2016-09-10,144.0,16.0,8.0,1.0,5.0,10,9,2016
2016-09-11,120.0,3.0,7.0,1.0,8.0,11,9,2016
2016-09-12,120.0,8.0,7.0,1.0,6.0,12,9,2016
2016-09-13,138.0,12.0,8.0,1.0,6.0,13,9,2016
2016-09-14,98.0,12.0,9.0,1.0,6.0,14,9,2016
2016-09-15,95.0,14.0,8.0,1.0,5.0,15,9,2016
2016-09-16,101.0,6.0,8.0,1.0,5.0,16,9,2016
2016-09-17,113.0,12.0,8.0,1.0,6.0,17,9,2016
2016-09-18,117.0,19.0,8.0,1.0,4.0,18,9,2016
2016-09-19,98.0,9.0,9.0,1.0,7.0,19,9,2016
2016-09-20,91.0,6.0,8.0,1.0,6.0,20,9,2016
2016-09-21,108.0,17.0,3.0,1.0,7.0,21,9,2016
2016-09-22,95.0,16.0,8.0,1.0,6.0,22,9,2016
2016-09-23,86.0,16.0,8.0,1.0,9.0,23,9,2016
2016-09-24,57.0,21.0,8.0,3.0,6.0,24,9,2016
2016-09-25,78.0,29.0,7.0,1.0,6.0,25,9,2016
2016-09-26,90.0,24.0,8.0,1.0,6.0,26,9,2016
2016-09-27,87.0,22.0,8.0,1.0,7.0,27,9,2016
2016-09-28,122.0,17.0,8.0,1.0,8.0,28,9,2016
2016-09-29,112.0,26.0,8.0,1.0,7.0,29,9,2016
2016-09-30,95.0,65.0,8.0,1.0,6.0,30,9,2016
2016-10-01,102.0,32.5,12.0,5.0,7.0,1,10,2016
2016-10-02,146.5,7.0,8.0,5.0,11.0,2,10,2016
2016-10-03,102.0,13.0,8.0,5.0,6.0,3,10,2016
2016-10-04,89.0,29.0,12.0,5.0,6.0,4,10,2016
2016-10-05,85.0,25.0,12.0,1.0,8.0,5,10,2016
2016-10-06,125.0,16.0,12.0,5.0,8.0,6,10,2016
2016-10-07,132.0,24.0,12.0,5.0,8.0,7,10,2016
2016-10-08,105.0,33.0,12.0,5.0,4.0,8,10,2016
2016-10-09,99.0,22.0,12.0,5.0,4.0,9,10,2016
2016-10-10,112.0,14.0,12.0,5.0,4.0,10,10,2016
2016-10-11,90.0,33.0,12.0,5.0,4.0,11,10,2016
2016-10-12,109.0,41.0,12.0,5.0,6.0,12,10,2016
2016-10-13,162.0,32.0,12.0,8.0,8.0,13,10,2016
2016-10-14,149.0,42.0,12.0,8.0,5.0,14,10,2016
2016-10-15,139.0,44.0,12.0,5.0,5.0,15,10,2016
2016-10-16,144.0,50.0,12.0,1.0,7.0,16,10,2016
2016-10-17,154.0,60.0,12.0,1.0,6.0,17,10,2016
2016-10-18,158.0,66.0,12.0,13.0,7.0,18,10,2016
2016-10-19,151.0,6.0,13.0,1.0,6.0,19,10,2016
2016-10-20,154.0,56.0,12.0,6.0,13.0,20,10,2016
2016-10-21,160.0,67.0,12.0,5.0,9.0,21,10,2016
2016-10-22,166.0,60.0,12.0,9.0,3.0,22,10,2016
2016-10-23,149.0,61.0,12.0,9.0,9.0,23,10,2016
2016-10-24,162.0,53.0,12.0,9.0,9.0,24,10,2016
2016-10-25,163.0,1.0,12.0,7.0,15.0,25,10,2016
2016-10-26,182.0,79.0,5.0,2.0,8.0,26,10,2016
2016-10-27,166.0,46.0,8.0,6.0,6.0,27,10,2016
2016-10-28,193.0,30.0,5.0,3.0,8.0,28,10,2016
2016-10-29,182.0,15.0,5.0,2.0,7.0,29,10,2016
2016-10-30,143.0,7.0,6.0,1.0,5.0,30,10,2016
2016-10-31,127.0,2.0,9.0,2.0,7.0,31,10,2016
2016-11-01,125.0,3.0,7.0,1.0,7.0,1,11,2016
2016-11-02,121.0,6.0,11.0,2.0,7.0,2,11,2016
2016-11-03,100.0,9.0,6.0,1.0,6.0,3,11,2016
2016-11-04,138.0,45.0,6.0,1.0,5.0,4,11,2016
2016-11-05,157.0,37.0,4.0,2.0,7.0,5,11,2016
2016-11-06,129.0,29.0,6.0,2.0,5.0,6,11,2016
2016-11-07,157.0,35.0,7.0,3.0,4.0,7,11,2016
2016-11-08,165.0,42.0,6.0,4.0,4.0,8,11,2016
2016-11-09,165.0,47.0,6.0,3.0,4.0,9,11,2016
2016-11-10,158.0,43.0,5.0,1.0,10.0,10,11,2016
2016-11-11,161.0,32.0,6.0,4.0,3.0,11,11,2016
2016-11-12,165.0,15.0,5.0,2.0,2.0,12,11,2016
2016-11-13,118.0,4.0,9.0,2.0,4.0,13,11,2016
2016-11-14,83.0,4.0,9.0,2.0,2.0,14,11,2016
2016-11-15,99.0,23.0,11.0,2.0,3.0,15,11,2016
2016-11-16,137.0,42.0,11.0,2.0,3.0,16,11,2016
2016-11-17,156.0,32.0,13.0,2.0,4.0,17,11,2016
2016-11-18,150.0,39.0,13.0,2.0,5.0,18,11,2016
2016-11-19,158.0,35.0,13.0,2.0,3.0,19,11,2016
2016-11-20,141.0,28.0,13.0,2.0,5.0,20,11,2016
2016-11-21,147.0,34.0,13.0,1.0,4.0,21,11,2016
2016-11-22,164.0,46.0,13.0,2.0,4.0,22,11,2016
2016-11-23,167.0,42.0,15.0,5.0,2.0,23,11,2016
2016-11-24,170.0,41.0,14.0,4.0,7.0,24,11,2016
2016-11-25,171.0,37.0,14.0,1.0,4.0,25,11,2016
2016-11-26,157.0,42.0,16.0,2.0,5.0,26,11,2016
2016-11-27,176.0,37.0,14.0,1.0,6.0,27,11,2016
2016-11-28,170.0,28.0,14.0,1.0,4.0,28,11,2016
2016-11-29,169.0,36.0,13.0,1.0,3.0,29,11,2016
2016-11-30,170.0,27.0,12.0,1.0,5.0,30,11,2016
2016-12-01,159.0,13.0,11.0,1.0,3.0,1,12,2016
2016-12-02,118.0,6.0,13.0,1.0,7.0,2,12,2016
2016-12-03,85.0,3.0,12.0,1.0,5.0,3,12,2016
2016-12-04,120.0,28.0,11.0,1.0,5.0,4,12,2016
2016-12-05,122.0,31.0,10.0,1.0,4.0,5,12,2016
2016-12-06,135.0,10.0,11.0,1.0,5.0,6,12,2016
2016-12-07,127.0,19.0,14.0,1.0,5.0,7,12,2016
2016-12-08,146.0,34.0,16.0,1.0,6.0,8,12,2016
2016-12-09,162.0,51.0,14.0,4.0,5.0,9,12,2016
2016-12-10,167.0,42.0,10.0,3.0,5.0,10,12,2016
2016-12-11,162.0,23.0,2.0,1.0,7.0,11,12,2016
2016-12-12,131.0,23.0,11.0,1.0,5.0,12,12,2016
2016-12-13,140.0,23.0,11.0,1.0,5.0,13,12,2016
2016-12-14,140.0,23.0,11.0,1.0,5.0,14,12,2016
2016-12-15,140.0,23.0,11.0,1.0,5.0,15,12,2016
2016-12-16,140.0,23.0,11.0,1.0,5.0,16,12,2016
2016-12-17,140.0,23.0,11.0,1.0,5.0,17,12,2016
2016-12-18,140.0,23.0,11.0,1.0,5.0,18,12,2016
2016-12-19,140.0,23.0,11.0,1.0,5.0,19,12,2016
2016-12-20,140.0,23.0,11.0,1.0,5.0,20,12,2016
2016-12-21,140.0,23.0,11.0,1.0,5.0,21,12,2016
2016-12-22,140.0,23.0,11.0,1.0,5.0,22,12,2016
2016-12-23,140.0,23.0,11.0,1.0,5.0,23,12,2016
2016-12-24,140.0,23.0,11.0,1.0,5.0,24,12,2016
2016-12-25,140.0,23.0,11.0,1.0,5.0,25,12,2016
2016-12-26,140.0,23.0,11.0,1.0,5.0,26,12,2016
2016-12-27,140.0,23.0,11.0,1.0,5.0,27,12,2016
2016-12-28,140.0,23.0,11.0,1.0,5.0,28,12,2016
2016-12-29,140.0,23.0,9.0,1.0,6.0,29,12,2016
2016-12-30,145.0,20.0,10.0,4.0,10.0,30,12,2016
2016-12-31,162.0,23.0,13.0,1.0,8.0,31,12,2016
2017-01-01,103.0,13.0,6.0,3.0,9.0,1,1,2017
2017-01-02,116.0,16.0,7.0,4.0,8.0,2,1,2017
2017-01-03,115.0,18.0,7.0,5.0,8.0,3,1,2017
2017-01-04,112.0,24.0,7.0,5.0,8.0,4,1,2017
2017-01-05,157.0,28.0,7.0,2.0,7.0,5,1,2017
2017-01-06,164.0,39.0,6.0,1.0,7.0,6,1,2017
2017-01-07,140.0,45.0,6.0,1.0,7.0,7,1,2017
2017-01-08,122.0,39.0,7.0,3.0,7.0,8,1,2017
2017-01-09,116.0,28.0,7.0,1.0,7.0,9,1,2017
2017-01-10,243.0,40.0,6.0,4.0,8.0,10,1,2017
2017-01-11,132.0,29.0,6.0,1.0,7.0,11,1,2017
2017-01-12,188.0,24.0,7.0,1.0,7.0,12,1,2017
2017-01-13,146.0,34.0,6.0,1.0,8.0,13,1,2017
2017-01-14,143.0,30.0,4.0,2.0,8.0,14,1,2017
2017-01-15,133.0,37.0,5.0,1.0,7.0,15,1,2017
2017-01-16,150.0,41.0,7.0,2.0,7.0,16,1,2017
2017-01-17,163.0,28.0,7.0,2.0,8.0,17,1,2017
2017-01-18,129.0,26.0,6.0,1.0,7.0,18,1,2017
2017-01-19,124.0,20.0,6.0,2.0,3.0,19,1,2017
2017-01-20,153.0,26.0,6.0,1.0,2.0,20,1,2017
2017-01-21,106.0,36.0,6.0,2.0,2.0,21,1,2017
2017-01-22,130.0,34.0,7.0,7.0,2.0,22,1,2017
2017-01-23,146.0,37.0,7.0,2.0,6.0,23,1,2017
2017-01-24,135.0,39.0,5.0,1.0,4.0,24,1,2017
2017-01-25,148.0,27.0,5.0,1.0,4.0,25,1,2017
2017-01-26,122.0,10.0,4.0,1.5,3.0,26,1,2017
2017-01-27,104.0,7.0,3.0,1.0,3.0,27,1,2017
2017-01-28,70.0,7.0,5.0,1.0,3.0,28,1,2017
2017-01-29,102.0,12.0,5.0,1.0,4.0,29,1,2017
2017-01-30,106.0,26.0,4.0,1.0,8.0,30,1,2017
2017-01-31,179.0,26.0,7.0,2.0,8.0,31,1,2017
2017-02-01,115.0,23.0,7.0,1.0,8.0,1,2,2017
2017-02-02,127.0,26.0,7.0,1.0,8.0,2,2,2017
2017-02-03,123.0,33.0,7.0,2.0,8.0,3,2,2017
2017-02-04,147.0,33.0,6.0,2.0,8.0,4,2,2017
2017-02-05,161.0,38.0,7.0,2.0,8.0,5,2,2017
2017-02-06,158.0,46.0,9.0,3.0,8.0,6,2,2017
2017-02-07,165.0,39.0,9.0,1.0,7.0,7,2,2017
2017-02-08,162.0,41.0,8.0,2.0,7.0,8,2,2017
2017-02-09,168.0,32.0,8.0,2.0,7.0,9,2,2017
2017-02-10,167.0,25.0,7.0,2.0,7.0,10,2,2017
2017-02-11,163.0,30.0,5.0,1.0,7.0,11,2,2017
2017-02-12,135.0,18.0,6.0,1.0,8.0,12,2,2017
2017-02-13,124.0,26.0,5.0,1.0,9.0,13,2,2017
2017-02-14,121.0,29.0,6.0,1.0,9.0,14,2,2017
2017-02-15,142.0,39.0,6.0,1.0,8.0,15,2,2017
2017-02-16,151.0,41.0,6.0,1.0,7.0,16,2,2017
2017-02-17,160.0,32.0,8.0,1.0,7.0,17,2,2017
2017-02-18,152.0,32.0,7.0,2.0,7.0,18,2,2017
2017-02-19,153.0,33.0,6.0,1.0,7.0,19,2,2017
2017-02-20,133.0,26.0,5.0,1.0,7.0,20,2,2017
2017-02-21,136.0,20.0,5.0,2.0,7.0,21,2,2017
2017-02-22,134.0,15.0,5.0,2.0,8.0,22,2,2017
2017-02-23,110.0,11.0,6.0,2.0,7.0,23,2,2017
2017-02-24,117.0,14.0,5.0,2.0,7.0,24,2,2017
2017-02-25,102.0,14.0,4.0,2.0,7.0,25,2,2017
2017-02-26,112.0,15.0,2.0,2.0,7.0,26,2,2017
2017-02-27,142.0,23.0,4.0,3.0,8.0,27,2,2017
2017-02-28,149.0,27.0,8.0,3.0,10.0,28,2,2017
2017-03-01,164.0,27.0,8.0,3.0,8.0,1,3,2017
2017-03-02,159.0,32.0,8.0,3.0,8.0,2,3,2017
2017-03-03,150.0,7.0,7.0,1.0,6.0,3,3,2017
2017-03-04,110.0,8.0,6.0,1.0,5.0,4,3,2017
2017-03-05,95.0,8.0,7.0,1.0,6.0,5,3,2017
2017-03-06,97.0,5.0,6.0,1.0,5.0,6,3,2017
2017-03-07,100.0,4.0,4.0,1.0,5.0,7,3,2017
2017-03-08,130.0,3.0,3.0,1.0,5.0,8,3,2017
2017-03-09,91.0,10.0,3.0,1.0,5.0,9,3,2017
2017-03-10,179.0,27.0,4.0,1.0,5.0,10,3,2017
2017-03-11,147.0,16.0,4.0,1.0,5.0,11,3,2017
2017-03-12,98.0,13.0,4.0,1.0,5.0,12,3,2017
2017-03-13,75.0,12.0,3.0,1.0,5.0,13,3,2017
2017-03-14,78.0,7.0,4.0,1.0,5.0,14,3,2017
2017-03-15,101.0,8.0,4.0,1.0,6.0,15,3,2017
2017-03-16,191.0,15.0,5.0,1.0,6.0,16,3,2017
2017-03-17,97.0,26.0,4.0,3.0,8.0,17,3,2017
2017-03-18,88.0,25.0,4.0,2.0,6.0,18,3,2017
2017-03-19,162.0,23.0,4.0,2.0,6.0,19,3,2017
2017-03-20,88.0,21.0,4.0,1.0,6.0,20,3,2017
2017-03-21,80.0,20.0,3.0,1.0,6.0,21,3,2017
2017-03-22,99.0,26.0,4.0,1.0,6.0,22,3,2017
2017-03-23,105.0,33.0,5.0,1.0,7.0,23,3,2017
2017-03-24,119.0,27.0,5.0,1.0,6.0,24,3,2017
2017-03-25,153.0,25.0,5.0,1.0,6.0,25,3,2017
2017-03-26,139.0,22.0,5.0,1.0,6.0,26,3,2017
2017-03-27,127.0,13.0,4.0,1.0,5.0,27,3,2017
2017-03-28,102.0,11.0,4.0,1.0,6.0,28,3,2017
2017-03-29,98.0,17.0,4.0,2.0,6.0,29,3,2017
2017-03-30,101.0,9.0,4.0,2.0,7.0,30,3,2017
2017-03-31,80.0,10.0,4.0,2.0,7.0,31,3,2017
2017-04-01,93.0,15.0,4.0,2.0,7.0,1,4,2017
2017-04-02,103.0,26.0,4.0,2.0,6.0,2,4,2017
2017-04-03,106.0,16.0,4.0,2.0,6.0,3,4,2017
2017-04-04,101.0,69.0,4.0,1.0,6.0,4,4,2017
2017-04-05,111.0,12.0,4.0,2.0,6.0,5,4,2017
2017-04-06,110.0,21.0,4.0,1.0,6.0,6,4,2017
2017-04-07,108.0,18.0,4.0,1.0,6.0,7,4,2017
2017-04-08,122.0,19.0,4.0,1.0,6.0,8,4,2017
2017-04-09,104.0,31.0,4.0,1.0,6.0,9,4,2017
2017-04-10,120.0,37.0,4.0,1.0,6.0,10,4,2017
2017-04-11,136.0,6.0,3.0,1.0,6.0,11,4,2017
2017-04-12,89.0,15.0,3.0,1.0,7.0,12,4,2017
2017-04-13,124.0,15.0,3.0,1.0,7.0,13,4,2017
2017-04-14,118.0,17.0,3.0,2.0,8.0,14,4,2017
2017-04-15,136.0,29.0,4.0,1.0,7.0,15,4,2017
2017-04-16,136.0,46.0,4.0,2.0,8.0,16,4,2017
2017-04-17,138.0,27.0,4.0,2.0,7.0,17,4,2017
2017-04-18,153.0,19.0,4.0,2.0,6.0,18,4,2017
2017-04-19,153.0,17.0,4.0,2.0,6.0,19,4,2017
2017-04-20,140.0,37.0,4.0,2.0,7.0,20,4,2017
2017-04-21,153.0,46.0,4.0,4.0,7.0,21,4,2017
2017-04-22,149.0,41.0,4.0,3.0,6.0,22,4,2017
2017-04-23,151.0,26.0,6.0,3.0,7.0,23,4,2017
2017-04-24,140.0,20.0,4.0,3.0,7.0,24,4,2017
2017-04-25,120.0,21.0,4.0,3.0,7.0,25,4,2017
2017-04-26,125.0,19.0,4.0,3.0,7.0,26,4,2017
2017-04-27,124.0,29.0,4.0,3.0,7.0,27,4,2017
2017-04-28,132.0,11.0,5.0,4.0,6.0,28,4,2017
2017-04-29,134.0,33.0,4.0,2.0,6.0,29,4,2017
2017-04-30,119.0,25.0,4.0,3.0,6.0,30,4,2017
2017-05-01,113.0,17.0,4.0,2.0,6.0,1,5,2017
2017-05-02,99.0,13.0,4.0,3.0,6.0,2,5,2017
2017-05-03,102.0,12.0,4.0,3.0,7.0,3,5,2017
2017-05-04,112.0,13.0,4.0,3.0,6.0,4,5,2017
2017-05-05,110.0,14.0,4.0,3.0,6.0,5,5,2017
2017-05-06,107.0,14.0,4.0,3.0,5.0,6,5,2017
2017-05-07,105.0,24.0,4.0,2.0,6.0,7,5,2017
2017-05-08,110.0,28.0,4.0,3.0,6.0,8,5,2017
2017-05-09,95.0,46.0,6.0,3.0,8.0,9,5,2017
2017-05-10,130.0,13.0,5.0,3.0,9.0,10,5,2017
2017-05-11,89.0,14.0,4.0,2.0,7.0,11,5,2017
2017-05-12,110.0,19.0,4.0,4.0,7.0,12,5,2017
2017-05-13,102.0,42.0,8.0,5.0,7.0,13,5,2017
2017-05-14,127.0,66.0,4.0,3.0,8.0,14,5,2017
2017-05-15,141.0,74.0,5.0,3.0,8.0,15,5,2017
2017-05-16,140.0,54.0,5.0,3.0,8.0,16,5,2017
2017-05-17,153.0,59.0,6.0,3.0,9.0,17,5,2017
2017-05-18,183.0,57.0,7.0,3.0,9.0,18,5,2017
2017-05-19,176.0,60.0,7.0,3.0,8.0,19,5,2017
2017-05-20,138.0,54.0,5.0,2.0,8.0,20,5,2017
2017-05-21,156.0,38.0,6.0,3.0,8.0,21,5,2017
2017-05-22,121.0,58.0,7.0,3.0,8.0,22,5,2017
2017-05-23,150.0,22.0,8.0,3.0,8.0,23,5,2017
2017-05-24,147.0,41.0,9.0,4.0,7.0,24,5,2017
2017-05-25,155.0,50.0,8.0,4.0,8.0,25,5,2017
2017-05-26,150.0,43.0,6.0,5.0,7.0,26,5,2017
2017-05-27,140.0,47.0,7.0,4.0,7.0,27,5,2017
2017-05-28,124.0,22.0,7.0,3.0,8.0,28,5,2017
2017-05-29,133.0,27.0,6.0,3.0,7.0,29,5,2017
2017-05-30,121.0,28.0,6.0,3.0,8.0,30,5,2017
2017-05-31,116.0,37.0,6.0,2.0,7.0,31,5,2017
2017-06-01,120.0,31.0,6.0,2.0,6.0,1,6,2017
2017-06-02,125.0,31.0,6.0,3.0,6.0,2,6,2017
2017-06-03,99.0,47.0,2.0,2.0,3.0,3,6,2017
2017-06-04,107.0,22.0,4.0,2.0,4.0,4,6,2017
2017-06-05,109.0,23.0,4.0,2.0,4.0,5,6,2017
2017-06-06,112.0,15.0,4.0,3.0,6.0,6,6,2017
2017-06-07,92.0,9.0,4.0,2.0,5.0,7,6,2017
2017-06-08,113.0,14.0,4.0,2.0,6.0,8,6,2017
2017-06-09,110.0,14.0,4.0,2.0,7.0,9,6,2017
2017-06-10,118.0,11.0,4.0,2.0,5.0,10,6,2017
2017-06-11,91.0,32.0,5.0,2.0,4.0,11,6,2017
2017-06-12,101.0,19.0,4.0,2.0,4.0,12,6,2017
2017-06-13,101.0,24.0,4.0,4.0,4.0,13,6,2017
2017-06-14,109.0,24.0,4.0,1.0,4.0,14,6,2017
2017-06-15,120.0,21.0,4.0,4.0,5.0,15,6,2017
2017-06-16,127.0,23.0,4.0,1.0,5.0,16,6,2017
2017-06-17,119.0,28.0,4.0,1.0,4.0,17,6,2017
2017-06-18,109.0,19.0,3.0,2.0,5.0,18,6,2017
2017-06-19,124.0,19.0,4.0,1.0,6.0,19,6,2017
2017-06-20,103.0,27.0,3.0,1.0,4.0,20,6,2017
2017-06-21,132.0,19.0,7.0,1.0,5.0,21,6,2017
2017-06-22,118.0,20.0,9.0,1.0,5.0,22,6,2017
2017-06-23,120.0,19.0,6.0,1.0,6.0,23,6,2017
2017-06-24,117.0,15.0,6.0,6.0,5.0,24,6,2017
2017-06-25,110.0,19.0,7.0,1.0,5.0,25,6,2017
2017-06-26,119.0,21.0,7.0,1.0,5.0,26,6,2017
2017-06-27,123.0,14.0,4.0,2.0,6.0,27,6,2017
2017-06-28,108.0,5.0,2.0,2.0,6.0,28,6,2017
2017-06-29,135.0,14.0,5.0,1.0,8.0,29,6,2017
2017-06-30,173.0,18.0,6.0,1.0,6.0,30,6,2017
2017-07-01,139.0,25.0,6.0,1.0,5.0,1,7,2017
2017-07-02,143.0,17.0,6.0,1.0,6.0,2,7,2017
2017-07-03,132.0,3.0,6.0,2.0,7.0,3,7,2017
2017-07-04,116.0,13.0,6.0,2.0,7.0,4,7,2017
2017-07-05,131.0,12.0,9.0,1.0,7.0,5,7,2017
2017-07-06,131.0,24.0,8.0,6.0,6.0,6,7,2017
2017-07-07,132.0,6.0,3.0,2.0,8.0,7,7,2017
2017-07-08,133.0,17.0,5.0,1.0,5.0,8,7,2017
2017-07-09,136.0,22.0,6.0,1.0,6.0,9,7,2017
2017-07-10,112.0,14.0,6.0,1.0,6.0,10,7,2017
2017-07-11,130.0,9.0,6.0,1.0,7.0,11,7,2017
2017-07-12,83.0,13.0,6.0,1.0,7.0,12,7,2017
2017-07-13,131.0,10.0,6.0,2.0,6.0,13,7,2017
2017-07-14,124.0,14.0,6.0,2.0,8.0,14,7,2017
2017-07-15,140.0,10.0,6.0,2.0,7.0,15,7,2017
2017-07-16,122.0,10.0,5.0,2.0,7.0,16,7,2017
2017-07-17,116.0,13.0,5.0,2.0,8.0,17,7,2017
2017-07-18,107.0,16.0,5.0,2.0,6.0,18,7,2017
2017-07-19,131.0,13.0,6.0,2.0,7.0,19,7,2017
2017-07-20,131.0,13.0,6.0,2.0,7.0,20,7,2017
2017-07-21,131.0,13.0,6.0,2.0,7.0,21,7,2017
2017-07-22,131.0,13.0,6.0,2.0,7.0,22,7,2017
2017-07-23,131.0,13.0,6.0,2.0,7.0,23,7,2017
2017-07-24,131.0,13.0,6.0,2.0,7.0,24,7,2017
2017-07-25,131.0,13.0,6.0,2.0,7.0,25,7,2017
2017-07-26,131.0,13.0,6.0,2.0,7.0,26,7,2017
2017-07-27,131.0,13.0,6.0,2.0,7.0,27,7,2017
2017-07-28,131.0,13.0,6.0,2.0,7.0,28,7,2017
2017-07-29,131.0,13.0,6.0,2.0,7.0,29,7,2017
2017-07-30,131.0,13.0,6.0,2.0,7.0,30,7,2017
2017-07-31,131.0,13.0,6.0,2.0,7.0,31,7,2017
2017-08-01,125.0,21.0,5.0,2.0,7.0,1,8,2017
2017-08-02,125.0,21.0,5.0,2.0,7.0,2,8,2017
2017-08-03,125.0,21.0,5.0,2.0,7.0,3,8,2017
2017-08-04,125.0,21.0,5.0,2.0,7.0,4,8,2017
2017-08-05,125.0,21.0,5.0,2.0,7.0,5,8,2017
2017-08-06,125.0,21.0,5.0,2.0,7.0,6,8,2017
2017-08-07,125.0,21.0,5.0,2.0,7.0,7,8,2017
2017-08-08,125.0,21.0,5.0,2.0,7.0,8,8,2017
2017-08-09,125.0,21.0,5.0,2.0,7.0,9,8,2017
2017-08-10,125.0,21.0,5.0,2.0,7.0,10,8,2017
2017-08-11,125.0,21.0,5.0,2.0,7.0,11,8,2017
2017-08-12,125.0,21.0,5.0,2.0,7.0,12,8,2017
2017-08-13,125.0,21.0,5.0,2.0,7.0,13,8,2017
2017-08-14,125.0,21.0,5.0,2.0,7.0,14,8,2017
2017-08-15,125.0,21.0,5.0,2.0,7.0,15,8,2017
2017-08-16,125.0,21.0,5.0,2.0,7.0,16,8,2017
2017-08-17,125.0,21.0,5.0,2.0,7.0,17,8,2017
2017-08-18,125.0,21.0,5.0,2.0,7.0,18,8,2017
2017-08-19,125.0,21.0,5.0,2.0,7.0,19,8,2017
2017-08-20,125.0,21.0,5.0,2.0,7.0,20,8,2017
2017-08-21,125.0,21.0,5.0,2.0,7.0,21,8,2017
2017-08-22,125.0,21.0,5.0,2.0,7.0,22,8,2017
2017-08-23,125.0,21.0,5.0,2.0,7.0,23,8,2017
2017-08-24,125.0,21.0,5.0,2.0,7.0,24,8,2017
2017-08-25,125.0,21.0,5.0,2.0,7.0,25,8,2017
2017-08-26,125.0,21.0,5.0,2.0,7.0,26,8,2017
2017-08-27,125.0,21.0,5.0,2.0,7.0,27,8,2017
2017-08-28,125.0,21.0,5.0,2.0,7.0,28,8,2017
2017-08-29,125.0,21.0,5.0,2.0,7.0,29,8,2017
2017-08-30,125.0,21.0,5.0,2.0,7.0,30,8,2017
2017-08-31,125.0,21.0,5.0,2.0,7.0,31,8,2017
2017-09-01,125.0,21.0,5.0,2.0,7.0,1,9,2017
2017-09-02,125.0,21.0,5.0,2.0,7.0,2,9,2017
2017-09-03,125.0,21.0,5.0,2.0,7.0,3,9,2017
2017-09-04,125.0,21.0,5.0,2.0,7.0,4,9,2017
2017-09-05,125.0,21.0,5.0,2.0,7.0,5,9,2017
2017-09-06,125.0,21.0,5.0,2.0,7.0,6,9,2017
2017-09-07,125.0,21.0,5.0,2.0,7.0,7,9,2017
2017-09-08,125.0,21.0,5.0,2.0,7.0,8,9,2017
2017-09-09,125.0,21.0,5.0,2.0,7.0,9,9,2017
2017-09-10,125.0,21.0,5.0,2.0,7.0,10,9,2017
2017-09-11,125.0,21.0,5.0,2.0,7.0,11,9,2017
2017-09-12,125.0,21.0,5.0,2.0,7.0,12,9,2017
2017-09-13,125.0,21.0,5.0,2.0,7.0,13,9,2017
2017-09-14,125.0,21.0,5.0,2.0,7.0,14,9,2017
2017-09-15,125.0,21.0,5.0,2.0,7.0,15,9,2017
2017-09-16,125.0,21.0,5.0,2.0,7.0,16,9,2017
2017-09-17,125.0,21.0,5.0,2.0,7.0,17,9,2017
2017-09-18,125.0,21.0,5.0,2.0,7.0,18,9,2017
2017-09-19,125.0,21.0,5.0,2.0,7.0,19,9,2017
2017-09-20,125.0,21.0,5.0,2.0,7.0,20,9,2017
2017-09-21,125.0,21.0,5.0,2.0,7.0,21,9,2017
2017-09-22,125.0,21.0,5.0,2.0,7.0,22,9,2017
2017-09-23,125.0,21.0,5.0,2.0,7.0,23,9,2017
2017-09-24,125.0,21.0,5.0,2.0,7.0,24,9,2017
2017-09-25,125.0,21.0,5.0,2.0,7.0,25,9,2017
2017-09-26,125.0,21.0,5.0,2.0,7.0,26,9,2017
2017-09-27,125.0,21.0,5.0,2.0,7.0,27,9,2017
2017-09-28,125.0,21.0,5.0,2.0,7.0,28,9,2017
2017-09-29,125.0,21.0,5.0,2.0,7.0,29,9,2017
2017-09-30,125.0,21.0,5.0,2.0,7.0,30,9,2017
2017-10-01,125.0,21.0,5.0,2.0,7.0,1,10,2017
2017-10-02,125.0,21.0,5.0,2.0,7.0,2,10,2017
2017-10-03,125.0,21.0,5.0,2.0,7.0,3,10,2017
2017-10-04,125.0,21.0,5.0,2.0,7.0,4,10,2017
2017-10-05,125.0,21.0,5.0,2.0,7.0,5,10,2017
2017-10-06,125.0,21.0,5.0,2.0,7.0,6,10,2017
2017-10-07,125.0,21.0,5.0,2.0,7.0,7,10,2017
2017-10-08,125.0,21.0,5.0,2.0,7.0,8,10,2017
2017-10-09,125.0,21.0,5.0,2.0,7.0,9,10,2017
2017-10-10,125.0,21.0,5.0,2.0,7.0,10,10,2017
2017-10-11,125.0,21.0,5.0,2.0,7.0,11,10,2017
2017-10-12,125.0,21.0,5.0,2.0,7.0,12,10,2017
2017-10-13,125.0,21.0,5.0,2.0,7.0,13,10,2017
2017-10-14,125.0,21.0,5.0,2.0,7.0,14,10,2017
2017-10-15,125.0,21.0,5.0,2.0,7.0,15,10,2017
2017-10-16,125.0,21.0,5.0,2.0,7.0,16,10,2017
2017-10-17,125.0,21.0,5.0,2.0,7.0,17,10,2017
2017-10-18,125.0,21.0,5.0,2.0,7.0,18,10,2017
2017-10-19,125.0,21.0,5.0,2.0,7.0,19,10,2017
2017-10-20,125.0,21.0,5.0,2.0,7.0,20,10,2017
2017-10-21,125.0,21.0,5.0,2.0,7.0,21,10,2017
2017-10-22,125.0,21.0,5.0,2.0,7.0,22,10,2017
2017-10-23,125.0,21.0,5.0,2.0,7.0,23,10,2017
2017-10-24,125.0,21.0,5.0,2.0,7.0,24,10,2017
2017-10-25,125.0,21.0,5.0,2.0,7.0,25,10,2017
2017-10-26,125.0,21.0,5.0,2.0,7.0,26,10,2017
2017-10-27,125.0,21.0,5.0,2.0,7.0,27,10,2017
2017-10-28,125.0,21.0,5.0,2.0,7.0,28,10,2017
2017-10-29,125.0,21.0,5.0,2.0,7.0,29,10,2017
2017-10-30,125.0,21.0,5.0,2.0,7.0,30,10,2017
2017-10-31,125.0,21.0,5.0,2.0,7.0,31,10,2017
2017-11-01,125.0,21.0,5.0,2.0,7.0,1,11,2017
2017-11-02,125.0,21.0,5.0,2.0,7.0,2,11,2017
2017-11-03,125.0,21.0,5.0,2.0,7.0,3,11,2017
2017-11-04,125.0,21.0,5.0,2.0,7.0,4,11,2017
2017-11-05,125.0,21.0,5.0,2.0,7.0,5,11,2017
2017-11-06,125.0,21.0,5.0,2.0,7.0,6,11,2017
2017-11-07,125.0,21.0,5.0,2.0,7.0,7,11,2017
2017-11-08,125.0,21.0,5.0,2.0,7.0,8,11,2017
2017-11-09,125.0,21.0,5.0,2.0,7.0,9,11,2017
2017-11-10,125.0,21.0,5.0,2.0,7.0,10,11,2017
2017-11-11,125.0,21.0,5.0,2.0,7.0,11,11,2017
2017-11-12,125.0,21.0,5.0,2.0,7.0,12,11,2017
2017-11-13,125.0,21.0,5.0,2.0,7.0,13,11,2017
2017-11-14,125.0,21.0,5.0,2.0,7.0,14,11,2017
2017-11-15,125.0,21.0,5.0,2.0,7.0,15,11,2017
2017-11-16,125.0,21.0,5.0,2.0,7.0,16,11,2017
2017-11-17,125.0,21.0,5.0,2.0,7.0,17,11,2017
2017-11-18,125.0,21.0,5.0,2.0,7.0,18,11,2017
2017-11-19,125.0,21.0,5.0,2.0,7.0,19,11,2017
2017-11-20,125.0,21.0,5.0,2.0,7.0,20,11,2017
2017-11-21,125.0,21.0,5.0,2.0,7.0,21,11,2017
2017-11-22,125.0,21.0,5.0,2.0,7.0,22,11,2017
2017-11-23,125.0,21.0,5.0,2.0,7.0,23,11,2017
2017-11-24,125.0,21.0,5.0,2.0,7.0,24,11,2017
2017-11-25,125.0,21.0,5.0,2.0,7.0,25,11,2017
2017-11-26,125.0,21.0,5.0,2.0,7.0,26,11,2017
2017-11-27,125.0,21.0,5.0,2.0,7.0,27,11,2017
2017-11-28,125.0,21.0,5.0,2.0,7.0,28,11,2017
2017-11-29,125.0,21.0,5.0,2.0,7.0,29,11,2017
2017-11-30,125.0,21.0,5.0,2.0,7.0,30,11,2017
2017-12-01,125.0,21.0,5.0,2.0,7.0,1,12,2017
2017-12-02,125.0,21.0,5.0,2.0,7.0,2,12,2017
2017-12-03,125.0,21.0,5.0,2.0,7.0,3,12,2017
2017-12-04,125.0,21.0,5.0,2.0,7.0,4,12,2017
2017-12-05,125.0,21.0,5.0,2.0,7.0,5,12,2017
2017-12-06,125.0,21.0,5.0,2.0,7.0,6,12,2017
2017-12-07,125.0,21.0,5.0,2.0,7.0,7,12,2017
2017-12-08,125.0,21.0,5.0,2.0,7.0,8,12,2017
2017-12-09,125.0,21.0,5.0,2.0,7.0,9,12,2017
2017-12-10,125.0,21.0,5.0,2.0,7.0,10,12,2017
2017-12-11,125.0,21.0,5.0,2.0,7.0,11,12,2017
2017-12-12,125.0,21.0,5.0,2.0,7.0,12,12,2017
2017-12-13,125.0,21.0,5.0,2.0,7.0,13,12,2017
2017-12-14,125.0,21.0,5.0,2.0,7.0,14,12,2017
2017-12-15,125.0,21.0,5.0,2.0,7.0,15,12,2017
2017-12-16,125.0,21.0,5.0,2.0,7.0,16,12,2017
2017-12-17,125.0,21.0,5.0,2.0,7.0,17,12,2017
2017-12-18,125.0,21.0,5.0,2.0,7.0,18,12,2017
2017-12-19,125.0,21.0,5.0,2.0,7.0,19,12,2017
2017-12-20,125.0,21.0,5.0,2.0,7.0,20,12,2017
2017-12-21,125.0,21.0,5.0,2.0,7.0,21,12,2017
2017-12-22,125.0,21.0,5.0,2.0,7.0,22,12,2017
2017-12-23,125.0,21.0,5.0,2.0,7.0,23,12,2017
2017-12-24,125.0,21.0,5.0,2.0,7.0,24,12,2017
2017-12-25,125.0,21.0,5.0,2.0,7.0,25,12,2017
2017-12-26,125.0,21.0,5.0,2.0,7.0,26,12,2017
2017-12-27,125.0,21.0,5.0,2.0,7.0,27,12,2017
2017-12-28,125.0,21.0,5.0,2.0,7.0,28,12,2017
2017-12-29,125.0,21.0,5.0,2.0,7.0,29,12,2017
2017-12-30,125.0,21.0,5.0,2.0,7.0,30,12,2017
2017-12-31,125.0,21.0,5.0,2.0,7.0,31,12,2017
2018-01-01,126.0,23.0,7.0,9.0,9.0,1,1,2018
2018-01-02,135.0,33.0,7.0,13.0,13.0,2,1,2018
2018-01-03,126.0,50.0,8.0,7.0,8.0,3,1,2018
2018-01-04,163.0,19.0,8.0,9.0,8.0,4,1,2018
2018-01-05,165.0,49.0,8.0,10.0,6.0,5,1,2018
2018-01-06,164.0,51.0,9.0,9.0,6.0,6,1,2018
2018-01-07,150.0,52.0,10.0,9.0,14.0,7,1,2018
2018-01-08,189.0,30.0,9.0,24.0,9.0,8,1,2018
2018-01-09,137.0,13.0,10.0,11.0,15.0,9,1,2018
2018-01-10,149.0,31.0,9.0,9.0,10.0,10,1,2018
2018-01-11,178.0,50.0,9.0,5.0,12.0,11,1,2018
2018-01-12,170.0,19.0,8.0,7.0,14.0,12,1,2018
2018-01-13,203.0,36.0,7.0,3.0,10.0,13,1,2018
2018-01-14,161.0,44.0,7.0,6.0,11.0,14,1,2018
2018-01-15,160.0,41.0,7.0,4.0,10.0,15,1,2018
2018-01-16,164.0,29.0,7.0,4.0,10.0,16,1,2018
2018-01-17,166.0,42.0,11.0,6.0,9.0,17,1,2018
2018-01-18,159.0,55.0,9.0,10.0,7.0,18,1,2018
2018-01-19,170.0,54.0,10.0,14.0,7.0,19,1,2018
2018-01-20,175.0,56.0,9.0,18.0,5.0,20,1,2018
2018-01-21,196.0,39.0,10.0,12.0,7.0,21,1,2018
2018-01-22,176.0,41.0,8.0,6.0,5.0,22,1,2018
2018-01-23,153.0,33.0,8.0,14.0,6.0,23,1,2018
2018-01-24,155.0,47.0,8.0,7.0,9.0,24,1,2018
2018-01-25,170.0,55.0,7.0,3.0,11.0,25,1,2018
2018-01-26,156.0,40.0,7.0,3.0,12.0,26,1,2018
2018-01-27,165.0,50.0,8.0,3.0,10.0,27,1,2018
2018-01-28,159.0,54.0,9.0,5.0,11.0,28,1,2018
2018-01-29,164.0,50.0,11.0,11.0,11.0,29,1,2018
2018-01-30,157.0,66.0,13.0,14.0,9.0,30,1,2018
2018-01-31,155.0,47.0,12.0,13.0,10.0,31,1,2018
2018-02-01,160.0,61.0,5.0,7.0,12.0,1,2,2018
2018-02-02,178.0,36.0,8.0,3.0,8.0,2,2,2018
2018-02-03,99.0,37.0,9.0,2.0,11.0,3,2,2018
2018-02-04,91.0,36.0,8.0,4.0,10.0,4,2,2018
2018-02-05,104.0,24.0,8.0,6.0,11.0,5,2,2018
2018-02-06,111.0,15.0,6.0,3.0,10.0,6,2,2018
2018-02-07,90.0,22.0,12.0,3.0,11.0,7,2,2018
2018-02-08,105.0,18.0,6.0,3.0,11.0,8,2,2018
2018-02-09,104.0,36.0,8.0,3.0,11.0,9,2,2018
2018-02-10,128.0,21.0,8.0,3.0,9.0,10,2,2018
2018-02-11,139.0,26.0,4.0,2.0,9.0,11,2,2018
2018-02-12,124.0,31.0,8.0,5.0,12.0,12,2,2018
2018-02-13,151.0,36.0,10.0,6.0,12.0,13,2,2018
2018-02-14,130.0,33.0,9.0,10.0,12.0,14,2,2018
2018-02-15,144.0,42.0,5.0,5.0,9.0,15,2,2018
2018-02-16,134.0,54.0,5.0,2.0,15.0,16,2,2018
2018-02-17,140.0,55.0,4.0,3.0,9.0,17,2,2018
2018-02-18,146.0,37.0,5.0,5.0,8.0,18,2,2018
2018-02-19,136.0,42.0,5.0,5.0,9.0,19,2,2018
2018-02-20,137.0,34.0,5.0,6.0,9.0,20,2,2018
2018-02-21,151.0,35.0,5.0,6.0,9.0,21,2,2018
2018-02-22,124.0,31.0,5.0,4.0,8.0,22,2,2018
2018-02-23,119.0,23.0,4.0,5.0,9.0,23,2,2018
2018-02-24,107.0,23.0,4.0,11.0,8.0,24,2,2018
2018-02-25,77.0,17.0,5.0,14.0,12.0,25,2,2018
2018-02-26,130.0,34.0,5.0,5.0,10.0,26,2,2018
2018-02-27,128.0,5.0,4.0,3.0,12.0,27,2,2018
2018-02-28,109.0,64.0,5.0,5.0,9.0,28,2,2018
2018-03-01,115.0,49.0,5.0,5.0,8.0,1,3,2018
2018-03-02,130.0,52.0,5.0,6.0,9.0,2,3,2018
2018-03-03,131.0,37.0,5.0,5.0,10.0,3,3,2018
2018-03-04,126.0,26.0,4.0,2.0,10.0,4,3,2018
2018-03-05,114.0,30.0,5.0,4.0,8.0,5,3,2018
2018-03-06,116.0,32.0,4.0,2.0,13.0,6,3,2018
2018-03-07,145.0,31.0,6.0,5.0,11.0,7,3,2018
2018-03-08,151.0,32.0,5.0,2.0,9.0,8,3,2018
2018-03-09,128.0,28.0,4.0,3.0,10.0,9,3,2018
2018-03-10,153.0,29.0,5.0,2.0,11.0,10,3,2018
2018-03-11,135.0,14.0,4.0,2.0,12.0,11,3,2018
2018-03-12,94.0,15.0,4.0,2.0,13.0,12,3,2018
2018-03-13,78.0,3.0,3.0,3.0,13.0,13,3,2018
2018-03-14,65.0,8.0,4.0,2.0,9.0,14,3,2018
2018-03-15,32.0,10.0,3.0,1.0,10.0,15,3,2018
2018-03-16,60.0,16.0,3.0,3.0,13.0,16,3,2018
2018-03-17,98.0,19.0,3.0,4.0,9.0,17,3,2018
2018-03-18,137.0,20.0,3.0,3.0,11.0,18,3,2018
2018-03-19,125.0,17.0,4.0,4.0,10.0,19,3,2018
2018-03-20,138.0,13.0,3.0,1.0,15.0,20,3,2018
2018-03-21,141.0,23.0,4.0,2.0,17.0,21,3,2018
2018-03-22,107.0,28.0,3.0,2.0,9.0,22,3,2018
2018-03-23,129.0,33.0,3.0,3.0,11.0,23,3,2018
2018-03-24,119.0,21.0,3.0,2.0,14.0,24,3,2018
2018-03-25,109.0,19.0,3.0,2.0,13.0,25,3,2018
2018-03-26,114.0,11.0,3.0,3.0,12.0,26,3,2018
2018-03-27,93.0,12.0,3.0,3.0,13.0,27,3,2018
2018-03-28,73.0,5.0,3.0,3.0,14.0,28,3,2018
2018-03-29,75.0,23.0,3.0,2.0,11.0,29,3,2018
2018-03-30,66.0,15.0,3.0,3.0,11.0,30,3,2018
2018-03-31,71.0,20.5,3.5,3.0,11.0,31,3,2018
2018-04-01,84.0,18.0,7.0,2.0,15.0,1,4,2018
2018-04-02,84.0,12.5,8.0,2.5,15.0,2,4,2018
2018-04-03,84.0,17.0,3.0,2.0,15.0,3,4,2018
2018-04-04,1.0,12.5,8.0,2.5,15.0,4,4,2018
2018-04-05,84.0,12.5,8.0,2.5,15.0,5,4,2018
2018-04-06,84.0,12.5,8.0,2.5,15.0,6,4,2018
2018-04-07,84.0,12.5,8.0,2.5,15.0,7,4,2018
2018-04-08,84.0,12.5,8.0,2.5,15.0,8,4,2018
2018-04-09,84.0,11.0,5.0,5.0,8.0,9,4,2018
2018-04-10,106.0,12.5,8.0,2.5,15.0,10,4,2018
2018-04-11,84.0,12.5,8.0,2.5,15.0,11,4,2018
2018-04-12,84.0,12.0,17.0,3.0,15.0,12,4,2018
2018-04-13,243.0,12.5,8.0,2.5,15.0,13,4,2018
2018-04-14,84.0,12.5,8.0,2.5,15.0,14,4,2018
2018-04-15,84.0,8.0,16.0,10.0,15.0,15,4,2018
2018-04-16,115.0,9.0,21.0,2.0,15.0,16,4,2018
2018-04-17,73.0,18.0,23.0,1.0,86.0,17,4,2018
2018-04-18,84.0,12.5,8.0,2.5,15.0,18,4,2018
2018-04-19,84.0,12.5,8.0,2.5,15.0,19,4,2018
2018-04-20,84.0,15.0,32.0,2.5,15.0,20,4,2018
2018-04-21,84.0,12.0,7.0,3.0,15.0,21,4,2018
2018-04-22,84.0,12.5,8.0,2.5,15.0,22,4,2018
2018-04-23,84.0,12.5,8.0,2.5,15.0,23,4,2018
2018-04-24,84.0,12.5,8.0,2.5,15.0,24,4,2018
2018-04-25,84.0,13.0,5.0,2.5,15.0,25,4,2018
2018-04-26,85.0,12.5,8.0,2.5,15.0,26,4,2018
2018-04-27,84.0,8.0,8.0,3.0,15.0,27,4,2018
2018-04-28,33.0,12.5,8.0,2.5,15.0,28,4,2018
2018-04-29,84.0,32.0,8.0,1.0,15.0,29,4,2018
2018-04-30,62.0,12.5,8.0,2.5,15.0,30,4,2018
2018-05-01,80.0,20.0,10.0,3.0,11.0,1,5,2018
2018-05-02,77.0,15.0,5.5,3.0,11.0,2,5,2018
2018-05-03,80.0,15.0,5.5,3.0,11.0,3,5,2018
2018-05-04,80.0,4.0,10.0,3.0,11.0,4,5,2018
2018-05-05,23.0,15.0,5.5,3.0,11.0,5,5,2018
2018-05-06,80.0,31.0,9.0,3.0,11.0,6,5,2018
2018-05-07,108.0,15.0,5.5,3.0,11.0,7,5,2018
2018-05-08,80.0,23.0,1.0,4.0,11.0,8,5,2018
2018-05-09,94.0,15.0,5.5,3.0,11.0,9,5,2018
2018-05-10,80.0,15.0,5.5,3.0,11.0,10,5,2018
2018-05-11,80.0,15.0,5.5,3.0,11.0,11,5,2018
2018-05-12,80.0,15.0,5.5,3.0,11.0,12,5,2018
2018-05-13,80.0,15.0,5.5,3.0,11.0,13,5,2018
2018-05-14,80.0,15.0,5.5,3.0,11.0,14,5,2018
2018-05-15,80.0,10.0,5.0,3.0,11.0,15,5,2018
2018-05-16,34.0,15.0,5.5,3.0,11.0,16,5,2018
2018-05-17,80.0,15.0,5.5,3.0,11.0,17,5,2018
2018-05-18,80.0,15.0,5.5,3.0,11.0,18,5,2018
2018-05-19,80.0,15.0,5.5,3.0,11.0,19,5,2018
2018-05-20,80.0,15.0,5.5,3.0,11.0,20,5,2018
2018-05-21,80.0,15.0,5.5,3.0,11.0,21,5,2018
2018-05-22,80.0,15.0,5.5,3.0,11.0,22,5,2018
2018-05-23,80.0,9.0,5.0,2.0,11.0,23,5,2018
2018-05-24,103.0,13.0,5.0,1.0,11.0,24,5,2018
2018-05-25,35.0,15.0,5.5,3.0,11.0,25,5,2018
2018-05-26,80.0,15.0,5.5,3.0,11.0,26,5,2018
2018-05-27,80.0,15.0,5.5,3.0,11.0,27,5,2018
2018-05-28,80.0,17.0,6.0,2.0,11.0,28,5,2018
2018-05-29,83.0,15.0,5.5,3.0,11.0,29,5,2018
2018-05-30,80.0,15.0,5.5,3.0,11.0,30,5,2018
2018-05-31,80.0,15.0,5.5,3.0,11.0,31,5,2018
2018-06-01,112.0,13.0,8.0,4.0,11.0,1,6,2018
2018-06-02,112.0,13.0,8.0,4.0,11.0,2,6,2018
2018-06-03,112.0,13.0,8.0,4.0,11.0,3,6,2018
2018-06-04,112.0,13.0,8.0,4.0,11.0,4,6,2018
2018-06-05,112.0,13.0,12.0,4.0,11.0,5,6,2018
2018-06-06,834.0,10.0,8.0,3.0,11.0,6,6,2018
2018-06-07,112.0,13.0,8.0,4.0,11.0,7,6,2018
2018-06-08,112.0,13.0,8.0,4.0,11.0,8,6,2018
2018-06-09,112.0,13.0,8.0,4.0,11.0,9,6,2018
2018-06-10,112.0,13.0,8.0,4.0,11.0,10,6,2018
2018-06-11,112.0,13.0,8.0,4.0,11.0,11,6,2018
2018-06-12,112.0,20.0,9.0,4.0,11.0,12,6,2018
2018-06-13,69.0,13.0,8.0,4.0,11.0,13,6,2018
2018-06-14,112.0,24.0,8.0,4.0,11.0,14,6,2018
2018-06-15,490.0,13.0,8.0,4.0,11.0,15,6,2018
2018-06-16,112.0,13.0,8.0,4.0,11.0,16,6,2018
2018-06-17,112.0,13.0,8.0,4.0,11.0,17,6,2018
2018-06-18,112.0,13.0,8.0,4.0,11.0,18,6,2018
2018-06-19,112.0,13.0,8.0,4.0,11.0,19,6,2018
2018-06-20,112.0,13.0,8.0,4.0,11.0,20,6,2018
2018-06-21,112.0,13.0,8.0,4.0,11.0,21,6,2018
2018-06-22,112.0,13.0,8.0,4.0,11.0,22,6,2018
2018-06-23,112.0,13.0,8.0,4.0,11.0,23,6,2018
2018-06-24,112.0,5.0,7.0,6.0,11.0,24,6,2018
2018-06-25,69.0,13.0,8.0,4.0,11.0,25,6,2018
2018-06-26,112.0,13.0,8.0,4.0,11.0,26,6,2018
2018-06-27,112.0,13.0,8.0,4.0,11.0,27,6,2018
2018-06-28,112.0,13.0,8.0,4.0,11.0,28,6,2018
2018-06-29,112.0,13.0,8.0,4.0,11.0,29,6,2018
2018-06-30,112.0,13.0,8.0,4.0,11.0,30,6,2018
2018-07-01,128.0,30.0,7.0,4.0,11.0,1,7,2018
2018-07-02,112.0,16.0,9.5,4.0,11.0,2,7,2018
2018-07-03,128.0,16.0,9.5,4.0,11.0,3,7,2018
2018-07-04,128.0,16.0,9.5,4.0,11.0,4,7,2018
2018-07-05,128.0,16.0,9.5,4.0,11.0,5,7,2018
2018-07-06,128.0,5.0,11.0,4.0,11.0,6,7,2018
2018-07-07,159.0,16.0,9.5,4.0,11.0,7,7,2018
2018-07-08,128.0,16.0,9.5,4.0,11.0,8,7,2018
2018-07-09,128.0,16.0,9.5,4.0,11.0,9,7,2018
2018-07-10,128.0,16.0,9.5,4.0,11.0,10,7,2018
2018-07-11,128.0,402.0,6.0,4.0,11.0,11,7,2018
2018-07-12,128.0,16.0,9.5,4.0,11.0,12,7,2018
2018-07-13,128.0,16.0,9.5,4.0,11.0,13,7,2018
2018-07-14,128.0,6.0,11.0,1.0,11.0,14,7,2018
2018-07-15,65.0,16.0,9.5,4.0,11.0,15,7,2018
2018-07-16,128.0,16.0,9.5,4.0,11.0,16,7,2018
2018-07-17,128.0,16.0,9.5,4.0,11.0,17,7,2018
2018-07-18,128.0,16.0,9.5,4.0,11.0,18,7,2018
2018-07-19,128.0,16.0,9.5,4.0,11.0,19,7,2018
2018-07-20,128.0,5.0,14.0,4.0,11.0,20,7,2018
2018-07-21,128.0,16.0,9.5,4.0,11.0,21,7,2018
2018-07-22,128.0,16.0,9.5,4.0,11.0,22,7,2018
2018-07-23,128.0,16.0,9.5,4.0,11.0,23,7,2018
2018-07-24,128.0,16.0,9.5,4.0,11.0,24,7,2018
2018-07-25,128.0,16.0,9.5,4.0,11.0,25,7,2018
2018-07-26,128.0,16.0,9.5,4.0,11.0,26,7,2018
2018-07-27,128.0,26.0,8.0,4.0,11.0,27,7,2018
2018-07-28,156.0,16.0,9.5,4.0,11.0,28,7,2018
2018-07-29,128.0,16.0,9.5,4.0,11.0,29,7,2018
2018-07-30,128.0,16.0,9.5,4.0,11.0,30,7,2018
2018-07-31,128.0,16.0,9.5,4.0,11.0,31,7,2018
2018-08-01,116.0,5.0,15.0,5.0,11.0,1,8,2018
2018-08-02,94.0,26.0,11.0,6.0,11.0,2,8,2018
2018-08-03,166.0,16.0,9.0,4.0,11.0,3,8,2018
2018-08-04,116.0,16.0,9.0,4.0,11.0,4,8,2018
2018-08-05,116.0,16.0,9.0,4.0,11.0,5,8,2018
2018-08-06,116.0,16.0,9.0,4.0,11.0,6,8,2018
2018-08-07,116.0,16.0,9.0,4.0,11.0,7,8,2018
2018-08-08,116.0,16.0,9.0,4.0,11.0,8,8,2018
2018-08-09,116.0,9.0,9.0,5.0,11.0,9,8,2018
2018-08-10,159.0,16.0,9.0,4.0,11.0,10,8,2018
2018-08-11,116.0,16.0,9.0,4.0,11.0,11,8,2018
2018-08-12,116.0,16.0,9.0,4.0,11.0,12,8,2018
2018-08-13,116.0,16.0,9.0,4.0,11.0,13,8,2018
2018-08-14,116.0,16.0,9.0,4.0,11.0,14,8,2018
2018-08-15,116.0,16.0,9.0,4.0,11.0,15,8,2018
2018-08-16,116.0,16.0,9.0,4.0,11.0,16,8,2018
2018-08-17,116.0,16.0,9.0,4.0,11.0,17,8,2018
2018-08-18,116.0,16.0,9.0,4.0,11.0,18,8,2018
2018-08-19,116.0,11.0,12.0,3.0,11.0,19,8,2018
2018-08-20,124.0,16.0,9.0,4.0,11.0,20,8,2018
2018-08-21,116.0,27.0,6.0,2.0,11.0,21,8,2018
2018-08-22,186.0,16.0,9.0,4.0,11.0,22,8,2018
2018-08-23,116.0,16.0,9.0,4.0,11.0,23,8,2018
2018-08-24,116.0,16.0,9.0,4.0,11.0,24,8,2018
2018-08-25,116.0,16.0,9.0,4.0,11.0,25,8,2018
2018-08-26,116.0,13.0,9.0,5.0,11.0,26,8,2018
2018-08-27,108.0,18.0,8.0,4.0,11.0,27,8,2018
2018-08-28,84.0,19.0,8.0,4.0,11.0,28,8,2018
2018-08-29,96.0,21.0,8.0,4.0,11.0,29,8,2018
2018-08-30,180.0,15.0,8.0,5.0,11.0,30,8,2018
2018-08-31,99.0,16.0,9.0,4.0,11.0,31,8,2018
2018-09-01,113.0,17.0,13.0,6.0,11.0,1,9,2018
2018-09-02,97.0,10.0,7.0,7.0,11.0,2,9,2018
2018-09-03,99.0,9.0,7.0,5.0,11.0,3,9,2018
2018-09-04,97.5,9.0,7.0,5.0,11.0,4,9,2018
2018-09-05,97.5,22.0,10.0,5.0,11.0,5,9,2018
2018-09-06,142.0,20.0,7.0,4.0,11.0,6,9,2018
2018-09-07,133.0,17.0,7.0,6.0,11.0,7,9,2018
2018-09-08,159.0,23.0,6.0,6.0,11.0,8,9,2018
2018-09-09,116.0,20.0,9.0,4.0,11.0,9,9,2018
2018-09-10,92.0,17.0,7.0,4.0,11.0,10,9,2018
2018-09-11,114.0,9.0,7.0,5.0,11.0,11,9,2018
2018-09-12,97.5,9.0,7.0,5.0,11.0,12,9,2018
2018-09-13,97.5,9.0,7.0,5.0,11.0,13,9,2018
2018-09-14,97.5,18.0,8.0,4.0,11.0,14,9,2018
2018-09-15,81.0,17.0,8.0,6.0,11.0,15,9,2018
2018-09-16,78.0,20.0,10.0,10.0,11.0,16,9,2018
2018-09-17,77.0,6.0,10.0,15.0,11.0,17,9,2018
2018-09-18,77.0,6.0,10.0,5.0,11.0,18,9,2018
2018-09-19,49.0,6.0,11.0,7.0,11.0,19,9,2018
2018-09-20,106.0,6.0,11.0,5.0,11.0,20,9,2018
2018-09-21,98.0,6.0,9.0,3.0,11.0,21,9,2018
2018-09-22,81.0,6.0,7.0,4.0,11.0,22,9,2018
2018-09-23,56.0,19.0,7.0,4.0,11.0,23,9,2018
2018-09-24,65.0,8.0,9.0,5.0,11.0,24,9,2018
2018-09-25,87.0,8.0,7.0,4.0,11.0,25,9,2018
2018-09-26,133.0,7.0,7.0,4.0,11.0,26,9,2018
2018-09-27,65.0,6.0,7.0,5.0,11.0,27,9,2018
2018-09-28,97.5,6.0,7.0,4.0,11.0,28,9,2018
2018-09-29,233.0,6.0,7.0,6.0,11.0,29,9,2018
2018-09-30,118.0,9.0,6.0,5.0,11.0,30,9,2018
2018-10-01,98.0,6.0,7.0,5.0,87.0,1,10,2018
2018-10-02,40.0,6.0,8.0,7.0,87.0,2,10,2018
2018-10-03,34.0,6.0,11.0,23.0,87.0,3,10,2018
2018-10-04,74.0,5.0,11.0,37.0,87.0,4,10,2018
2018-10-05,80.0,12.0,12.0,8.0,87.0,5,10,2018
2018-10-06,143.0,12.0,12.0,8.0,87.0,6,10,2018
2018-10-07,143.0,12.0,12.0,8.0,87.0,7,10,2018
2018-10-08,143.0,12.0,12.0,8.0,87.0,8,10,2018
2018-10-09,143.0,12.0,12.0,8.0,87.0,9,10,2018
2018-10-10,143.0,12.0,12.0,8.0,87.0,10,10,2018
2018-10-11,143.0,12.0,12.0,8.0,87.0,11,10,2018
2018-10-12,143.0,12.0,12.0,8.0,87.0,12,10,2018
2018-10-13,143.0,12.0,12.0,8.0,87.0,13,10,2018
2018-10-14,143.0,12.0,12.0,8.0,87.0,14,10,2018
2018-10-15,143.0,12.0,12.0,8.0,87.0,15,10,2018
2018-10-16,143.0,12.0,12.0,8.0,87.0,16,10,2018
2018-10-17,143.0,12.0,12.0,8.0,87.0,17,10,2018
2018-10-18,143.0,12.0,12.0,8.0,87.0,18,10,2018
2018-10-19,143.0,12.0,12.0,8.0,87.0,19,10,2018
2018-10-20,143.0,12.0,12.0,8.0,87.0,20,10,2018
2018-10-21,143.0,10.0,16.0,13.0,87.0,21,10,2018
2018-10-22,149.0,18.0,15.0,12.0,87.0,22,10,2018
2018-10-23,162.0,12.0,14.0,9.0,87.0,23,10,2018
2018-10-24,161.0,8.0,14.0,4.0,87.0,24,10,2018
2018-10-25,143.0,20.0,15.0,5.0,87.0,25,10,2018
2018-10-26,163.0,29.0,16.0,8.0,87.0,26,10,2018
2018-10-27,152.0,41.0,14.0,11.0,87.0,27,10,2018
2018-10-28,157.0,41.0,11.0,3.0,87.0,28,10,2018
2018-10-29,189.0,14.0,11.0,6.0,87.0,29,10,2018
2018-10-30,90.0,8.0,12.0,5.0,87.0,30,10,2018
2018-10-31,94.0,12.0,12.0,8.0,87.0,31,10,2018
2018-11-01,78.0,21.0,11.0,5.0,6.5,1,11,2018
2018-11-02,78.0,17.0,9.0,8.0,6.5,2,11,2018
2018-11-03,106.0,18.0,8.0,10.0,6.5,3,11,2018
2018-11-04,257.0,15.0,8.0,7.0,6.5,4,11,2018
2018-11-05,115.0,12.0,9.0,5.0,6.5,5,11,2018
2018-11-06,114.0,15.0,11.0,5.0,6.5,6,11,2018
2018-11-07,128.0,12.0,20.0,6.0,6.5,7,11,2018
2018-11-08,114.0,17.0,12.0,5.0,6.5,8,11,2018
2018-11-09,141.0,16.0,13.0,10.0,6.5,9,11,2018
2018-11-10,155.0,24.0,13.0,9.0,6.5,10,11,2018
2018-11-11,157.0,31.0,14.0,11.0,6.5,11,11,2018
2018-11-12,156.0,39.0,16.0,8.0,205.0,12,11,2018
2018-11-13,171.0,25.0,15.0,8.0,6.5,13,11,2018
2018-11-14,156.0,12.0,11.0,7.0,6.5,14,11,2018
2018-11-15,125.0,9.0,8.0,4.0,6.5,15,11,2018
2018-11-16,83.0,10.0,11.0,4.0,6.5,16,11,2018
2018-11-17,100.0,8.0,10.0,3.0,6.5,17,11,2018
2018-11-18,114.0,12.0,8.0,3.0,6.5,18,11,2018
2018-11-19,87.0,14.0,9.0,4.0,6.5,19,11,2018
2018-11-20,118.0,8.0,7.0,3.0,6.5,20,11,2018
2018-11-21,48.0,7.0,11.0,4.0,6.5,21,11,2018
2018-11-22,60.0,20.0,12.0,4.0,6.5,22,11,2018
2018-11-23,127.0,27.0,18.0,4.0,6.5,23,11,2018
2018-11-24,163.0,30.0,14.0,4.0,6.5,24,11,2018
2018-11-25,221.0,42.0,19.0,5.0,6.5,25,11,2018
2018-11-26,152.0,38.0,17.0,5.0,6.5,26,11,2018
2018-11-27,162.0,29.0,15.0,4.0,6.5,27,11,2018
2018-11-28,155.0,22.0,11.0,3.0,5.0,28,11,2018
2018-11-29,116.0,17.0,13.0,4.0,7.0,29,11,2018
2018-11-30,126.0,23.0,14.0,8.0,6.0,30,11,2018
2018-12-01,130.0,27.0,10.0,3.0,5.0,1,12,2018
2018-12-02,48.0,16.0,11.0,3.0,11.0,2,12,2018
2018-12-03,97.0,8.0,11.0,4.0,7.0,3,12,2018
2018-12-04,71.0,5.0,12.0,3.0,4.0,4,12,2018
2018-12-05,128.0,7.0,9.0,5.0,12.0,5,12,2018
2018-12-06,100.0,24.0,10.0,5.0,9.0,6,12,2018
2018-12-07,150.0,27.0,11.0,5.0,9.0,7,12,2018
2018-12-08,171.0,30.0,11.0,6.0,7.0,8,12,2018
2018-12-09,170.0,23.0,13.0,7.0,15.0,9,12,2018
2018-12-10,179.0,15.0,16.0,6.0,10.0,10,12,2018
2018-12-11,177.0,15.0,11.0,5.0,8.0,11,12,2018
2018-12-12,138.0,15.0,11.0,5.0,8.0,12,12,2018
2018-12-13,138.0,15.0,11.0,5.0,8.0,13,12,2018
2018-12-14,138.0,17.0,11.0,6.0,4.0,14,12,2018
2018-12-15,169.0,8.0,9.0,5.0,2.0,15,12,2018
2018-12-16,116.0,14.0,13.0,6.0,11.0,16,12,2018
2018-12-17,135.0,13.0,15.0,9.0,8.0,17,12,2018
2018-12-18,157.0,11.0,10.0,10.0,6.0,18,12,2018
2018-12-19,89.0,10.0,10.0,5.0,7.0,19,12,2018
2018-12-20,127.0,8.0,11.0,5.0,9.0,20,12,2018
2018-12-21,108.0,10.0,11.0,4.0,5.0,21,12,2018
2018-12-22,118.0,7.0,11.0,5.0,8.0,22,12,2018
2018-12-23,138.0,12.0,12.0,5.0,11.0,23,12,2018
2018-12-24,144.0,17.0,13.0,5.0,10.0,24,12,2018
2018-12-25,164.0,25.0,11.0,5.0,6.0,25,12,2018
2018-12-26,209.0,27.0,12.0,5.0,7.0,26,12,2018
2018-12-27,359.0,14.0,11.0,6.0,9.0,27,12,2018
2018-12-28,135.0,15.0,13.0,6.0,8.0,28,12,2018
2018-12-29,239.0,19.0,2.0,5.0,4.0,29,12,2018
2018-12-30,241.0,15.0,11.0,5.0,8.0,30,12,2018
2018-12-31,138.0,42.0,7.0,14.0,5.0,31,12,2018
2019-01-01,190.0,31.0,7.0,10.0,8.0,1,1,2019
2019-01-02,133.0,34.0,8.0,11.0,8.0,2,1,2019
2019-01-03,157.0,31.0,8.0,7.0,8.0,3,1,2019
2019-01-04,142.0,38.0,8.0,7.0,10.0,4,1,2019
2019-01-05,154.0,34.0,7.0,6.0,7.0,5,1,2019
2019-01-06,148.0,20.0,7.0,8.0,8.0,6,1,2019
2019-01-07,135.0,27.0,8.0,13.0,8.0,7,1,2019
2019-01-08,151.0,39.0,7.0,3.0,8.0,8,1,2019
2019-01-09,156.0,28.0,8.0,3.0,8.0,9,1,2019
2019-01-10,148.0,42.0,6.0,3.0,8.0,10,1,2019
2019-01-11,156.0,33.0,6.0,4.0,5.0,11,1,2019
2019-01-12,131.0,20.0,7.0,9.0,10.0,12,1,2019
2019-01-13,145.0,41.0,6.0,12.0,6.0,13,1,2019
2019-01-14,165.0,39.0,5.0,11.0,14.0,14,1,2019
2019-01-15,155.0,19.0,5.0,7.0,5.0,15,1,2019
2019-01-16,146.0,36.0,5.0,5.0,5.0,16,1,2019
2019-01-17,160.0,40.0,6.0,5.0,9.0,17,1,2019
2019-01-18,157.0,38.0,6.0,5.0,5.0,18,1,2019
2019-01-19,133.0,42.0,6.0,8.0,9.0,19,1,2019
2019-01-20,137.0,23.0,6.0,5.0,5.0,20,1,2019
2019-01-21,151.0,31.0,5.0,5.0,6.0,21,1,2019
2019-01-22,169.0,31.0,5.0,5.0,7.0,22,1,2019
2019-01-23,61.0,29.0,5.0,6.0,6.0,23,1,2019
2019-01-24,97.0,12.0,6.0,5.0,8.0,24,1,2019
2019-01-25,71.0,10.0,4.0,3.0,7.0,25,1,2019
2019-01-26,48.0,17.0,4.0,3.0,8.0,26,1,2019
2019-01-27,38.0,17.0,4.0,4.0,8.0,27,1,2019
2019-01-28,45.0,16.0,5.0,23.0,7.0,28,1,2019
2019-01-29,84.0,26.0,6.0,14.0,6.0,29,1,2019
2019-01-30,111.0,23.0,5.0,5.0,6.0,30,1,2019
2019-01-31,96.0,32.0,5.0,5.0,5.0,31,1,2019
2019-02-01,90.0,35.0,5.0,5.0,6.0,1,2,2019
2019-02-02,90.0,27.0,6.0,6.0,6.0,2,2,2019
2019-02-03,78.0,30.0,6.0,6.0,7.0,3,2,2019
2019-02-04,70.0,49.0,7.0,7.0,8.0,4,2,2019
2019-02-05,89.0,49.0,6.0,5.0,7.0,5,2,2019
2019-02-06,103.0,34.0,6.0,5.0,10.0,6,2,2019
2019-02-07,105.0,26.0,5.0,4.0,9.0,7,2,2019
2019-02-08,111.0,10.0,5.0,3.0,5.0,8,2,2019
2019-02-09,74.0,11.0,5.0,4.0,8.0,9,2,2019
2019-02-10,59.0,14.0,5.0,3.0,8.0,10,2,2019
2019-02-11,95.0,31.0,5.0,3.0,7.0,11,2,2019
2019-02-12,100.0,48.0,6.0,9.0,7.0,12,2,2019
2019-02-13,244.0,34.0,6.0,7.0,8.0,13,2,2019
2019-02-14,374.0,19.0,5.0,5.0,10.0,14,2,2019
2019-02-15,122.0,15.0,5.0,3.0,5.0,15,2,2019
2019-02-16,97.0,13.0,5.0,3.0,5.0,16,2,2019
2019-02-17,136.0,8.0,4.0,2.0,7.0,17,2,2019
2019-02-18,45.0,6.0,4.0,3.0,7.0,18,2,2019
2019-02-19,5.0,8.0,6.0,3.0,6.0,19,2,2019
2019-02-20,31.0,12.0,5.0,4.0,10.0,20,2,2019
2019-02-21,61.0,29.0,6.0,5.0,9.0,21,2,2019
2019-02-22,67.0,43.0,7.0,8.0,6.0,22,2,2019
2019-02-23,71.0,23.0,6.0,5.0,6.0,23,2,2019
2019-02-24,82.0,16.0,5.0,2.0,9.0,24,2,2019
2019-02-25,185.0,10.0,5.0,3.0,8.0,25,2,2019
2019-02-26,466.0,8.0,4.0,3.0,6.0,26,2,2019
2019-02-27,107.0,9.0,4.0,3.0,6.0,27,2,2019
2019-02-28,239.0,7.0,5.0,3.0,9.0,28,2,2019
2019-03-01,427.0,8.0,5.0,4.0,6.0,1,3,2019
2019-03-02,449.0,11.0,5.0,3.0,3.0,2,3,2019
2019-03-03,127.0,12.0,5.0,3.0,7.0,3,3,2019
2019-03-04,138.0,15.0,8.0,3.0,6.0,4,3,2019
2019-03-05,137.0,9.0,5.0,3.0,6.0,5,3,2019
2019-03-06,112.0,11.0,5.0,3.0,6.0,6,3,2019
2019-03-07,57.0,11.0,5.0,3.0,6.0,7,3,2019
2019-03-08,64.0,17.0,5.0,3.0,8.0,8,3,2019
2019-03-09,57.0,8.0,3.0,2.0,4.0,9,3,2019
2019-03-10,50.0,8.0,5.0,4.0,6.0,10,3,2019
2019-03-11,51.0,22.0,5.0,4.0,6.0,11,3,2019
2019-03-12,80.0,16.0,4.0,4.0,10.0,12,3,2019
2019-03-13,99.0,26.0,4.0,3.0,5.0,13,3,2019
2019-03-14,107.0,27.0,4.0,3.0,7.0,14,3,2019
2019-03-15,115.0,19.0,7.0,3.0,6.0,15,3,2019
2019-03-16,114.0,24.0,4.0,4.0,9.0,16,3,2019
2019-03-17,110.0,17.0,4.0,3.0,6.0,17,3,2019
2019-03-18,99.0,9.0,4.0,3.0,7.0,18,3,2019
2019-03-19,91.0,12.0,8.0,3.0,5.0,19,3,2019
2019-03-20,101.0,17.0,4.0,3.0,3.0,20,3,2019
2019-03-21,75.0,13.0,4.0,2.0,8.0,21,3,2019
2019-03-22,53.0,12.0,8.0,2.0,6.0,22,3,2019
2019-03-23,50.0,10.0,6.0,2.0,8.0,23,3,2019
2019-03-24,47.0,8.0,7.0,2.0,6.0,24,3,2019
2019-03-25,53.0,9.0,8.0,2.0,9.0,25,3,2019
2019-03-26,59.0,14.0,4.0,2.0,10.0,26,3,2019
2019-03-27,63.0,18.0,8.0,2.0,5.0,27,3,2019
2019-03-28,69.0,15.0,7.0,2.0,8.0,28,3,2019
2019-03-29,62.0,16.0,9.0,2.0,6.0,29,3,2019
2019-03-30,52.0,17.0,6.0,2.0,15.0,30,3,2019
2019-03-31,147.0,11.0,4.0,2.0,7.0,31,3,2019
2019-04-01,53.0,14.0,4.0,2.0,7.0,1,4,2019
2019-04-02,52.0,8.0,4.0,2.0,8.0,2,4,2019
2019-04-03,48.0,6.0,4.0,2.0,8.0,3,4,2019
2019-04-04,47.0,5.0,4.0,2.0,10.0,4,4,2019
2019-04-05,50.0,7.0,4.0,2.0,10.0,5,4,2019
2019-04-06,48.0,8.0,4.0,2.0,8.0,6,4,2019
2019-04-07,36.0,6.0,6.0,2.0,9.0,7,4,2019
2019-04-08,95.0,7.0,10.0,2.0,8.0,8,4,2019
2019-04-09,47.0,6.0,10.0,2.0,10.0,9,4,2019
2019-04-10,117.0,8.0,9.0,2.0,10.0,10,4,2019
2019-04-11,85.0,7.0,10.0,2.0,9.0,11,4,2019
2019-04-12,71.0,18.0,9.0,2.0,9.0,12,4,2019
2019-04-13,66.0,3.0,5.0,3.0,9.0,13,4,2019
2019-04-14,73.0,8.0,4.0,2.0,9.0,14,4,2019
2019-04-15,73.0,8.0,4.0,2.0,9.0,15,4,2019
2019-04-16,73.0,8.0,4.0,2.0,9.0,16,4,2019
2019-04-17,73.0,8.0,4.0,2.0,9.0,17,4,2019
2019-04-18,73.0,8.0,4.0,2.0,9.0,18,4,2019
2019-04-19,73.0,9.0,2.0,2.0,11.0,19,4,2019
2019-04-20,19.0,16.0,2.0,2.0,9.0,20,4,2019
2019-04-21,47.0,13.0,2.0,2.0,12.0,21,4,2019
2019-04-22,80.0,8.0,1.0,3.0,9.0,22,4,2019
2019-04-23,125.0,7.0,2.0,2.0,11.0,23,4,2019
2019-04-24,126.0,11.0,2.0,2.0,10.0,24,4,2019
2019-04-25,125.0,9.0,2.0,2.0,8.0,25,4,2019
2019-04-26,127.0,5.0,2.0,2.0,8.0,26,4,2019
2019-04-27,126.0,7.0,2.0,2.0,10.0,27,4,2019
2019-04-28,126.0,7.0,1.0,2.0,12.0,28,4,2019
2019-04-29,127.0,12.0,1.0,2.0,11.0,29,4,2019
2019-04-30,124.0,13.0,2.0,3.0,10.0,30,4,2019
2019-05-01,127.0,12.0,4.0,2.0,9.0,1,5,2019
2019-05-02,127.0,11.0,4.0,2.0,10.0,2,5,2019
2019-05-03,125.0,13.0,4.0,2.0,8.0,3,5,2019
2019-05-04,128.0,11.0,4.0,2.0,10.0,4,5,2019
2019-05-05,127.0,11.0,4.0,2.0,11.0,5,5,2019
2019-05-06,126.0,7.0,4.0,2.0,11.0,6,5,2019
2019-05-07,127.0,17.0,6.0,2.0,8.0,7,5,2019
2019-05-08,138.0,33.0,6.0,2.0,10.0,8,5,2019
2019-05-09,79.0,33.0,6.0,2.0,10.0,9,5,2019
2019-05-10,79.0,33.0,6.0,2.0,10.0,10,5,2019
2019-05-11,79.0,33.0,6.0,2.0,10.0,11,5,2019
2019-05-12,79.0,33.0,6.0,2.0,10.0,12,5,2019
2019-05-13,79.0,33.0,6.0,2.0,10.0,13,5,2019
2019-05-14,79.0,31.0,6.0,2.0,6.0,14,5,2019
2019-05-15,78.0,34.0,6.0,2.0,11.0,15,5,2019
2019-05-16,71.0,37.0,6.0,2.0,15.0,16,5,2019
2019-05-17,72.0,37.0,6.0,2.0,6.0,17,5,2019
2019-05-18,86.0,32.0,7.0,2.0,7.0,18,5,2019
2019-05-19,74.0,30.0,6.0,2.0,8.0,19,5,2019
2019-05-20,55.0,31.0,6.0,3.0,10.0,20,5,2019
2019-05-21,55.0,27.0,6.0,2.0,13.0,21,5,2019
2019-05-22,56.0,35.0,6.0,2.0,10.0,22,5,2019
2019-05-23,62.0,33.0,6.0,2.0,10.0,23,5,2019
2019-05-24,71.0,54.0,6.0,1.0,6.0,24,5,2019
2019-05-25,72.0,55.0,6.0,2.0,11.0,25,5,2019
2019-05-26,74.0,41.0,6.0,2.0,11.0,26,5,2019
2019-05-27,70.0,41.0,6.0,3.0,14.0,27,5,2019
2019-05-28,157.0,34.0,6.0,2.0,15.0,28,5,2019
2019-05-29,82.0,50.0,6.0,2.0,9.0,29,5,2019
2019-05-30,94.0,58.0,6.0,3.0,14.0,30,5,2019
2019-05-31,79.0,80.0,6.0,2.0,9.0,31,5,2019
2019-06-01,66.0,84.0,6.0,2.0,7.0,1,6,2019
2019-06-02,64.0,30.0,5.0,2.0,22.0,2,6,2019
2019-06-03,110.0,89.0,6.0,1.0,13.0,3,6,2019
2019-06-04,131.0,81.0,7.0,2.0,9.0,4,6,2019
2019-06-05,101.0,28.0,8.0,2.0,9.0,5,6,2019
2019-06-06,50.0,46.0,9.0,2.0,12.0,6,6,2019
2019-06-07,80.0,81.0,10.0,2.0,11.0,7,6,2019
2019-06-08,80.0,65.0,7.0,2.0,12.0,8,6,2019
2019-06-09,80.0,37.0,9.0,2.0,14.0,9,6,2019
2019-06-10,80.0,42.0,9.0,2.0,14.0,10,6,2019
2019-06-11,80.0,39.0,10.0,2.0,6.0,11,6,2019
2019-06-12,80.0,38.0,10.0,2.0,8.0,12,6,2019
2019-06-13,80.0,32.0,11.0,2.0,7.0,13,6,2019
2019-06-14,80.0,49.0,10.0,1.0,7.0,14,6,2019
2019-06-15,80.0,59.0,9.0,1.0,5.0,15,6,2019
2019-06-16,80.0,21.0,10.0,2.0,6.0,16,6,2019
2019-06-17,80.0,53.0,9.0,1.0,8.0,17,6,2019
2019-06-18,80.0,49.0,9.0,2.0,7.0,18,6,2019
2019-06-19,80.0,27.0,12.0,4.0,9.0,19,6,2019
2019-06-20,110.0,21.0,10.0,4.0,7.0,20,6,2019
2019-06-21,99.0,36.0,6.0,1.0,5.0,21,6,2019
2019-06-22,76.0,48.0,6.0,2.0,8.0,22,6,2019
2019-06-23,80.0,38.0,7.0,2.0,10.0,23,6,2019
2019-06-24,59.0,36.0,7.0,2.0,9.0,24,6,2019
2019-06-25,66.0,18.0,6.0,2.0,5.0,25,6,2019
2019-06-26,87.0,8.0,6.0,1.0,7.0,26,6,2019
2019-06-27,81.0,8.0,6.0,2.0,5.0,27,6,2019
2019-06-28,91.0,19.0,9.0,1.0,5.0,28,6,2019
2019-06-29,45.0,17.0,7.0,1.0,3.0,29,6,2019
2019-06-30,4.0,27.0,6.0,3.0,4.0,30,6,2019
2019-07-01,47.0,25.0,7.0,2.0,4.0,1,7,2019
2019-07-02,74.0,16.0,7.0,2.0,6.0,2,7,2019
2019-07-03,82.0,16.0,6.0,1.0,6.0,3,7,2019
2019-07-04,101.0,4.0,6.0,1.0,7.0,4,7,2019
2019-07-05,78.0,12.0,6.0,1.0,5.0,5,7,2019
2019-07-06,91.0,17.0,6.0,1.0,4.0,6,7,2019
2019-07-07,104.0,16.0,6.0,2.0,6.0,7,7,2019
2019-07-08,132.0,19.0,6.0,1.0,6.0,8,7,2019
2019-07-09,102.0,11.0,6.0,1.0,8.0,9,7,2019
2019-07-10,63.0,12.0,7.0,2.0,7.0,10,7,2019
2019-07-11,74.0,12.0,6.0,1.0,10.0,11,7,2019
2019-07-12,99.0,10.0,6.0,1.0,9.0,12,7,2019
2019-07-13,90.0,11.0,5.0,1.0,5.0,13,7,2019
2019-07-14,96.0,17.0,5.0,2.0,8.0,14,7,2019
2019-07-15,101.0,16.0,7.0,2.0,8.0,15,7,2019
2019-07-16,83.0,10.0,6.0,2.0,5.0,16,7,2019
2019-07-17,93.0,19.0,6.0,1.0,4.0,17,7,2019
2019-07-18,100.0,11.0,6.0,2.0,3.0,18,7,2019
2019-07-19,66.0,21.0,6.0,1.0,11.0,19,7,2019
2019-07-20,67.0,12.0,5.0,1.0,5.0,20,7,2019
2019-07-21,65.0,4.0,6.0,2.0,5.0,21,7,2019
2019-07-22,77.0,15.0,6.0,1.0,5.0,22,7,2019
2019-07-23,104.0,21.0,5.0,2.0,5.0,23,7,2019
2019-07-24,75.0,15.0,5.0,3.0,7.0,24,7,2019
2019-07-25,128.0,13.0,9.0,3.0,6.0,25,7,2019
2019-07-26,61.0,19.0,8.0,2.0,6.0,26,7,2019
2019-07-27,69.0,24.0,9.0,2.0,6.0,27,7,2019
2019-07-28,80.0,17.0,6.0,3.0,4.0,28,7,2019
2019-07-29,69.0,16.0,7.0,3.0,5.0,29,7,2019
2019-07-30,85.0,21.0,7.0,2.0,7.0,30,7,2019
2019-07-31,86.0,21.0,6.0,2.0,6.0,31,7,2019
2019-08-01,85.0,5.0,7.0,3.0,7.0,1,8,2019
2019-08-02,93.0,5.0,6.0,2.0,4.0,2,8,2019
2019-08-03,81.0,9.5,6.0,2.0,5.0,3,8,2019
2019-08-04,65.0,8.0,6.0,2.0,5.0,4,8,2019
2019-08-05,70.0,7.0,8.0,2.0,4.0,5,8,2019
2019-08-06,73.0,9.0,6.0,1.0,4.0,6,8,2019
2019-08-07,59.0,11.0,7.0,2.0,11.0,7,8,2019
2019-08-08,67.0,12.0,7.0,1.0,5.0,8,8,2019
2019-08-09,71.0,17.0,6.0,2.0,5.0,9,8,2019
2019-08-10,70.0,18.0,6.0,2.0,5.0,10,8,2019
2019-08-11,66.0,15.0,6.0,2.0,5.0,11,8,2019
2019-08-12,70.0,14.0,5.0,4.0,11.0,12,8,2019
2019-08-13,77.0,19.0,5.0,4.0,11.0,13,8,2019
2019-08-14,75.0,14.0,10.0,5.0,7.0,14,8,2019
2019-08-15,57.0,17.0,5.0,6.0,7.0,15,8,2019
2019-08-16,71.0,4.0,5.0,4.0,8.0,16,8,2019
2019-08-17,53.0,7.0,5.0,2.0,2.0,17,8,2019
2019-08-18,45.0,11.0,6.0,2.0,5.0,18,8,2019
2019-08-19,63.0,8.0,5.0,5.0,5.0,19,8,2019
2019-08-20,66.0,6.0,6.0,22.0,4.0,20,8,2019
2019-08-21,98.0,6.0,5.0,2.0,3.0,21,8,2019
2019-08-22,108.0,6.0,6.0,3.0,4.0,22,8,2019
2019-08-23,96.0,9.0,6.0,2.0,5.0,23,8,2019
2019-08-24,78.0,9.0,6.0,2.0,4.0,24,8,2019
2019-08-25,94.0,12.0,10.0,2.0,4.0,25,8,2019
2019-08-26,76.0,13.0,11.0,2.0,3.0,26,8,2019
2019-08-27,88.0,15.0,6.0,2.0,4.0,27,8,2019
2019-08-28,96.0,11.0,6.0,2.0,4.0,28,8,2019
2019-08-29,98.0,10.0,6.0,3.0,5.0,29,8,2019
2019-08-30,89.0,8.0,7.0,2.0,5.0,30,8,2019
2019-08-31,105.0,5.0,6.0,2.0,5.0,31,8,2019
2019-09-01,105.0,8.0,4.0,2.0,5.0,1,9,2019
2019-09-02,86.0,5.0,6.0,2.0,5.0,2,9,2019
2019-09-03,75.0,8.0,6.0,2.0,4.0,3,9,2019
2019-09-04,86.0,7.0,6.0,4.0,4.0,4,9,2019
2019-09-05,82.0,11.0,8.0,3.0,14.0,5,9,2019
2019-09-06,96.0,8.0,3.0,2.0,16.0,6,9,2019
2019-09-07,112.0,6.0,4.0,3.0,13.0,7,9,2019
2019-09-08,89.0,7.0,4.0,2.0,12.0,8,9,2019
2019-09-09,99.0,12.0,3.0,2.0,14.0,9,9,2019
2019-09-10,105.0,10.0,3.0,2.0,16.0,10,9,2019
2019-09-11,85.0,9.0,3.0,2.0,17.0,11,9,2019
2019-09-12,77.0,14.0,4.0,2.0,10.0,12,9,2019
2019-09-13,82.0,11.0,3.0,2.0,5.0,13,9,2019
2019-09-14,91.0,9.0,3.0,2.0,6.0,14,9,2019
2019-09-15,78.0,7.0,3.0,3.0,14.0,15,9,2019
2019-09-16,80.0,10.0,3.0,2.0,16.0,16,9,2019
2019-09-17,70.0,10.0,3.0,3.0,17.0,17,9,2019
2019-09-18,81.0,11.0,4.0,4.0,20.0,18,9,2019
2019-09-19,77.0,7.0,3.0,2.0,19.0,19,9,2019
2019-09-20,98.0,9.0,5.0,2.0,15.0,20,9,2019
2019-09-21,122.0,9.0,6.0,2.0,14.0,21,9,2019
2019-09-22,132.0,22.0,5.0,1.0,6.0,22,9,2019
2019-09-23,139.0,16.0,5.0,2.0,12.0,23,9,2019
2019-09-24,101.0,6.0,4.0,2.0,11.0,24,9,2019
2019-09-25,67.0,8.0,4.0,2.0,13.0,25,9,2019
2019-09-26,63.0,6.0,5.0,3.0,13.0,26,9,2019
2019-09-27,67.0,6.0,5.0,3.0,11.0,27,9,2019
2019-09-28,90.0,6.0,5.0,3.0,10.0,28,9,2019
2019-09-29,98.0,12.0,5.0,2.0,9.0,29,9,2019
2019-09-30,79.0,15.0,7.0,2.0,11.0,30,9,2019
2019-10-01,111.0,14.0,11.0,3.0,11.0,1,10,2019
2019-10-02,108.0,7.0,12.0,4.0,11.0,2,10,2019
2019-10-03,80.0,9.0,10.0,1.0,12.0,3,10,2019
2019-10-04,90.0,11.0,10.0,1.0,9.0,4,10,2019
2019-10-05,140.0,7.0,10.0,1.0,8.0,5,10,2019
2019-10-06,80.0,12.0,9.0,1.0,8.0,6,10,2019
2019-10-07,76.0,14.0,9.0,3.0,10.0,7,10,2019
2019-10-08,80.0,11.0,10.0,2.0,13.0,8,10,2019
2019-10-09,77.0,7.0,10.0,3.0,13.0,9,10,2019
2019-10-10,72.0,6.0,10.0,2.0,12.0,10,10,2019
2019-10-11,73.0,5.0,10.0,3.0,11.0,11,10,2019
2019-10-12,70.0,8.0,9.0,2.0,8.0,12,10,2019
2019-10-13,70.0,8.0,9.0,2.0,8.0,13,10,2019
2019-10-14,68.0,10.0,10.0,3.0,9.0,14,10,2019
2019-10-15,71.0,6.0,11.0,3.0,7.0,15,10,2019
2019-10-16,72.0,7.0,12.0,4.0,9.0,16,10,2019
2019-10-17,129.0,10.0,11.0,2.0,9.0,17,10,2019
2019-10-18,122.0,7.0,11.0,2.0,7.0,18,10,2019
2019-10-19,147.0,9.0,11.0,2.0,9.0,19,10,2019
2019-10-20,147.0,5.0,11.0,4.0,10.0,20,10,2019
2019-10-21,127.0,7.0,11.0,2.0,9.0,21,10,2019
2019-10-22,104.0,12.0,10.0,2.0,8.0,22,10,2019
2019-10-23,149.0,9.0,10.0,10.0,13.0,23,10,2019
2019-10-24,122.0,10.0,10.0,7.0,7.0,24,10,2019
2019-10-25,113.0,6.0,11.0,7.0,7.0,25,10,2019
2019-10-26,175.0,8.0,13.0,9.0,10.0,26,10,2019
2019-10-27,204.0,7.0,10.0,9.0,9.0,27,10,2019
2019-10-28,131.0,11.0,11.0,5.0,9.0,28,10,2019
2019-10-29,87.0,7.0,11.0,2.0,10.0,29,10,2019
2019-10-30,52.0,6.0,11.0,3.0,11.0,30,10,2019
2019-10-31,95.0,7.0,11.0,4.0,10.0,31,10,2019
2019-11-01,96.0,13.0,10.0,3.0,11.0,1,11,2019
2019-11-02,112.0,8.0,11.0,4.0,9.0,2,11,2019
2019-11-03,157.0,20.0,13.0,3.0,11.0,3,11,2019
2019-11-04,178.0,29.0,13.0,2.0,10.0,4,11,2019
2019-11-05,176.0,28.0,10.0,2.0,13.0,5,11,2019
2019-11-06,169.0,26.0,6.0,2.0,14.0,6,11,2019
2019-11-07,186.0,27.0,7.0,2.0,11.0,7,11,2019
2019-11-08,193.0,24.0,6.0,2.0,11.0,8,11,2019
2019-11-09,174.0,23.0,5.0,2.0,10.0,9,11,2019
2019-11-10,175.0,31.0,6.0,4.0,10.0,10,11,2019
2019-11-11,145.0,11.0,8.0,2.0,7.0,11,11,2019
2019-11-12,95.0,11.0,7.0,3.0,6.0,12,11,2019
2019-11-13,102.0,8.0,3.0,3.0,6.0,13,11,2019
2019-11-14,71.0,2.0,3.0,8.0,5.0,14,11,2019
2019-11-15,90.0,21.5,7.0,2.5,10.0,15,11,2019
2019-11-16,157.0,21.5,7.0,2.5,10.0,16,11,2019
2019-11-17,157.0,21.5,7.0,2.5,10.0,17,11,2019
2019-11-18,157.0,21.5,7.0,2.5,10.0,18,11,2019
2019-11-19,157.0,21.5,7.0,2.5,10.0,19,11,2019
2019-11-20,157.0,21.5,7.0,2.5,10.0,20,11,2019
2019-11-21,157.0,21.5,7.0,2.5,10.0,21,11,2019
2019-11-22,157.0,21.5,7.0,2.5,10.0,22,11,2019
2019-11-23,157.0,21.5,7.0,2.5,10.0,23,11,2019
2019-11-24,157.0,21.5,7.0,2.5,10.0,24,11,2019
2019-11-25,157.0,21.5,7.0,2.5,10.0,25,11,2019
2019-11-26,157.0,21.5,7.0,2.5,10.0,26,11,2019
2019-11-27,157.0,21.5,7.0,2.5,10.0,27,11,2019
2019-11-28,157.0,21.5,7.0,2.5,10.0,28,11,2019
2019-11-29,157.0,21.5,7.0,2.5,10.0,29,11,2019
2019-11-30,157.0,21.5,7.0,2.5,10.0,30,11,2019
2019-12-01,113.0,7.0,10.0,1.5,4.5,1,12,2019
2019-12-02,113.0,7.0,6.0,1.0,4.0,2,12,2019
2019-12-03,62.0,21.0,6.0,1.0,3.0,3,12,2019
2019-12-04,25.0,24.0,6.0,3.0,5.0,4,12,2019
2019-12-05,152.0,22.0,6.0,3.0,6.0,5,12,2019
2019-12-06,100.0,7.0,10.0,1.0,5.0,6,12,2019
2019-12-07,99.0,18.0,9.0,1.0,4.0,7,12,2019
2019-12-08,86.0,18.0,10.0,2.0,4.0,8,12,2019
2019-12-09,59.0,3.0,9.0,1.0,4.0,9,12,2019
2019-12-10,99.0,3.0,10.0,1.0,4.0,10,12,2019
2019-12-11,118.0,14.0,9.0,1.0,3.0,11,12,2019
2019-12-12,80.0,6.0,11.0,1.0,6.0,12,12,2019
2019-12-13,105.0,5.0,12.0,1.0,6.0,13,12,2019
2019-12-14,119.0,13.0,9.0,3.0,5.0,14,12,2019
2019-12-15,107.0,4.0,9.0,4.0,5.0,15,12,2019
2019-12-16,99.0,4.0,10.0,4.0,3.0,16,12,2019
2019-12-17,120.0,3.0,11.0,4.0,3.0,17,12,2019
2019-12-18,140.0,2.0,13.0,3.0,3.0,18,12,2019
2019-12-19,131.0,8.0,11.0,1.0,4.0,19,12,2019
2019-12-20,152.0,4.0,11.0,1.0,4.0,20,12,2019
2019-12-21,162.0,4.0,10.0,3.0,5.0,21,12,2019
2019-12-22,132.0,15.0,12.0,1.0,5.0,22,12,2019
2019-12-23,144.0,19.0,11.0,2.0,5.0,23,12,2019
2019-12-24,139.0,4.0,10.0,2.0,5.0,24,12,2019
2019-12-25,108.0,3.0,10.0,2.0,5.0,25,12,2019
2019-12-26,124.0,11.0,7.0,2.0,6.0,26,12,2019
2019-12-27,104.0,4.0,10.0,1.0,6.0,27,12,2019
2019-12-28,113.0,20.0,8.0,2.0,4.0,28,12,2019
2019-12-29,147.0,7.0,10.0,1.5,4.5,29,12,2019
2019-12-30,113.0,7.0,10.0,1.5,4.5,30,12,2019
2019-12-31,113.0,10.0,7.0,1.0,4.0,31,12,2019
2021-01-01,70.0,3.0,5.0,4.0,6.0,1,1,2021
2021-01-02,66.0,5.0,5.0,4.0,6.0,2,1,2021
2021-01-03,57.0,8.0,5.0,4.0,6.0,3,1,2021
2021-01-04,54.0,1.0,4.0,3.0,5.0,4,1,2021
2021-01-05,32.0,6.0,5.0,3.0,6.0,5,1,2021
2021-01-06,38.0,8.0,5.0,2.0,5.0,6,1,2021
2021-01-07,56.0,7.0,4.0,2.0,5.0,7,1,2021
2021-01-08,66.0,8.0,5.0,3.0,6.0,8,1,2021
2021-01-09,106.0,9.0,5.0,3.0,6.0,9,1,2021
2021-01-10,135.0,8.0,4.0,2.0,5.0,10,1,2021
2021-01-11,133.0,8.0,5.0,3.0,6.0,11,1,2021
2021-01-12,129.0,5.0,5.0,4.0,6.0,12,1,2021
2021-01-13,148.0,6.0,4.0,3.0,5.0,13,1,2021
2021-01-14,138.0,7.0,5.0,4.0,6.0,14,1,2021
2021-01-15,146.0,7.0,4.0,3.0,5.0,15,1,2021
2021-01-16,132.0,11.0,5.0,4.0,6.0,16,1,2021
2021-01-17,131.0,7.0,5.0,4.0,6.0,17,1,2021
2021-01-18,149.0,8.0,5.0,4.0,6.0,18,1,2021
2021-01-19,157.0,5.0,4.0,3.0,5.0,19,1,2021
2021-01-20,155.0,3.0,5.0,4.0,6.0,20,1,2021
2021-01-21,103.0,2.0,4.0,3.0,5.0,21,1,2021
2021-01-22,70.0,3.0,5.0,4.0,6.0,22,1,2021
2021-01-23,79.0,4.0,5.0,4.0,6.0,23,1,2021
2021-01-24,83.0,3.0,5.0,4.0,6.0,24,1,2021
2021-01-25,80.0,5.0,5.0,4.0,6.0,25,1,2021
2021-01-26,91.0,10.0,5.0,4.0,6.0,26,1,2021
2021-01-27,105.0,8.0,6.0,4.0,6.0,27,1,2021
2021-01-28,129.0,6.0,4.0,3.0,5.0,28,1,2021
2021-01-29,84.0,12.0,5.0,3.0,6.0,29,1,2021
2021-01-30,105.0,8.0,4.0,3.0,5.0,30,1,2021
2021-01-31,123.0,7.0,4.0,2.0,5.0,31,1,2021
2021-02-01,118.0,10.0,5.0,2.0,6.0,1,2,2021
2021-02-02,124.0,15.0,5.0,2.0,6.0,2,2,2021
2021-02-03,124.0,12.0,4.0,1.0,5.0,3,2,2021
2021-02-04,95.0,14.0,5.0,2.0,6.0,4,2,2021
2021-02-05,127.0,16.0,5.0,2.0,6.0,5,2,2021
2021-02-06,149.0,9.0,5.0,2.0,6.0,6,2,2021
2021-02-07,176.0,15.0,5.0,2.0,6.0,7,2,2021
2021-02-08,124.0,16.0,5.0,2.0,6.0,8,2,2021
2021-02-09,150.0,11.0,5.0,2.0,6.0,9,2,2021
2021-02-10,150.0,4.0,4.0,1.0,5.0,10,2,2021
2021-02-11,103.0,12.0,5.0,2.0,6.0,11,2,2021
2021-02-12,115.0,6.0,5.0,2.0,6.0,12,2,2021
2021-02-13,113.0,4.0,5.0,2.0,6.0,13,2,2021
2021-02-14,110.0,7.0,5.0,2.0,6.0,14,2,2021
2021-02-15,112.0,8.0,4.0,1.0,5.0,15,2,2021
2021-02-16,123.0,6.0,5.0,2.0,6.0,16,2,2021
2021-02-17,151.0,10.0,5.0,2.0,6.0,17,2,2021
2021-02-18,151.0,8.0,4.0,1.0,5.0,18,2,2021
2021-02-19,141.0,7.0,5.0,2.0,6.0,19,2,2021
2021-02-20,73.0,12.0,5.0,2.0,6.0,20,2,2021
2021-02-21,51.0,8.0,9.0,2.0,6.0,21,2,2021
2021-02-22,87.0,8.0,22.0,4.0,6.0,22,2,2021
2021-02-23,345.0,4.0,17.0,9.0,6.0,23,2,2021
2021-02-24,340.0,5.0,2.0,10.0,6.0,24,2,2021
2021-02-25,110.0,4.0,3.0,11.0,6.0,25,2,2021
2021-02-26,115.0,1.0,6.0,12.0,6.0,26,2,2021
2021-02-27,87.0,3.0,2.0,13.0,6.0,27,2,2021
2021-02-28,75.0,2.0,2.0,14.0,6.0,28,2,2021
2021-03-01,78.0,3.0,2.0,13.0,5.0,1,3,2021
2021-03-02,102.0,4.0,2.0,14.0,6.0,2,3,2021
2021-03-03,139.0,2.0,1.0,16.0,6.0,3,3,2021
2021-03-04,144.0,5.0,4.0,15.0,6.0,4,3,2021
2021-03-05,108.0,4.0,2.0,15.0,6.0,5,3,2021
2021-03-06,225.0,1.0,2.0,18.0,6.0,6,3,2021
2021-03-07,834.0,1.0,2.0,15.0,6.0,7,3,2021
2021-03-08,93.0,2.0,1.0,16.0,6.0,8,3,2021
2021-03-09,102.0,2.0,2.0,15.0,6.0,9,3,2021
2021-03-10,78.0,2.0,1.0,13.0,6.0,10,3,2021
2021-03-11,52.0,2.0,1.0,14.0,6.0,11,3,2021
2021-03-12,73.0,4.0,1.0,14.0,6.0,12,3,2021
2021-03-13,145.0,3.0,2.0,14.0,6.0,13,3,2021
2021-03-14,107.0,5.0,2.0,14.0,6.0,14,3,2021
2021-03-15,77.0,4.0,3.0,14.0,6.0,15,3,2021
2021-03-16,74.0,2.0,3.0,16.0,6.0,16,3,2021
2021-03-17,90.0,5.0,2.0,15.0,5.0,17,3,2021
2021-03-18,113.0,5.0,3.0,14.0,6.0,18,3,2021
2021-03-19,108.0,4.0,2.0,15.0,6.0,19,3,2021
2021-03-20,303.0,4.0,2.0,14.0,6.0,20,3,2021
2021-03-21,113.0,2.0,4.0,14.0,6.0,21,3,2021
2021-03-22,111.0,4.0,3.0,14.0,5.0,22,3,2021
2021-03-23,148.0,5.0,3.0,11.0,6.0,23,3,2021
2021-03-24,337.0,10.0,3.0,12.0,6.0,24,3,2021
2021-03-25,138.0,6.0,3.0,11.0,5.0,25,3,2021
2021-03-26,116.0,3.0,3.0,14.0,6.0,26,3,2021
2021-03-27,287.0,1.0,7.0,14.0,6.0,27,3,2021
2021-03-28,240.0,4.0,2.0,14.0,6.0,28,3,2021
2021-03-29,111.0,4.0,2.0,14.0,6.0,29,3,2021
2021-03-30,111.0,6.0,2.0,13.0,5.0,30,3,2021
2021-03-31,88.0,6.0,2.0,13.0,6.0,31,3,2021
2021-04-01,87.0,11.0,3.0,13.0,6.0,1,4,2021
2021-04-02,123.0,6.0,2.0,13.0,6.0,2,4,2021
2021-04-03,122.0,6.0,2.0,13.0,6.0,3,4,2021
2021-04-04,233.0,4.0,2.0,13.0,5.0,4,4,2021
2021-04-05,135.0,5.0,1.0,14.0,6.0,5,4,2021
2021-04-06,1.0,4.0,2.0,14.0,6.0,6,4,2021
2021-04-07,116.0,4.0,2.0,16.0,6.0,7,4,2021
2021-04-08,116.0,4.0,2.0,15.0,5.0,8,4,2021
2021-04-09,117.0,1.0,2.0,17.0,6.0,9,4,2021
2021-04-10,116.0,1.0,1.0,18.0,6.0,10,4,2021
2021-04-11,120.0,2.0,1.0,16.0,6.0,11,4,2021
2021-04-12,80.0,1.0,1.0,19.0,6.0,12,4,2021
2021-04-13,105.0,1.0,2.0,22.0,5.0,13,4,2021
2021-04-14,90.0,5.0,2.0,20.0,5.0,14,4,2021
2021-04-15,68.0,2.0,2.0,19.0,6.0,15,4,2021
