date,pm10,o3,no2,so2,co,dd,mm,yy
2016-08-27,18.0,3.0,9.0,2.0,4.0,27,8,2016
2016-08-28,18.0,3.0,9.0,2.0,4.0,28,8,2016
2016-08-29,14.0,3.0,10.0,2.0,4.0,29,8,2016
2016-08-30,18.0,43.0,16.0,11.0,4.0,30,8,2016
2016-08-31,36.0,44.0,14.0,11.0,4.0,31,8,2016
2016-09-01,36.0,8.0,8.0,2.0,4.0,1,9,2016
2016-09-02,31.0,4.0,17.0,2.0,4.0,2,9,2016
2016-09-03,30.0,5.0,12.0,2.0,3.0,3,9,2016
2016-09-04,35.0,4.0,12.0,2.0,5.0,4,9,2016
2016-09-05,22.0,3.0,11.0,2.0,4.0,5,9,2016
2016-09-06,24.0,3.0,10.0,2.0,5.0,6,9,2016
2016-09-07,33.0,4.0,12.0,1.0,4.0,7,9,2016
2016-09-08,35.0,4.0,12.0,4.0,4.0,8,9,2016
2016-09-09,28.0,3.0,11.0,2.0,3.0,9,9,2016
2016-09-10,34.0,3.0,9.0,2.0,3.0,10,9,2016
2016-09-11,23.0,2.0,9.0,2.0,4.0,11,9,2016
2016-09-12,6.0,3.0,8.0,2.0,3.0,12,9,2016
2016-09-13,5.0,3.0,8.0,2.0,4.0,13,9,2016
2016-09-14,7.0,3.0,8.0,2.0,4.0,14,9,2016
2016-09-15,8.0,4.0,11.0,2.0,4.0,15,9,2016
2016-09-16,11.0,2.0,10.0,3.0,3.0,16,9,2016
2016-09-17,46.0,4.0,9.0,3.0,4.0,17,9,2016
2016-09-18,17.0,4.0,9.0,3.0,3.0,18,9,2016
2016-09-19,34.0,4.0,7.0,2.0,4.0,19,9,2016
2016-09-20,27.0,2.0,7.0,2.0,4.0,20,9,2016
2016-09-21,8.0,3.0,9.0,2.0,4.0,21,9,2016
2016-09-22,8.0,2.0,8.0,2.0,5.0,22,9,2016
2016-09-23,8.0,3.0,8.0,3.0,5.0,23,9,2016
2016-09-24,6.0,3.0,8.0,4.0,4.0,24,9,2016
2016-09-25,7.0,3.0,10.0,2.0,5.0,25,9,2016
2016-09-26,6.0,3.0,12.0,2.0,4.0,26,9,2016
2016-09-27,16.0,1.0,12.0,2.0,5.0,27,9,2016
2016-09-28,39.0,1.0,11.0,2.0,5.0,28,9,2016
2016-09-29,30.0,2.0,9.0,2.0,5.0,29,9,2016
2016-09-30,19.0,2.0,9.0,2.0,5.0,30,9,2016
2016-10-01,18.0,3.0,8.0,2.0,5.0,1,10,2016
2016-10-02,14.0,6.0,13.0,2.0,6.0,2,10,2016
2016-10-03,30.0,7.0,15.0,2.0,5.0,3,10,2016
2016-10-04,49.0,5.0,16.0,2.0,4.0,4,10,2016
2016-10-05,40.0,4.0,12.0,2.0,6.0,5,10,2016
2016-10-06,35.0,2.0,10.0,2.0,5.0,6,10,2016
2016-10-07,16.0,3.0,10.0,2.0,5.0,7,10,2016
2016-10-08,18.0,2.0,12.0,2.0,6.0,8,10,2016
2016-10-09,21.0,4.0,9.0,2.0,6.0,9,10,2016
2016-10-10,14.0,4.0,10.0,2.0,6.0,10,10,2016
2016-10-11,13.0,6.0,12.0,2.0,7.0,11,10,2016
2016-10-12,50.0,8.0,19.0,2.0,7.0,12,10,2016
2016-10-13,70.0,8.0,26.0,2.0,6.0,13,10,2016
2016-10-14,79.0,8.0,20.0,2.0,5.0,14,10,2016
2016-10-15,68.0,10.0,18.0,2.0,8.0,15,10,2016
2016-10-16,64.0,8.0,20.0,2.0,13.0,16,10,2016
2016-10-17,60.0,10.0,20.0,3.0,12.0,17,10,2016
2016-10-18,68.0,8.0,22.0,2.0,3.0,18,10,2016
2016-10-19,67.0,11.0,21.0,2.0,8.0,19,10,2016
2016-10-20,98.0,12.0,23.0,2.0,9.0,20,10,2016
2016-10-21,49.0,10.0,25.0,2.0,15.0,21,10,2016
2016-10-22,76.0,10.0,23.0,2.0,11.0,22,10,2016
2016-10-23,49.0,10.0,23.0,2.0,8.0,23,10,2016
2016-10-24,49.0,11.0,22.0,2.0,8.0,24,10,2016
2016-10-25,49.0,7.0,23.0,2.0,11.0,25,10,2016
2016-10-26,62.0,5.0,12.0,2.0,3.0,26,10,2016
2016-10-27,37.0,3.0,14.0,2.0,8.0,27,10,2016
2016-10-28,41.0,6.0,11.0,2.0,8.0,28,10,2016
2016-10-29,38.0,4.0,13.0,3.0,9.0,29,10,2016
2016-10-30,65.0,3.0,10.0,2.0,15.0,30,10,2016
2016-10-31,59.0,5.0,12.0,3.0,18.0,31,10,2016
2016-11-01,59.0,8.0,16.0,2.0,4.0,1,11,2016
2016-11-02,57.0,5.0,15.0,2.0,17.0,2,11,2016
2016-11-03,42.0,1.0,16.0,2.0,17.0,3,11,2016
2016-11-04,46.0,1.0,9.0,3.0,17.0,4,11,2016
2016-11-05,14.0,2.0,9.0,2.0,17.0,5,11,2016
2016-11-06,35.0,3.0,11.0,2.0,8.0,6,11,2016
2016-11-07,62.0,4.0,17.0,3.0,16.0,7,11,2016
2016-11-08,82.0,6.0,16.0,3.0,16.0,8,11,2016
2016-11-09,98.0,7.0,20.0,2.0,13.0,9,11,2016
2016-11-10,107.0,6.0,21.0,2.0,14.0,10,11,2016
2016-11-11,96.0,6.0,19.0,3.0,15.0,11,11,2016
2016-11-12,85.0,7.0,17.0,5.0,15.0,12,11,2016
2016-11-13,72.0,7.0,15.0,3.0,18.0,13,11,2016
2016-11-14,83.0,4.0,18.0,2.0,18.0,14,11,2016
2016-11-15,94.0,4.0,20.0,2.0,12.0,15,11,2016
2016-11-16,85.0,4.0,20.0,2.0,12.0,16,11,2016
2016-11-17,81.0,3.0,21.0,2.0,13.0,17,11,2016
2016-11-18,87.0,4.0,24.0,3.0,15.0,18,11,2016
2016-11-19,112.0,4.0,25.0,2.0,22.0,19,11,2016
2016-11-20,163.0,2.0,21.0,3.0,25.0,20,11,2016
2016-11-21,127.0,3.0,17.0,2.0,21.0,21,11,2016
2016-11-22,121.0,9.0,18.0,2.0,23.0,22,11,2016
2016-11-23,122.0,20.0,19.0,3.0,28.0,23,11,2016
2016-11-24,122.0,21.0,18.0,3.0,22.0,24,11,2016
2016-11-25,124.0,21.0,18.0,2.0,30.0,25,11,2016
2016-11-26,142.0,12.0,15.0,3.0,28.0,26,11,2016
2016-11-27,140.0,12.0,19.0,2.0,28.0,27,11,2016
2016-11-28,124.0,13.0,28.0,3.0,25.0,28,11,2016
2016-11-29,94.0,15.0,32.0,3.0,22.0,29,11,2016
2016-11-30,96.0,17.0,26.0,2.0,10.0,30,11,2016
2016-12-01,67.0,16.0,26.0,2.0,20.0,1,12,2016
2016-12-02,77.0,16.0,29.0,3.0,19.0,2,12,2016
2016-12-03,91.0,17.0,23.0,2.0,13.0,3,12,2016
2016-12-04,94.0,14.0,20.0,4.0,10.0,4,12,2016
2016-12-05,92.0,15.0,27.0,2.0,15.0,5,12,2016
2016-12-06,86.0,13.0,34.0,2.0,19.0,6,12,2016
2016-12-07,82.0,13.0,32.0,2.0,21.0,7,12,2016
2016-12-08,91.0,12.0,45.0,2.0,17.0,8,12,2016
2016-12-09,80.0,15.0,34.0,3.0,19.0,9,12,2016
2016-12-10,88.0,13.0,45.0,2.0,17.5,10,12,2016
2016-12-11,94.5,7.0,36.0,3.0,21.0,11,12,2016
2016-12-12,93.0,15.0,44.0,2.0,17.0,12,12,2016
2016-12-13,97.0,14.0,35.0,2.0,15.0,13,12,2016
2016-12-14,108.0,14.0,37.0,3.0,18.0,14,12,2016
2016-12-15,95.0,12.0,45.0,2.0,13.0,15,12,2016
2016-12-16,86.0,15.0,51.0,2.0,10.0,16,12,2016
2016-12-17,97.0,14.0,65.0,2.0,17.0,17,12,2016
2016-12-18,120.0,13.0,59.0,2.0,15.0,18,12,2016
2016-12-19,106.0,10.0,55.0,3.0,19.0,19,12,2016
2016-12-20,108.0,14.0,65.0,2.0,26.0,20,12,2016
2016-12-21,126.0,11.0,77.0,2.0,23.0,21,12,2016
2016-12-22,142.0,3.0,63.0,2.0,21.0,22,12,2016
2016-12-23,146.0,13.0,45.0,2.0,17.5,23,12,2016
2016-12-24,94.5,13.0,45.0,2.0,17.5,24,12,2016
2016-12-25,94.5,2.0,88.0,2.0,25.0,25,12,2016
2016-12-26,81.0,13.0,58.0,2.0,13.0,26,12,2016
2016-12-27,98.0,3.0,34.0,2.0,9.0,27,12,2016
2016-12-28,93.0,5.0,46.0,2.0,8.0,28,12,2016
2016-12-29,97.0,12.0,69.0,3.0,17.0,29,12,2016
2016-12-30,113.0,10.0,72.0,3.0,19.0,30,12,2016
2016-12-31,121.0,11.0,54.0,3.0,25.0,31,12,2016
2017-01-01,152.0,13.0,60.0,2.0,19.0,1,1,2017
2017-01-02,115.0,11.0,54.0,1.0,12.0,2,1,2017
2017-01-03,112.0,11.0,38.0,2.0,9.0,3,1,2017
2017-01-04,85.0,10.0,46.0,2.0,12.0,4,1,2017
2017-01-05,101.0,12.0,31.0,2.0,16.0,5,1,2017
2017-01-06,94.0,10.0,41.0,2.0,13.0,6,1,2017
2017-01-07,96.0,13.0,44.0,2.0,19.0,7,1,2017
2017-01-08,113.0,17.0,50.0,10.0,16.0,8,1,2017
2017-01-09,146.0,10.0,36.0,1.0,11.0,9,1,2017
2017-01-10,97.0,11.0,30.0,2.0,10.0,10,1,2017
2017-01-11,62.0,11.0,37.0,2.0,9.0,11,1,2017
2017-01-12,82.0,12.0,39.0,2.0,8.0,12,1,2017
2017-01-13,115.0,15.0,41.0,1.0,13.0,13,1,2017
2017-01-14,136.0,13.0,42.0,2.0,10.0,14,1,2017
2017-01-15,126.0,12.0,46.0,2.0,12.0,15,1,2017
2017-01-16,164.0,14.0,48.0,3.0,29.0,16,1,2017
2017-01-17,291.0,16.0,52.0,2.0,20.0,17,1,2017
2017-01-18,266.0,16.0,50.0,2.0,11.0,18,1,2017
2017-01-19,122.0,13.0,52.0,3.0,17.0,19,1,2017
2017-01-20,115.0,13.0,57.0,2.0,17.0,20,1,2017
2017-01-21,134.0,14.0,49.0,1.0,8.0,21,1,2017
2017-01-22,100.0,11.0,55.0,2.0,15.0,22,1,2017
2017-01-23,101.0,6.0,62.0,3.0,16.0,23,1,2017
2017-01-24,97.0,9.0,67.0,2.0,18.0,24,1,2017
2017-01-25,107.0,12.5,62.0,2.0,16.0,25,1,2017
2017-01-26,104.0,13.0,63.0,2.0,21.0,26,1,2017
2017-01-27,116.0,8.0,47.0,1.0,14.0,27,1,2017
2017-01-28,91.0,11.0,35.0,1.0,5.0,28,1,2017
2017-01-29,59.0,14.0,48.0,2.0,10.0,29,1,2017
2017-01-30,75.0,17.0,52.0,3.0,13.0,30,1,2017
2017-01-31,89.0,19.0,46.0,4.0,12.0,31,1,2017
2017-02-01,92.0,13.0,36.0,2.0,10.0,1,2,2017
2017-02-02,89.0,13.0,47.0,2.0,13.0,2,2,2017
2017-02-03,80.0,15.0,40.0,3.0,9.0,3,2,2017
2017-02-04,86.0,17.0,40.0,2.0,11.0,4,2,2017
2017-02-05,92.0,18.0,42.0,3.0,15.0,5,2,2017
2017-02-06,108.0,16.0,53.0,2.0,15.0,6,2,2017
2017-02-07,105.0,15.0,44.0,2.0,13.0,7,2,2017
2017-02-08,137.0,21.0,57.0,3.0,8.0,8,2,2017
2017-02-09,115.0,18.0,38.0,5.0,11.0,9,2,2017
2017-02-10,96.0,20.0,39.0,7.0,12.0,10,2,2017
2017-02-11,107.0,21.0,26.0,7.0,8.0,11,2,2017
2017-02-12,94.0,21.0,40.0,8.0,13.0,12,2,2017
2017-02-13,106.0,21.0,32.0,8.0,14.0,13,2,2017
2017-02-14,103.0,19.0,20.0,7.0,10.0,14,2,2017
2017-02-15,87.0,23.0,28.0,7.0,11.0,15,2,2017
2017-02-16,99.0,23.0,25.0,7.0,17.0,16,2,2017
2017-02-17,113.0,22.0,18.0,8.0,14.0,17,2,2017
2017-02-18,81.0,7.0,14.0,5.0,10.0,18,2,2017
2017-02-19,72.0,14.0,12.0,5.0,5.0,19,2,2017
2017-02-20,67.0,69.0,20.0,18.0,6.0,20,2,2017
2017-02-21,75.0,9.0,9.0,4.0,5.0,21,2,2017
2017-02-22,38.0,16.0,11.0,7.0,8.0,22,2,2017
2017-02-23,54.0,22.0,17.0,10.0,7.0,23,2,2017
2017-02-24,76.0,21.0,14.0,10.0,7.0,24,2,2017
2017-02-25,70.0,24.0,25.0,11.0,12.0,25,2,2017
2017-02-26,152.0,24.0,21.0,15.0,8.0,26,2,2017
2017-02-27,109.0,25.0,17.0,8.0,11.0,27,2,2017
2017-02-28,80.0,21.0,21.0,8.0,11.0,28,2,2017
2017-03-01,89.0,50.0,14.0,6.0,4.0,1,3,2017
2017-03-02,67.0,24.0,13.0,12.0,6.0,2,3,2017
2017-03-03,58.0,26.0,11.0,5.0,4.0,3,3,2017
2017-03-04,52.0,112.0,10.0,4.0,6.0,4,3,2017
2017-03-05,40.0,21.0,11.0,6.0,7.0,5,3,2017
2017-03-06,50.0,28.0,19.0,9.0,6.0,6,3,2017
2017-03-07,82.0,5.0,23.0,2.0,5.0,7,3,2017
2017-03-08,20.0,7.0,15.0,3.0,6.0,8,3,2017
2017-03-09,36.0,9.0,13.0,3.0,6.0,9,3,2017
2017-03-10,29.0,13.0,12.0,2.0,6.0,10,3,2017
2017-03-11,30.0,17.0,10.0,3.0,6.0,11,3,2017
2017-03-12,44.0,19.0,13.0,5.0,8.0,12,3,2017
2017-03-13,59.0,27.0,19.0,4.0,11.0,13,3,2017
2017-03-14,71.0,23.0,19.0,8.0,12.0,14,3,2017
2017-03-15,80.0,23.0,22.0,9.0,12.0,15,3,2017
2017-03-16,72.0,17.0,13.0,5.0,9.0,16,3,2017
2017-03-17,67.0,20.0,7.0,7.0,5.0,17,3,2017
2017-03-18,54.0,17.0,7.0,5.0,7.0,18,3,2017
2017-03-19,49.0,13.0,7.0,4.0,5.0,19,3,2017
2017-03-20,49.0,16.0,8.0,5.0,8.0,20,3,2017
2017-03-21,52.0,32.0,8.0,7.0,6.0,21,3,2017
2017-03-22,40.0,17.0,8.0,6.0,8.0,22,3,2017
2017-03-23,53.0,22.0,8.0,5.0,7.0,23,3,2017
2017-03-24,51.0,105.0,7.0,3.0,9.0,24,3,2017
2017-03-25,54.0,15.0,5.0,2.0,7.0,25,3,2017
2017-03-26,55.0,19.0,6.0,4.0,6.0,26,3,2017
2017-03-27,56.0,12.0,6.0,2.0,8.0,27,3,2017
2017-03-28,46.0,13.0,5.0,3.0,6.0,28,3,2017
2017-03-29,41.0,9.0,5.0,4.0,8.0,29,3,2017
2017-03-30,38.0,11.0,5.0,2.0,7.0,30,3,2017
2017-03-31,42.0,10.0,5.0,3.0,4.0,31,3,2017
2017-04-01,42.0,9.0,4.0,2.0,5.0,1,4,2017
2017-04-02,38.0,17.0,6.0,3.0,5.0,2,4,2017
2017-04-03,40.0,8.0,6.0,3.0,4.0,3,4,2017
2017-04-04,38.0,6.0,7.0,2.0,7.0,4,4,2017
2017-04-05,39.0,6.0,5.0,2.0,6.0,5,4,2017
2017-04-06,33.0,9.0,6.0,2.0,8.0,6,4,2017
2017-04-07,37.0,12.0,6.0,2.0,5.0,7,4,2017
2017-04-08,44.0,15.0,5.0,2.0,6.0,8,4,2017
2017-04-09,43.0,22.0,7.0,2.0,4.0,9,4,2017
2017-04-10,47.0,25.0,9.0,3.0,5.0,10,4,2017
2017-04-11,57.0,22.0,8.0,2.0,5.0,11,4,2017
2017-04-12,61.0,17.0,6.0,2.0,9.0,12,4,2017
2017-04-13,53.0,18.0,6.0,1.0,5.0,13,4,2017
2017-04-14,47.0,16.0,5.0,2.0,8.0,14,4,2017
2017-04-15,50.0,32.0,5.0,2.0,4.0,15,4,2017
2017-04-16,29.0,18.0,8.0,2.0,5.0,16,4,2017
2017-04-17,43.0,14.0,9.0,2.0,4.0,17,4,2017
2017-04-18,42.0,11.0,10.0,2.0,6.0,18,4,2017
2017-04-19,54.0,31.0,12.0,3.0,7.0,19,4,2017
2017-04-20,51.0,61.0,11.0,2.0,5.0,20,4,2017
2017-04-21,79.0,17.0,10.0,2.0,4.0,21,4,2017
2017-04-22,63.0,17.0,16.0,2.0,5.0,22,4,2017
2017-04-23,51.0,13.0,13.0,2.0,5.0,23,4,2017
2017-04-24,52.0,17.0,12.0,2.0,4.0,24,4,2017
2017-04-25,62.0,19.0,13.0,2.0,6.0,25,4,2017
2017-04-26,53.0,20.0,10.0,2.0,6.0,26,4,2017
2017-04-27,55.0,163.0,10.0,1.0,6.0,27,4,2017
2017-04-28,60.0,40.0,9.0,2.0,6.0,28,4,2017
2017-04-29,27.0,17.0,7.0,2.0,5.0,29,4,2017
2017-04-30,45.0,17.0,11.0,2.0,4.0,30,4,2017
2017-05-01,39.0,13.0,11.0,2.0,6.0,1,5,2017
2017-05-02,32.0,19.0,13.0,2.0,5.0,2,5,2017
2017-05-03,40.0,21.0,12.0,4.0,6.0,3,5,2017
2017-05-04,39.0,18.0,12.0,2.0,5.0,4,5,2017
2017-05-05,44.0,13.0,11.0,3.0,6.0,5,5,2017
2017-05-06,32.0,35.0,13.0,4.0,7.0,6,5,2017
2017-05-07,31.0,123.0,11.0,3.0,4.0,7,5,2017
2017-05-08,41.0,13.0,17.0,5.0,5.0,8,5,2017
2017-05-09,56.0,16.0,19.0,6.0,8.0,9,5,2017
2017-05-10,50.0,17.0,14.0,5.0,8.0,10,5,2017
2017-05-11,54.0,18.0,19.0,8.0,6.0,11,5,2017
2017-05-12,55.0,21.0,18.0,9.0,5.0,12,5,2017
2017-05-13,59.0,31.0,19.0,6.0,7.0,13,5,2017
2017-05-14,56.0,19.0,15.0,4.0,5.0,14,5,2017
2017-05-15,55.0,64.0,18.0,4.0,8.0,15,5,2017
2017-05-16,31.0,225.0,15.0,4.0,6.0,16,5,2017
2017-05-17,83.0,21.0,18.0,5.0,6.0,17,5,2017
2017-05-18,38.0,26.0,18.0,8.0,6.0,18,5,2017
2017-05-19,44.0,25.0,16.0,7.0,5.0,19,5,2017
2017-05-20,48.0,18.0,19.0,6.0,4.0,20,5,2017
2017-05-21,43.0,15.0,15.0,5.0,4.0,21,5,2017
2017-05-22,34.0,16.0,16.0,5.0,4.0,22,5,2017
2017-05-23,39.0,12.0,14.0,4.0,3.0,23,5,2017
2017-05-24,36.0,12.0,13.0,5.0,4.0,24,5,2017
2017-05-25,39.0,9.0,12.0,5.0,4.0,25,5,2017
2017-05-26,27.0,18.0,16.0,7.0,6.0,26,5,2017
2017-05-27,31.0,12.0,17.0,5.0,6.0,27,5,2017
2017-05-28,31.0,19.0,26.0,6.0,7.0,28,5,2017
2017-05-29,35.0,11.0,20.0,6.0,9.0,29,5,2017
2017-05-30,34.0,229.0,27.0,4.0,5.0,30,5,2017
2017-05-31,38.0,299.0,14.0,4.0,6.0,31,5,2017
2017-06-01,42.0,72.0,15.0,4.0,4.0,1,6,2017
2017-06-02,37.0,8.0,12.0,4.0,7.0,2,6,2017
2017-06-03,69.0,25.0,17.0,4.0,6.0,3,6,2017
2017-06-04,34.0,25.0,17.0,3.0,5.0,4,6,2017
2017-06-05,104.0,264.0,16.0,4.0,5.0,5,6,2017
2017-06-06,89.0,25.0,19.0,7.0,6.0,6,6,2017
2017-06-07,83.0,264.0,17.0,3.0,4.0,7,6,2017
2017-06-08,94.0,25.0,17.0,4.0,6.0,8,6,2017
2017-06-09,80.0,25.0,11.0,3.0,5.0,9,6,2017
2017-06-10,30.0,25.0,15.0,10.0,6.0,10,6,2017
2017-06-11,41.0,25.0,16.0,4.0,7.0,11,6,2017
2017-06-12,25.0,21.0,22.0,4.0,6.0,12,6,2017
2017-06-13,48.0,12.0,10.0,4.0,3.0,13,6,2017
2017-06-14,31.0,10.0,11.0,4.0,5.0,14,6,2017
2017-06-15,17.0,23.0,15.0,7.0,6.0,15,6,2017
2017-06-16,34.0,23.0,13.0,7.0,6.0,16,6,2017
2017-06-17,39.0,19.0,13.0,7.0,7.0,17,6,2017
2017-06-18,30.0,191.0,14.0,5.0,7.0,18,6,2017
2017-06-19,31.0,40.0,25.0,10.0,7.0,19,6,2017
2017-06-20,30.0,25.0,25.0,9.0,6.0,20,6,2017
2017-06-21,34.0,26.0,18.0,7.0,5.0,21,6,2017
2017-06-22,32.0,12.0,45.0,3.0,5.0,22,6,2017
2017-06-23,17.0,7.0,35.0,3.0,7.0,23,6,2017
2017-06-24,32.0,218.0,58.0,80.0,6.0,24,6,2017
2017-06-25,113.0,126.0,33.0,38.0,5.0,25,6,2017
2017-06-26,65.0,9.0,17.0,4.0,7.0,26,6,2017
2017-06-27,19.0,28.0,20.0,7.0,8.0,27,6,2017
2017-06-28,26.0,38.0,18.0,10.0,6.0,28,6,2017
2017-06-29,36.0,15.0,12.0,4.0,5.0,29,6,2017
2017-06-30,21.0,217.0,40.0,44.0,6.0,30,6,2017
2017-07-01,82.0,81.0,29.0,25.0,9.0,1,7,2017
2017-07-02,61.0,11.0,19.0,5.0,6.0,2,7,2017
2017-07-03,28.0,8.0,16.0,6.0,3.0,3,7,2017
2017-07-04,22.0,8.0,22.0,5.0,5.0,4,7,2017
2017-07-05,29.0,3.0,35.0,5.0,11.0,5,7,2017
2017-07-06,30.0,164.0,43.0,46.0,4.0,6,7,2017
2017-07-07,81.0,305.0,45.0,43.0,8.0,7,7,2017
2017-07-08,90.0,66.0,28.0,23.0,4.0,8,7,2017
2017-07-09,54.0,15.0,22.0,9.0,7.0,9,7,2017
2017-07-10,36.0,295.0,27.0,5.0,7.0,10,7,2017
2017-07-11,24.0,8.0,27.0,6.0,5.0,11,7,2017
2017-07-12,45.0,8.0,19.0,3.0,4.0,12,7,2017
2017-07-13,15.0,8.0,16.0,4.0,5.0,13,7,2017
2017-07-14,21.0,8.0,13.0,3.0,5.0,14,7,2017
2017-07-15,16.0,324.0,41.0,78.0,8.0,15,7,2017
2017-07-16,97.0,8.0,14.0,4.0,3.0,16,7,2017
2017-07-17,12.0,6.0,13.0,4.0,5.0,17,7,2017
2017-07-18,19.0,5.0,13.0,5.0,4.0,18,7,2017
2017-07-19,23.0,2.0,27.0,3.0,2.0,19,7,2017
2017-07-20,36.0,5.0,22.0,5.0,5.0,20,7,2017
2017-07-21,26.0,31.0,23.0,10.0,6.0,21,7,2017
2017-07-22,35.0,4.0,18.0,4.0,7.0,22,7,2017
2017-07-23,16.0,20.0,17.0,7.0,7.0,23,7,2017
2017-07-24,17.0,8.0,19.0,7.0,4.0,24,7,2017
2017-07-25,26.0,7.0,25.0,5.0,6.0,25,7,2017
2017-07-26,38.0,7.0,23.0,4.0,5.0,26,7,2017
2017-07-27,32.0,7.0,17.0,5.0,7.0,27,7,2017
2017-07-28,39.0,8.0,22.0,5.0,5.0,28,7,2017
2017-07-29,29.0,8.0,22.0,5.0,5.0,29,7,2017
2017-07-30,29.0,8.0,28.0,4.0,5.0,30,7,2017
2017-07-31,19.0,8.0,22.0,5.0,5.0,31,7,2017
2017-08-01,55.0,15.0,19.0,3.0,7.0,1,8,2017
2017-08-02,55.0,15.0,19.0,3.0,7.0,2,8,2017
2017-08-03,55.0,15.0,19.0,3.0,7.0,3,8,2017
2017-08-04,55.0,15.0,19.0,3.0,7.0,4,8,2017
2017-08-05,55.0,15.0,19.0,3.0,7.0,5,8,2017
2017-08-06,55.0,15.0,19.0,3.0,7.0,6,8,2017
2017-08-07,55.0,15.0,19.0,3.0,7.0,7,8,2017
2017-08-08,55.0,15.0,19.0,3.0,7.0,8,8,2017
2017-08-09,55.0,15.0,19.0,3.0,7.0,9,8,2017
2017-08-10,55.0,15.0,19.0,3.0,7.0,10,8,2017
2017-08-11,55.0,15.0,19.0,3.0,7.0,11,8,2017
2017-08-12,55.0,15.0,19.0,3.0,7.0,12,8,2017
2017-08-13,55.0,15.0,19.0,3.0,7.0,13,8,2017
2017-08-14,55.0,15.0,19.0,3.0,7.0,14,8,2017
2017-08-15,55.0,15.0,19.0,3.0,7.0,15,8,2017
2017-08-16,55.0,15.0,19.0,3.0,7.0,16,8,2017
2017-08-17,55.0,15.0,19.0,3.0,7.0,17,8,2017
2017-08-18,55.0,15.0,19.0,3.0,7.0,18,8,2017
2017-08-19,55.0,15.0,19.0,3.0,7.0,19,8,2017
2017-08-20,55.0,15.0,19.0,3.0,7.0,20,8,2017
2017-08-21,55.0,15.0,19.0,3.0,7.0,21,8,2017
2017-08-22,55.0,15.0,19.0,3.0,7.0,22,8,2017
2017-08-23,55.0,15.0,19.0,3.0,7.0,23,8,2017
2017-08-24,55.0,15.0,19.0,3.0,7.0,24,8,2017
2017-08-25,55.0,15.0,19.0,3.0,7.0,25,8,2017
2017-08-26,55.0,15.0,19.0,3.0,7.0,26,8,2017
2017-08-27,55.0,15.0,19.0,3.0,7.0,27,8,2017
2017-08-28,55.0,15.0,19.0,3.0,7.0,28,8,2017
2017-08-29,55.0,15.0,19.0,3.0,7.0,29,8,2017
2017-08-30,55.0,15.0,19.0,3.0,7.0,30,8,2017
2017-08-31,55.0,15.0,19.0,3.0,7.0,31,8,2017
2017-09-01,55.0,15.0,19.0,3.0,7.0,1,9,2017
2017-09-02,55.0,15.0,19.0,3.0,7.0,2,9,2017
2017-09-03,55.0,15.0,19.0,3.0,7.0,3,9,2017
2017-09-04,55.0,15.0,19.0,3.0,7.0,4,9,2017
2017-09-05,55.0,15.0,19.0,3.0,7.0,5,9,2017
2017-09-06,55.0,15.0,19.0,3.0,7.0,6,9,2017
2017-09-07,55.0,15.0,19.0,3.0,7.0,7,9,2017
2017-09-08,55.0,15.0,19.0,3.0,7.0,8,9,2017
2017-09-09,55.0,15.0,19.0,3.0,7.0,9,9,2017
2017-09-10,55.0,15.0,19.0,3.0,7.0,10,9,2017
2017-09-11,55.0,15.0,19.0,3.0,7.0,11,9,2017
2017-09-12,55.0,15.0,19.0,3.0,7.0,12,9,2017
2017-09-13,55.0,15.0,19.0,3.0,7.0,13,9,2017
2017-09-14,55.0,15.0,19.0,3.0,7.0,14,9,2017
2017-09-15,55.0,15.0,19.0,3.0,7.0,15,9,2017
2017-09-16,55.0,15.0,19.0,3.0,7.0,16,9,2017
2017-09-17,55.0,15.0,19.0,3.0,7.0,17,9,2017
2017-09-18,55.0,15.0,19.0,3.0,7.0,18,9,2017
2017-09-19,55.0,15.0,19.0,3.0,7.0,19,9,2017
2017-09-20,55.0,15.0,19.0,3.0,7.0,20,9,2017
2017-09-21,55.0,15.0,19.0,3.0,7.0,21,9,2017
2017-09-22,55.0,15.0,19.0,3.0,7.0,22,9,2017
2017-09-23,55.0,15.0,19.0,3.0,7.0,23,9,2017
2017-09-24,55.0,15.0,19.0,3.0,7.0,24,9,2017
2017-09-25,55.0,15.0,19.0,3.0,7.0,25,9,2017
2017-09-26,55.0,15.0,19.0,3.0,7.0,26,9,2017
2017-09-27,55.0,15.0,19.0,3.0,7.0,27,9,2017
2017-09-28,55.0,15.0,19.0,3.0,7.0,28,9,2017
2017-09-29,55.0,15.0,19.0,3.0,7.0,29,9,2017
2017-09-30,55.0,15.0,19.0,3.0,7.0,30,9,2017
2017-10-01,77.5,13.5,24.5,2.5,10.5,1,10,2017
2017-10-02,77.5,13.5,24.5,2.5,10.5,2,10,2017
2017-10-03,77.5,13.5,24.5,2.5,10.5,3,10,2017
2017-10-04,77.5,13.5,24.5,2.5,10.5,4,10,2017
2017-10-05,77.5,13.5,24.5,2.5,10.5,5,10,2017
2017-10-06,77.5,13.5,24.5,2.5,10.5,6,10,2017
2017-10-07,77.5,13.5,24.5,2.5,10.5,7,10,2017
2017-10-08,77.5,13.5,24.5,2.5,10.5,8,10,2017
2017-10-09,77.5,13.5,24.5,2.5,10.5,9,10,2017
2017-10-10,77.5,13.5,24.5,2.5,10.5,10,10,2017
2017-10-11,77.5,9.0,10.0,3.0,7.0,11,10,2017
2017-10-12,15.0,13.5,24.5,2.5,10.5,12,10,2017
2017-10-13,77.5,13.5,24.5,2.5,10.5,13,10,2017
2017-10-14,77.5,13.5,24.5,2.5,10.5,14,10,2017
2017-10-15,77.5,21.0,26.0,2.0,11.0,15,10,2017
2017-10-16,75.0,18.0,27.0,2.0,10.0,16,10,2017
2017-10-17,80.0,6.0,23.0,3.0,12.0,17,10,2017
2017-10-18,99.0,13.5,24.5,2.5,10.5,18,10,2017
2017-10-19,77.5,13.5,24.5,2.5,10.5,19,10,2017
2017-10-20,77.5,13.5,24.5,2.5,10.5,20,10,2017
2017-10-21,77.5,13.5,24.5,2.5,10.5,21,10,2017
2017-10-22,77.5,13.5,24.5,2.5,10.5,22,10,2017
2017-10-23,77.5,13.5,24.5,2.5,10.5,23,10,2017
2017-10-24,77.5,13.5,24.5,2.5,10.5,24,10,2017
2017-10-25,77.5,13.5,24.5,2.5,10.5,25,10,2017
2017-10-26,77.5,13.5,24.5,2.5,10.5,26,10,2017
2017-10-27,77.5,13.5,24.5,2.5,10.5,27,10,2017
2017-10-28,77.5,13.5,24.5,2.5,10.5,28,10,2017
2017-10-29,77.5,13.5,24.5,2.5,10.5,29,10,2017
2017-10-30,77.5,13.5,24.5,2.5,10.5,30,10,2017
2017-10-31,77.5,13.5,24.5,2.5,10.5,31,10,2017
2017-11-01,55.0,15.0,19.0,3.0,7.0,1,11,2017
2017-11-02,55.0,15.0,19.0,3.0,7.0,2,11,2017
2017-11-03,55.0,15.0,19.0,3.0,7.0,3,11,2017
2017-11-04,55.0,15.0,19.0,3.0,7.0,4,11,2017
2017-11-05,55.0,15.0,19.0,3.0,7.0,5,11,2017
2017-11-06,55.0,15.0,19.0,3.0,7.0,6,11,2017
2017-11-07,55.0,15.0,19.0,3.0,7.0,7,11,2017
2017-11-08,55.0,15.0,19.0,3.0,7.0,8,11,2017
2017-11-09,55.0,15.0,19.0,3.0,7.0,9,11,2017
2017-11-10,55.0,15.0,19.0,3.0,7.0,10,11,2017
2017-11-11,55.0,15.0,19.0,3.0,7.0,11,11,2017
2017-11-12,55.0,15.0,19.0,3.0,7.0,12,11,2017
2017-11-13,55.0,15.0,19.0,3.0,7.0,13,11,2017
2017-11-14,55.0,15.0,19.0,3.0,7.0,14,11,2017
2017-11-15,55.0,15.0,19.0,3.0,7.0,15,11,2017
2017-11-16,55.0,15.0,19.0,3.0,7.0,16,11,2017
2017-11-17,55.0,15.0,19.0,3.0,7.0,17,11,2017
2017-11-18,55.0,15.0,19.0,3.0,7.0,18,11,2017
2017-11-19,55.0,15.0,19.0,3.0,7.0,19,11,2017
2017-11-20,55.0,15.0,19.0,3.0,7.0,20,11,2017
2017-11-21,55.0,15.0,19.0,3.0,7.0,21,11,2017
2017-11-22,55.0,15.0,19.0,3.0,7.0,22,11,2017
2017-11-23,55.0,15.0,19.0,3.0,7.0,23,11,2017
2017-11-24,55.0,15.0,19.0,3.0,7.0,24,11,2017
2017-11-25,55.0,15.0,19.0,3.0,7.0,25,11,2017
2017-11-26,55.0,15.0,19.0,3.0,7.0,26,11,2017
2017-11-27,55.0,15.0,19.0,3.0,7.0,27,11,2017
2017-11-28,55.0,15.0,19.0,3.0,7.0,28,11,2017
2017-11-29,55.0,15.0,19.0,3.0,7.0,29,11,2017
2017-11-30,55.0,15.0,19.0,3.0,7.0,30,11,2017
2017-12-01,55.0,15.0,19.0,3.0,7.0,1,12,2017
2017-12-02,55.0,15.0,19.0,3.0,7.0,2,12,2017
2017-12-03,55.0,15.0,19.0,3.0,7.0,3,12,2017
2017-12-04,55.0,15.0,19.0,3.0,7.0,4,12,2017
2017-12-05,55.0,15.0,19.0,3.0,7.0,5,12,2017
2017-12-06,55.0,15.0,19.0,3.0,7.0,6,12,2017
2017-12-07,55.0,15.0,19.0,3.0,7.0,7,12,2017
2017-12-08,55.0,15.0,19.0,3.0,7.0,8,12,2017
2017-12-09,55.0,15.0,19.0,3.0,7.0,9,12,2017
2017-12-10,55.0,15.0,19.0,3.0,7.0,10,12,2017
2017-12-11,55.0,15.0,19.0,3.0,7.0,11,12,2017
2017-12-12,55.0,15.0,19.0,3.0,7.0,12,12,2017
2017-12-13,55.0,15.0,19.0,3.0,7.0,13,12,2017
2017-12-14,55.0,15.0,19.0,3.0,7.0,14,12,2017
2017-12-15,55.0,15.0,19.0,3.0,7.0,15,12,2017
2017-12-16,55.0,15.0,19.0,3.0,7.0,16,12,2017
2017-12-17,55.0,15.0,19.0,3.0,7.0,17,12,2017
2017-12-18,55.0,15.0,19.0,3.0,7.0,18,12,2017
2017-12-19,55.0,15.0,19.0,3.0,7.0,19,12,2017
2017-12-20,55.0,15.0,19.0,3.0,7.0,20,12,2017
2017-12-21,55.0,15.0,19.0,3.0,7.0,21,12,2017
2017-12-22,55.0,15.0,19.0,3.0,7.0,22,12,2017
2017-12-23,55.0,15.0,19.0,3.0,7.0,23,12,2017
2017-12-24,55.0,15.0,19.0,3.0,7.0,24,12,2017
2017-12-25,55.0,15.0,19.0,3.0,7.0,25,12,2017
2017-12-26,55.0,15.0,19.0,3.0,7.0,26,12,2017
2017-12-27,55.0,15.0,19.0,3.0,7.0,27,12,2017
2017-12-28,55.0,15.0,19.0,3.0,7.0,28,12,2017
2017-12-29,55.0,15.0,19.0,3.0,7.0,29,12,2017
2017-12-30,55.0,15.0,19.0,3.0,7.0,30,12,2017
2017-12-31,55.0,15.0,19.0,3.0,7.0,31,12,2017
2018-01-01,116.0,27.0,43.0,7.0,14.0,1,1,2018
2018-01-02,116.0,27.0,43.0,7.0,14.0,2,1,2018
2018-01-03,116.0,27.0,43.0,7.0,14.0,3,1,2018
2018-01-04,116.0,27.0,43.0,7.0,14.0,4,1,2018
2018-01-05,116.0,27.0,43.0,7.0,14.0,5,1,2018
2018-01-06,116.0,27.0,43.0,7.0,14.0,6,1,2018
2018-01-07,116.0,27.0,43.0,7.0,14.0,7,1,2018
2018-01-08,116.0,27.0,43.0,7.0,14.0,8,1,2018
2018-01-09,116.0,27.0,43.0,7.0,14.0,9,1,2018
2018-01-10,116.0,27.0,43.0,7.0,14.0,10,1,2018
2018-01-11,116.0,27.0,43.0,7.0,14.0,11,1,2018
2018-01-12,116.0,27.0,43.0,7.0,14.0,12,1,2018
2018-01-13,116.0,27.0,43.0,7.0,14.0,13,1,2018
2018-01-14,116.0,27.0,43.0,7.0,14.0,14,1,2018
2018-01-15,116.0,27.0,43.0,7.0,14.0,15,1,2018
2018-01-16,116.0,27.0,43.0,7.0,14.0,16,1,2018
2018-01-17,116.0,27.0,43.0,7.0,14.0,17,1,2018
2018-01-18,116.0,27.0,43.0,7.0,14.0,18,1,2018
2018-01-19,116.0,27.0,43.0,7.0,14.0,19,1,2018
2018-01-20,116.0,27.0,43.0,7.0,14.0,20,1,2018
2018-01-21,116.0,27.0,43.0,7.0,14.0,21,1,2018
2018-01-22,116.0,27.0,43.0,7.0,14.0,22,1,2018
2018-01-23,116.0,27.0,43.0,7.0,14.0,23,1,2018
2018-01-24,116.0,27.0,43.0,7.0,14.0,24,1,2018
2018-01-25,116.0,27.0,43.0,7.0,14.0,25,1,2018
2018-01-26,116.0,27.0,43.0,7.0,14.0,26,1,2018
2018-01-27,116.0,27.0,43.0,7.0,14.0,27,1,2018
2018-01-28,116.0,27.0,43.0,7.0,14.0,28,1,2018
2018-01-29,116.0,27.0,43.0,7.0,14.0,29,1,2018
2018-01-30,116.0,27.0,43.0,7.0,14.0,30,1,2018
2018-01-31,116.0,27.0,43.0,7.0,14.0,31,1,2018
2018-02-01,116.0,27.0,43.0,7.0,14.0,1,2,2018
2018-02-02,116.0,27.0,43.0,7.0,14.0,2,2,2018
2018-02-03,116.0,27.0,43.0,7.0,14.0,3,2,2018
2018-02-04,116.0,27.0,43.0,7.0,14.0,4,2,2018
2018-02-05,116.0,27.0,43.0,7.0,14.0,5,2,2018
2018-02-06,116.0,27.0,43.0,7.0,14.0,6,2,2018
2018-02-07,116.0,27.0,43.0,7.0,14.0,7,2,2018
2018-02-08,116.0,27.0,43.0,7.0,14.0,8,2,2018
2018-02-09,116.0,27.0,43.0,7.0,14.0,9,2,2018
2018-02-10,116.0,27.0,43.0,7.0,14.0,10,2,2018
2018-02-11,116.0,27.0,43.0,7.0,14.0,11,2,2018
2018-02-12,116.0,27.0,43.0,7.0,14.0,12,2,2018
2018-02-13,116.0,27.0,43.0,7.0,14.0,13,2,2018
2018-02-14,116.0,27.0,43.0,7.0,14.0,14,2,2018
2018-02-15,116.0,27.0,43.0,7.0,14.0,15,2,2018
2018-02-16,116.0,27.0,43.0,7.0,14.0,16,2,2018
2018-02-17,116.0,27.0,43.0,7.0,14.0,17,2,2018
2018-02-18,116.0,27.0,43.0,7.0,14.0,18,2,2018
2018-02-19,116.0,27.0,43.0,7.0,14.0,19,2,2018
2018-02-20,116.0,27.0,43.0,7.0,14.0,20,2,2018
2018-02-21,116.0,27.0,43.0,7.0,14.0,21,2,2018
2018-02-22,116.0,27.0,43.0,7.0,14.0,22,2,2018
2018-02-23,116.0,27.0,43.0,7.0,14.0,23,2,2018
2018-02-24,116.0,27.0,43.0,7.0,14.0,24,2,2018
2018-02-25,116.0,27.0,43.0,7.0,14.0,25,2,2018
2018-02-26,116.0,27.0,43.0,7.0,14.0,26,2,2018
2018-02-27,116.0,27.0,43.0,7.0,14.0,27,2,2018
2018-02-28,116.0,27.0,43.0,7.0,14.0,28,2,2018
2018-03-01,116.0,27.0,43.0,7.0,14.0,1,3,2018
2018-03-02,116.0,27.0,43.0,7.0,14.0,2,3,2018
2018-03-03,116.0,27.0,43.0,7.0,14.0,3,3,2018
2018-03-04,116.0,27.0,43.0,7.0,14.0,4,3,2018
2018-03-05,116.0,27.0,43.0,7.0,14.0,5,3,2018
2018-03-06,116.0,27.0,43.0,7.0,14.0,6,3,2018
2018-03-07,116.0,27.0,43.0,7.0,14.0,7,3,2018
2018-03-08,116.0,27.0,43.0,7.0,14.0,8,3,2018
2018-03-09,116.0,27.0,43.0,7.0,14.0,9,3,2018
2018-03-10,116.0,27.0,43.0,7.0,14.0,10,3,2018
2018-03-11,116.0,27.0,43.0,7.0,14.0,11,3,2018
2018-03-12,116.0,27.0,43.0,7.0,14.0,12,3,2018
2018-03-13,116.0,27.0,43.0,7.0,14.0,13,3,2018
2018-03-14,116.0,27.0,43.0,7.0,14.0,14,3,2018
2018-03-15,116.0,27.0,43.0,7.0,14.0,15,3,2018
2018-03-16,116.0,27.0,43.0,7.0,14.0,16,3,2018
2018-03-17,116.0,27.0,43.0,7.0,14.0,17,3,2018
2018-03-18,116.0,27.0,43.0,7.0,14.0,18,3,2018
2018-03-19,116.0,27.0,43.0,7.0,14.0,19,3,2018
2018-03-20,116.0,27.0,43.0,7.0,14.0,20,3,2018
2018-03-21,116.0,27.0,43.0,7.0,14.0,21,3,2018
2018-03-22,116.0,27.0,43.0,7.0,14.0,22,3,2018
2018-03-23,116.0,27.0,43.0,7.0,14.0,23,3,2018
2018-03-24,116.0,27.0,43.0,7.0,14.0,24,3,2018
2018-03-25,116.0,27.0,43.0,7.0,14.0,25,3,2018
2018-03-26,116.0,27.0,43.0,7.0,14.0,26,3,2018
2018-03-27,116.0,27.0,43.0,7.0,14.0,27,3,2018
2018-03-28,116.0,27.0,43.0,7.0,14.0,28,3,2018
2018-03-29,116.0,27.0,43.0,7.0,14.0,29,3,2018
2018-03-30,116.0,27.0,43.0,7.0,14.0,30,3,2018
2018-03-31,116.0,27.0,43.0,7.0,14.0,31,3,2018
2018-04-01,116.0,27.0,43.0,7.0,14.0,1,4,2018
2018-04-02,116.0,27.0,43.0,7.0,14.0,2,4,2018
2018-04-03,116.0,27.0,43.0,7.0,14.0,3,4,2018
2018-04-04,116.0,27.0,43.0,7.0,14.0,4,4,2018
2018-04-05,116.0,27.0,43.0,7.0,14.0,5,4,2018
2018-04-06,116.0,27.0,43.0,7.0,14.0,6,4,2018
2018-04-07,116.0,27.0,43.0,7.0,14.0,7,4,2018
2018-04-08,116.0,27.0,43.0,7.0,14.0,8,4,2018
2018-04-09,116.0,27.0,43.0,7.0,14.0,9,4,2018
2018-04-10,116.0,27.0,43.0,7.0,14.0,10,4,2018
2018-04-11,116.0,27.0,43.0,7.0,14.0,11,4,2018
2018-04-12,116.0,27.0,43.0,7.0,14.0,12,4,2018
2018-04-13,116.0,27.0,43.0,7.0,14.0,13,4,2018
2018-04-14,116.0,27.0,43.0,7.0,14.0,14,4,2018
2018-04-15,116.0,27.0,43.0,7.0,14.0,15,4,2018
2018-04-16,116.0,27.0,43.0,7.0,14.0,16,4,2018
2018-04-17,116.0,27.0,43.0,7.0,14.0,17,4,2018
2018-04-18,116.0,27.0,43.0,7.0,14.0,18,4,2018
2018-04-19,116.0,27.0,43.0,7.0,14.0,19,4,2018
2018-04-20,116.0,27.0,43.0,7.0,14.0,20,4,2018
2018-04-21,116.0,27.0,43.0,7.0,14.0,21,4,2018
2018-04-22,116.0,27.0,43.0,7.0,14.0,22,4,2018
2018-04-23,116.0,27.0,43.0,7.0,14.0,23,4,2018
2018-04-24,116.0,27.0,43.0,7.0,14.0,24,4,2018
2018-04-25,116.0,27.0,43.0,7.0,14.0,25,4,2018
2018-04-26,116.0,27.0,43.0,7.0,14.0,26,4,2018
2018-04-27,116.0,27.0,43.0,7.0,14.0,27,4,2018
2018-04-28,116.0,27.0,43.0,7.0,14.0,28,4,2018
2018-04-29,116.0,27.0,43.0,7.0,14.0,29,4,2018
2018-04-30,116.0,27.0,43.0,7.0,14.0,30,4,2018
2018-05-01,116.0,27.0,43.0,7.0,14.0,1,5,2018
2018-05-02,116.0,27.0,43.0,7.0,14.0,2,5,2018
2018-05-03,116.0,27.0,43.0,7.0,14.0,3,5,2018
2018-05-04,116.0,27.0,43.0,7.0,14.0,4,5,2018
2018-05-05,116.0,27.0,43.0,7.0,14.0,5,5,2018
2018-05-06,116.0,27.0,43.0,7.0,14.0,6,5,2018
2018-05-07,116.0,27.0,43.0,7.0,14.0,7,5,2018
2018-05-08,116.0,27.0,43.0,7.0,14.0,8,5,2018
2018-05-09,116.0,27.0,43.0,7.0,14.0,9,5,2018
2018-05-10,116.0,27.0,43.0,7.0,14.0,10,5,2018
2018-05-11,116.0,27.0,43.0,7.0,14.0,11,5,2018
2018-05-12,116.0,27.0,43.0,7.0,14.0,12,5,2018
2018-05-13,116.0,27.0,43.0,7.0,14.0,13,5,2018
2018-05-14,116.0,27.0,43.0,7.0,14.0,14,5,2018
2018-05-15,116.0,27.0,43.0,7.0,14.0,15,5,2018
2018-05-16,116.0,27.0,43.0,7.0,14.0,16,5,2018
2018-05-17,116.0,27.0,43.0,7.0,14.0,17,5,2018
2018-05-18,116.0,27.0,43.0,7.0,14.0,18,5,2018
2018-05-19,116.0,27.0,43.0,7.0,14.0,19,5,2018
2018-05-20,116.0,27.0,43.0,7.0,14.0,20,5,2018
2018-05-21,116.0,27.0,43.0,7.0,14.0,21,5,2018
2018-05-22,116.0,27.0,43.0,7.0,14.0,22,5,2018
2018-05-23,116.0,27.0,43.0,7.0,14.0,23,5,2018
2018-05-24,116.0,27.0,43.0,7.0,14.0,24,5,2018
2018-05-25,116.0,27.0,43.0,7.0,14.0,25,5,2018
2018-05-26,116.0,27.0,43.0,7.0,14.0,26,5,2018
2018-05-27,116.0,27.0,43.0,7.0,14.0,27,5,2018
2018-05-28,116.0,27.0,43.0,7.0,14.0,28,5,2018
2018-05-29,116.0,27.0,43.0,7.0,14.0,29,5,2018
2018-05-30,116.0,27.0,43.0,7.0,14.0,30,5,2018
2018-05-31,116.0,27.0,43.0,7.0,14.0,31,5,2018
2018-06-01,116.0,27.0,43.0,7.0,14.0,1,6,2018
2018-06-02,116.0,27.0,43.0,7.0,14.0,2,6,2018
2018-06-03,116.0,27.0,43.0,7.0,14.0,3,6,2018
2018-06-04,116.0,27.0,43.0,7.0,14.0,4,6,2018
2018-06-05,116.0,27.0,43.0,7.0,14.0,5,6,2018
2018-06-06,116.0,27.0,43.0,7.0,14.0,6,6,2018
2018-06-07,116.0,27.0,43.0,7.0,14.0,7,6,2018
2018-06-08,116.0,27.0,43.0,7.0,14.0,8,6,2018
2018-06-09,116.0,27.0,43.0,7.0,14.0,9,6,2018
2018-06-10,116.0,27.0,43.0,7.0,14.0,10,6,2018
2018-06-11,116.0,27.0,43.0,7.0,14.0,11,6,2018
2018-06-12,116.0,27.0,43.0,7.0,14.0,12,6,2018
2018-06-13,116.0,27.0,43.0,7.0,14.0,13,6,2018
2018-06-14,116.0,27.0,43.0,7.0,14.0,14,6,2018
2018-06-15,116.0,27.0,43.0,7.0,14.0,15,6,2018
2018-06-16,116.0,27.0,43.0,7.0,14.0,16,6,2018
2018-06-17,116.0,27.0,43.0,7.0,14.0,17,6,2018
2018-06-18,116.0,27.0,43.0,7.0,14.0,18,6,2018
2018-06-19,116.0,27.0,43.0,7.0,14.0,19,6,2018
2018-06-20,116.0,27.0,43.0,7.0,14.0,20,6,2018
2018-06-21,116.0,27.0,43.0,7.0,14.0,21,6,2018
2018-06-22,116.0,27.0,43.0,7.0,14.0,22,6,2018
2018-06-23,116.0,27.0,43.0,7.0,14.0,23,6,2018
2018-06-24,116.0,27.0,43.0,7.0,14.0,24,6,2018
2018-06-25,116.0,27.0,43.0,7.0,14.0,25,6,2018
2018-06-26,116.0,27.0,43.0,7.0,14.0,26,6,2018
2018-06-27,116.0,27.0,43.0,7.0,14.0,27,6,2018
2018-06-28,116.0,27.0,43.0,7.0,14.0,28,6,2018
2018-06-29,116.0,27.0,43.0,7.0,14.0,29,6,2018
2018-06-30,116.0,27.0,43.0,7.0,14.0,30,6,2018
2018-07-01,116.0,27.0,43.0,7.0,14.0,1,7,2018
2018-07-02,116.0,27.0,43.0,7.0,14.0,2,7,2018
2018-07-03,116.0,27.0,43.0,7.0,14.0,3,7,2018
2018-07-04,116.0,27.0,43.0,7.0,14.0,4,7,2018
2018-07-05,116.0,27.0,43.0,7.0,14.0,5,7,2018
2018-07-06,116.0,27.0,43.0,7.0,14.0,6,7,2018
2018-07-07,116.0,27.0,43.0,7.0,14.0,7,7,2018
2018-07-08,116.0,27.0,43.0,7.0,14.0,8,7,2018
2018-07-09,116.0,27.0,43.0,7.0,14.0,9,7,2018
2018-07-10,116.0,27.0,43.0,7.0,14.0,10,7,2018
2018-07-11,116.0,27.0,43.0,7.0,14.0,11,7,2018
2018-07-12,116.0,27.0,43.0,7.0,14.0,12,7,2018
2018-07-13,116.0,27.0,43.0,7.0,14.0,13,7,2018
2018-07-14,116.0,27.0,43.0,7.0,14.0,14,7,2018
2018-07-15,116.0,27.0,43.0,7.0,14.0,15,7,2018
2018-07-16,116.0,27.0,43.0,7.0,14.0,16,7,2018
2018-07-17,116.0,27.0,43.0,7.0,14.0,17,7,2018
2018-07-18,116.0,27.0,43.0,7.0,14.0,18,7,2018
2018-07-19,116.0,27.0,43.0,7.0,14.0,19,7,2018
2018-07-20,116.0,27.0,43.0,7.0,14.0,20,7,2018
2018-07-21,116.0,27.0,43.0,7.0,14.0,21,7,2018
2018-07-22,116.0,27.0,43.0,7.0,14.0,22,7,2018
2018-07-23,116.0,27.0,43.0,7.0,14.0,23,7,2018
2018-07-24,116.0,27.0,43.0,7.0,14.0,24,7,2018
2018-07-25,116.0,27.0,43.0,7.0,14.0,25,7,2018
2018-07-26,116.0,27.0,43.0,7.0,14.0,26,7,2018
2018-07-27,116.0,27.0,43.0,7.0,14.0,27,7,2018
2018-07-28,116.0,27.0,43.0,7.0,14.0,28,7,2018
2018-07-29,116.0,27.0,43.0,7.0,14.0,29,7,2018
2018-07-30,116.0,27.0,43.0,7.0,14.0,30,7,2018
2018-07-31,116.0,27.0,43.0,7.0,14.0,31,7,2018
2018-08-01,116.0,27.0,43.0,7.0,14.0,1,8,2018
2018-08-02,116.0,27.0,43.0,7.0,14.0,2,8,2018
2018-08-03,116.0,27.0,43.0,7.0,14.0,3,8,2018
2018-08-04,116.0,27.0,43.0,7.0,14.0,4,8,2018
2018-08-05,116.0,27.0,43.0,7.0,14.0,5,8,2018
2018-08-06,116.0,27.0,43.0,7.0,14.0,6,8,2018
2018-08-07,116.0,27.0,43.0,7.0,14.0,7,8,2018
2018-08-08,116.0,27.0,43.0,7.0,14.0,8,8,2018
2018-08-09,116.0,27.0,43.0,7.0,14.0,9,8,2018
2018-08-10,116.0,27.0,43.0,7.0,14.0,10,8,2018
2018-08-11,116.0,27.0,43.0,7.0,14.0,11,8,2018
2018-08-12,116.0,27.0,43.0,7.0,14.0,12,8,2018
2018-08-13,116.0,27.0,43.0,7.0,14.0,13,8,2018
2018-08-14,116.0,27.0,43.0,7.0,14.0,14,8,2018
2018-08-15,116.0,27.0,43.0,7.0,14.0,15,8,2018
2018-08-16,116.0,27.0,43.0,7.0,14.0,16,8,2018
2018-08-17,116.0,27.0,43.0,7.0,14.0,17,8,2018
2018-08-18,116.0,27.0,43.0,7.0,14.0,18,8,2018
2018-08-19,116.0,27.0,43.0,7.0,14.0,19,8,2018
2018-08-20,116.0,27.0,43.0,7.0,14.0,20,8,2018
2018-08-21,116.0,27.0,43.0,7.0,14.0,21,8,2018
2018-08-22,116.0,27.0,43.0,7.0,14.0,22,8,2018
2018-08-23,116.0,27.0,43.0,7.0,14.0,23,8,2018
2018-08-24,116.0,27.0,43.0,7.0,14.0,24,8,2018
2018-08-25,116.0,27.0,43.0,7.0,14.0,25,8,2018
2018-08-26,116.0,27.0,43.0,7.0,14.0,26,8,2018
2018-08-27,116.0,27.0,43.0,7.0,14.0,27,8,2018
2018-08-28,116.0,27.0,43.0,7.0,14.0,28,8,2018
2018-08-29,116.0,27.0,43.0,7.0,14.0,29,8,2018
2018-08-30,116.0,27.0,43.0,7.0,14.0,30,8,2018
2018-08-31,116.0,27.0,43.0,7.0,14.0,31,8,2018
2018-09-01,116.0,27.0,43.0,7.0,14.0,1,9,2018
2018-09-02,116.0,27.0,43.0,7.0,14.0,2,9,2018
2018-09-03,116.0,27.0,43.0,7.0,14.0,3,9,2018
2018-09-04,116.0,27.0,43.0,7.0,14.0,4,9,2018
2018-09-05,116.0,27.0,43.0,7.0,14.0,5,9,2018
2018-09-06,116.0,27.0,43.0,7.0,14.0,6,9,2018
2018-09-07,116.0,27.0,43.0,7.0,14.0,7,9,2018
2018-09-08,116.0,27.0,43.0,7.0,14.0,8,9,2018
2018-09-09,116.0,27.0,43.0,7.0,14.0,9,9,2018
2018-09-10,116.0,27.0,43.0,7.0,14.0,10,9,2018
2018-09-11,116.0,27.0,43.0,7.0,14.0,11,9,2018
2018-09-12,116.0,27.0,43.0,7.0,14.0,12,9,2018
2018-09-13,116.0,27.0,43.0,7.0,14.0,13,9,2018
2018-09-14,116.0,27.0,43.0,7.0,14.0,14,9,2018
2018-09-15,116.0,27.0,43.0,7.0,14.0,15,9,2018
2018-09-16,116.0,27.0,43.0,7.0,14.0,16,9,2018
2018-09-17,116.0,27.0,43.0,7.0,14.0,17,9,2018
2018-09-18,116.0,27.0,43.0,7.0,14.0,18,9,2018
2018-09-19,116.0,27.0,43.0,7.0,14.0,19,9,2018
2018-09-20,116.0,27.0,43.0,7.0,14.0,20,9,2018
2018-09-21,116.0,27.0,43.0,7.0,14.0,21,9,2018
2018-09-22,116.0,27.0,43.0,7.0,14.0,22,9,2018
2018-09-23,116.0,27.0,43.0,7.0,14.0,23,9,2018
2018-09-24,116.0,27.0,43.0,7.0,14.0,24,9,2018
2018-09-25,116.0,27.0,43.0,7.0,14.0,25,9,2018
2018-09-26,116.0,27.0,43.0,7.0,14.0,26,9,2018
2018-09-27,116.0,27.0,43.0,7.0,14.0,27,9,2018
2018-09-28,116.0,27.0,43.0,7.0,14.0,28,9,2018
2018-09-29,116.0,27.0,43.0,7.0,14.0,29,9,2018
2018-09-30,116.0,27.0,43.0,7.0,14.0,30,9,2018
2018-10-01,116.0,27.0,43.0,7.0,14.0,1,10,2018
2018-10-02,116.0,27.0,43.0,7.0,14.0,2,10,2018
2018-10-03,116.0,27.0,43.0,7.0,14.0,3,10,2018
2018-10-04,116.0,27.0,43.0,7.0,14.0,4,10,2018
2018-10-05,116.0,27.0,43.0,7.0,14.0,5,10,2018
2018-10-06,116.0,27.0,43.0,7.0,14.0,6,10,2018
2018-10-07,116.0,27.0,43.0,7.0,14.0,7,10,2018
2018-10-08,116.0,27.0,43.0,7.0,14.0,8,10,2018
2018-10-09,116.0,27.0,43.0,7.0,14.0,9,10,2018
2018-10-10,116.0,27.0,43.0,7.0,14.0,10,10,2018
2018-10-11,116.0,27.0,43.0,7.0,14.0,11,10,2018
2018-10-12,116.0,27.0,43.0,7.0,14.0,12,10,2018
2018-10-13,116.0,27.0,43.0,7.0,14.0,13,10,2018
2018-10-14,116.0,27.0,43.0,7.0,14.0,14,10,2018
2018-10-15,116.0,27.0,43.0,7.0,14.0,15,10,2018
2018-10-16,116.0,27.0,43.0,7.0,14.0,16,10,2018
2018-10-17,116.0,27.0,43.0,7.0,14.0,17,10,2018
2018-10-18,116.0,27.0,43.0,7.0,14.0,18,10,2018
2018-10-19,116.0,27.0,43.0,7.0,14.0,19,10,2018
2018-10-20,116.0,27.0,43.0,7.0,14.0,20,10,2018
2018-10-21,116.0,27.0,43.0,7.0,14.0,21,10,2018
2018-10-22,116.0,27.0,43.0,7.0,14.0,22,10,2018
2018-10-23,116.0,27.0,43.0,7.0,14.0,23,10,2018
2018-10-24,116.0,27.0,43.0,7.0,14.0,24,10,2018
2018-10-25,116.0,27.0,43.0,7.0,14.0,25,10,2018
2018-10-26,116.0,27.0,43.0,7.0,14.0,26,10,2018
2018-10-27,116.0,27.0,43.0,7.0,14.0,27,10,2018
2018-10-28,116.0,27.0,43.0,7.0,14.0,28,10,2018
2018-10-29,116.0,27.0,43.0,7.0,14.0,29,10,2018
2018-10-30,116.0,27.0,43.0,7.0,14.0,30,10,2018
2018-10-31,116.0,27.0,43.0,7.0,14.0,31,10,2018
2018-11-01,116.0,27.0,43.0,7.0,14.0,1,11,2018
2018-11-02,116.0,27.0,43.0,7.0,14.0,2,11,2018
2018-11-03,116.0,27.0,43.0,7.0,14.0,3,11,2018
2018-11-04,116.0,27.0,43.0,7.0,14.0,4,11,2018
2018-11-05,116.0,27.0,43.0,7.0,14.0,5,11,2018
2018-11-06,116.0,27.0,43.0,7.0,14.0,6,11,2018
2018-11-07,116.0,27.0,43.0,7.0,14.0,7,11,2018
2018-11-08,116.0,27.0,43.0,7.0,14.0,8,11,2018
2018-11-09,116.0,27.0,43.0,7.0,14.0,9,11,2018
2018-11-10,116.0,27.0,43.0,7.0,14.0,10,11,2018
2018-11-11,116.0,27.0,43.0,7.0,14.0,11,11,2018
2018-11-12,116.0,27.0,43.0,7.0,14.0,12,11,2018
2018-11-13,116.0,27.0,43.0,7.0,14.0,13,11,2018
2018-11-14,116.0,27.0,43.0,7.0,14.0,14,11,2018
2018-11-15,116.0,27.0,43.0,7.0,14.0,15,11,2018
2018-11-16,116.0,27.0,43.0,7.0,14.0,16,11,2018
2018-11-17,116.0,27.0,43.0,7.0,14.0,17,11,2018
2018-11-18,116.0,27.0,43.0,7.0,14.0,18,11,2018
2018-11-19,116.0,27.0,43.0,7.0,14.0,19,11,2018
2018-11-20,116.0,27.0,43.0,7.0,14.0,20,11,2018
2018-11-21,116.0,27.0,43.0,7.0,14.0,21,11,2018
2018-11-22,116.0,27.0,43.0,7.0,14.0,22,11,2018
2018-11-23,116.0,27.0,43.0,7.0,14.0,23,11,2018
2018-11-24,116.0,27.0,43.0,7.0,14.0,24,11,2018
2018-11-25,116.0,27.0,43.0,7.0,14.0,25,11,2018
2018-11-26,116.0,27.0,43.0,7.0,14.0,26,11,2018
2018-11-27,116.0,27.0,43.0,7.0,14.0,27,11,2018
2018-11-28,116.0,27.0,43.0,7.0,14.0,28,11,2018
2018-11-29,116.0,27.0,43.0,7.0,14.0,29,11,2018
2018-11-30,116.0,27.0,43.0,7.0,14.0,30,11,2018
2018-12-01,112.0,21.0,43.0,3.0,13.0,1,12,2018
2018-12-02,134.0,26.0,40.0,4.0,16.0,2,12,2018
2018-12-03,144.0,33.0,49.0,7.0,18.0,3,12,2018
2018-12-04,235.0,2.0,33.0,3.0,24.0,4,12,2018
2018-12-05,200.0,2.0,48.0,4.0,35.0,5,12,2018
2018-12-06,244.0,27.0,31.0,13.0,28.0,6,12,2018
2018-12-07,238.0,9.0,39.0,13.0,26.0,7,12,2018
2018-12-08,195.0,29.0,31.0,6.0,17.0,8,12,2018
2018-12-09,147.0,27.0,25.0,6.0,20.0,9,12,2018
2018-12-10,181.0,17.0,23.0,9.0,23.0,10,12,2018
2018-12-11,158.0,26.0,33.0,6.0,17.0,11,12,2018
2018-12-12,158.0,26.0,33.0,6.0,17.0,12,12,2018
2018-12-13,158.0,26.0,33.0,6.0,17.0,13,12,2018
2018-12-14,113.0,26.0,33.0,10.0,10.0,14,12,2018
2018-12-15,120.0,23.0,28.0,13.0,10.0,15,12,2018
2018-12-16,97.0,15.0,23.0,6.0,9.0,16,12,2018
2018-12-17,60.0,13.0,17.0,3.0,7.0,17,12,2018
2018-12-18,69.0,20.0,21.0,8.0,8.0,18,12,2018
2018-12-19,100.0,30.0,23.0,6.0,12.0,19,12,2018
2018-12-20,154.0,35.0,26.0,4.0,22.0,20,12,2018
2018-12-21,203.0,31.0,31.0,8.0,20.0,21,12,2018
2018-12-22,158.0,31.0,31.0,4.0,13.0,22,12,2018
2018-12-23,122.0,25.0,39.0,5.0,10.0,23,12,2018
2018-12-24,205.0,31.0,52.0,7.0,17.0,24,12,2018
2018-12-25,176.0,29.0,57.0,6.0,17.0,25,12,2018
2018-12-26,244.0,26.0,61.0,9.0,25.0,26,12,2018
2018-12-27,198.0,24.0,62.0,6.0,20.0,27,12,2018
2018-12-28,198.0,28.0,57.0,7.0,20.0,28,12,2018
2018-12-29,149.0,26.0,51.0,9.0,11.0,29,12,2018
2018-12-30,158.0,26.0,33.0,6.0,17.0,30,12,2018
2018-12-31,188.0,24.0,58.0,7.0,14.0,31,12,2018
2019-01-01,140.0,23.0,53.0,8.0,13.0,1,1,2019
2019-01-02,182.0,25.0,66.0,12.0,20.0,2,1,2019
2019-01-03,205.0,29.0,67.0,7.0,17.0,3,1,2019
2019-01-04,171.0,25.0,56.0,7.0,18.0,4,1,2019
2019-01-05,139.0,23.0,51.0,7.0,13.0,5,1,2019
2019-01-06,128.0,24.0,58.0,9.0,16.0,6,1,2019
2019-01-07,147.0,20.0,49.0,6.0,16.0,7,1,2019
2019-01-08,137.0,20.0,54.0,8.0,17.0,8,1,2019
2019-01-09,150.0,28.0,60.0,8.0,18.0,9,1,2019
2019-01-10,160.0,27.0,63.0,7.0,19.0,10,1,2019
2019-01-11,223.0,21.0,62.0,9.0,22.0,11,1,2019
2019-01-12,155.0,23.0,56.0,7.0,17.0,12,1,2019
2019-01-13,251.0,21.0,67.0,13.0,27.0,13,1,2019
2019-01-14,175.0,23.0,62.0,9.0,18.0,14,1,2019
2019-01-15,123.0,30.0,56.0,9.0,13.0,15,1,2019
2019-01-16,156.0,30.0,62.0,8.0,18.0,16,1,2019
2019-01-17,182.0,29.0,71.0,10.0,21.0,17,1,2019
2019-01-18,218.0,30.0,66.0,8.0,21.0,18,1,2019
2019-01-19,175.0,27.0,62.0,8.0,17.0,19,1,2019
2019-01-20,190.0,28.0,67.0,8.0,26.0,20,1,2019
2019-01-21,262.0,22.0,83.0,8.0,35.0,21,1,2019
2019-01-22,191.0,27.0,65.0,4.0,25.0,22,1,2019
2019-01-23,139.0,28.0,64.0,4.0,19.0,23,1,2019
2019-01-24,121.0,22.0,64.0,4.0,15.0,24,1,2019
2019-01-25,111.0,19.0,51.0,4.0,10.0,25,1,2019
2019-01-26,103.0,14.0,50.0,8.0,8.0,26,1,2019
2019-01-27,93.0,15.0,37.0,6.0,8.0,27,1,2019
2019-01-28,95.0,24.0,40.0,5.0,9.0,28,1,2019
2019-01-29,99.0,25.0,48.0,8.0,8.0,29,1,2019
2019-01-30,156.0,28.0,53.0,9.0,17.0,30,1,2019
2019-01-31,148.0,25.0,61.0,8.0,15.0,31,1,2019
2019-02-01,179.0,30.0,58.0,7.0,22.0,1,2,2019
2019-02-02,167.0,30.0,58.0,10.0,18.0,2,2,2019
2019-02-03,146.0,27.0,64.0,10.0,19.0,3,2,2019
2019-02-04,155.0,31.0,58.0,10.0,19.0,4,2,2019
2019-02-05,159.0,30.0,62.0,10.0,18.0,5,2,2019
2019-02-06,148.0,35.0,61.0,10.0,17.0,6,2,2019
2019-02-07,118.0,39.0,48.0,6.0,10.0,7,2,2019
2019-02-08,91.0,26.0,24.0,6.0,8.0,8,2,2019
2019-02-09,69.0,33.0,29.0,5.0,4.0,9,2,2019
2019-02-10,89.0,34.0,49.0,8.0,7.0,10,2,2019
2019-02-11,114.0,35.0,49.0,9.0,10.0,11,2,2019
2019-02-12,144.0,36.0,53.0,15.0,13.0,12,2,2019
2019-02-13,209.0,38.0,65.0,12.0,23.0,13,2,2019
2019-02-14,167.0,42.0,63.0,13.0,19.0,14,2,2019
2019-02-15,108.0,20.0,50.0,10.0,11.0,15,2,2019
2019-02-16,80.0,35.0,37.0,6.0,7.0,16,2,2019
2019-02-17,96.0,40.0,50.0,7.0,9.0,17,2,2019
2019-02-18,106.0,39.0,45.0,7.0,11.0,18,2,2019
2019-02-19,80.0,29.0,32.0,6.0,9.0,19,2,2019
2019-02-20,124.0,37.0,43.0,8.0,12.0,20,2,2019
2019-02-21,79.0,24.0,29.0,15.0,8.0,21,2,2019
2019-02-22,104.0,33.0,43.0,7.0,12.0,22,2,2019
2019-02-23,127.0,40.0,43.0,8.0,8.0,23,2,2019
2019-02-24,75.0,16.0,33.0,4.0,7.0,24,2,2019
2019-02-25,46.0,9.0,26.0,1.0,8.0,25,2,2019
2019-02-26,25.0,12.0,23.0,8.0,6.0,26,2,2019
2019-02-27,30.0,11.0,25.0,2.0,7.0,27,2,2019
2019-02-28,65.0,30.0,34.0,5.0,9.0,28,2,2019
2019-03-01,89.0,36.0,44.0,4.0,12.0,1,3,2019
2019-03-02,118.0,38.0,59.0,10.0,16.0,2,3,2019
2019-03-03,84.0,13.0,29.0,4.0,9.0,3,3,2019
2019-03-04,53.0,15.0,28.0,2.0,10.0,4,3,2019
2019-03-05,72.0,24.0,28.0,3.0,10.0,5,3,2019
2019-03-06,90.0,31.0,35.0,7.0,10.0,6,3,2019
2019-03-07,97.0,33.0,44.0,9.0,8.0,7,3,2019
2019-03-08,70.5,26.0,23.5,4.0,8.0,8,3,2019
2019-03-09,63.0,12.0,15.0,3.0,8.0,9,3,2019
2019-03-10,70.0,19.0,23.0,2.0,9.0,10,3,2019
2019-03-11,78.0,29.0,20.0,10.0,8.0,11,3,2019
2019-03-12,71.0,24.0,21.0,7.0,9.0,12,3,2019
2019-03-13,86.0,41.0,23.0,8.0,8.0,13,3,2019
2019-03-14,79.0,26.0,36.0,5.0,9.0,14,3,2019
2019-03-15,57.0,25.0,29.0,6.0,6.0,15,3,2019
2019-03-16,70.0,33.0,21.0,3.0,8.0,16,3,2019
2019-03-17,47.0,23.0,30.0,4.0,6.0,17,3,2019
2019-03-18,56.0,32.0,20.0,8.0,7.0,18,3,2019
2019-03-19,62.0,26.0,24.0,6.0,6.0,19,3,2019
2019-03-20,58.0,35.0,10.0,4.0,6.0,20,3,2019
2019-03-21,54.0,23.0,15.0,4.0,5.0,21,3,2019
2019-03-22,71.0,31.0,33.0,4.0,8.0,22,3,2019
2019-03-23,80.0,33.0,35.0,3.0,9.0,23,3,2019
2019-03-24,96.0,38.0,39.0,6.0,10.0,24,3,2019
2019-03-25,87.0,28.0,17.0,3.0,7.0,25,3,2019
2019-03-26,74.0,38.0,28.0,9.0,5.0,26,3,2019
2019-03-27,64.0,22.0,16.0,3.0,6.0,27,3,2019
2019-03-28,58.0,17.0,15.0,3.0,5.0,28,3,2019
2019-03-29,59.0,24.0,12.0,2.0,5.0,29,3,2019
2019-03-30,55.0,14.0,7.0,3.0,6.0,30,3,2019
2019-03-31,41.0,17.0,13.0,1.0,6.0,31,3,2019
2019-04-01,54.0,17.0,10.0,2.0,6.0,1,4,2019
2019-04-02,53.0,14.0,8.0,2.0,6.0,2,4,2019
2019-04-03,47.0,11.0,8.0,3.0,5.0,3,4,2019
2019-04-04,51.0,13.0,10.0,2.0,5.0,4,4,2019
2019-04-05,52.0,18.0,18.0,6.0,6.0,5,4,2019
2019-04-06,37.0,28.0,13.0,5.0,7.0,6,4,2019
2019-04-07,40.0,25.0,13.0,3.0,6.0,7,4,2019
2019-04-08,39.0,16.0,12.0,3.0,6.0,8,4,2019
2019-04-09,32.0,13.0,13.0,2.0,7.0,9,4,2019
2019-04-10,39.0,14.0,8.0,1.0,7.0,10,4,2019
2019-04-11,40.0,11.0,10.0,1.0,6.0,11,4,2019
2019-04-12,50.0,23.0,11.0,2.0,6.0,12,4,2019
2019-04-13,41.0,16.0,7.0,1.0,6.0,13,4,2019
2019-04-14,40.0,12.0,7.0,2.0,5.0,14,4,2019
2019-04-15,52.0,19.0,10.0,3.0,6.0,15,4,2019
2019-04-16,85.0,18.0,25.0,9.0,7.0,16,4,2019
2019-04-17,92.0,29.0,25.0,8.0,8.0,17,4,2019
2019-04-18,64.0,22.0,25.0,8.0,6.0,18,4,2019
2019-04-19,58.0,32.0,16.0,8.0,7.0,19,4,2019
2019-04-20,47.0,25.0,9.0,2.0,6.0,20,4,2019
2019-04-21,54.0,29.0,20.0,4.0,7.0,21,4,2019
2019-04-22,45.0,32.0,19.0,4.0,6.0,22,4,2019
2019-04-23,39.0,20.0,14.0,2.0,5.0,23,4,2019
2019-04-24,35.0,17.0,11.0,2.0,5.0,24,4,2019
2019-04-25,48.0,15.0,12.0,1.0,5.0,25,4,2019
2019-04-26,56.0,15.0,10.0,2.0,5.0,26,4,2019
2019-04-27,46.0,13.0,8.0,2.0,5.0,27,4,2019
2019-04-28,43.0,9.0,8.0,2.0,4.0,28,4,2019
2019-04-29,33.0,10.0,8.0,3.0,5.0,29,4,2019
2019-04-30,25.0,9.0,7.0,1.0,5.0,30,4,2019
2019-05-01,26.0,7.0,11.0,1.0,4.0,1,5,2019
2019-05-02,25.0,11.0,9.0,1.0,6.0,2,5,2019
2019-05-03,30.0,12.0,10.0,1.0,7.0,3,5,2019
2019-05-04,61.0,14.0,2.0,1.0,9.0,4,5,2019
2019-05-05,69.0,23.0,2.0,1.0,6.0,5,5,2019
2019-05-06,67.0,18.0,2.0,1.0,6.0,6,5,2019
2019-05-07,69.0,18.0,3.0,1.0,6.0,7,5,2019
2019-05-08,69.0,19.0,2.0,1.0,5.0,8,5,2019
2019-05-09,67.0,19.0,2.0,1.0,5.0,9,5,2019
2019-05-10,64.0,17.0,1.0,1.0,5.0,10,5,2019
2019-05-11,62.0,15.0,1.0,1.0,5.0,11,5,2019
2019-05-12,57.0,15.0,1.0,1.0,5.0,12,5,2019
2019-05-13,48.0,13.0,3.0,1.0,6.0,13,5,2019
2019-05-14,50.0,21.0,2.0,1.0,6.0,14,5,2019
2019-05-15,50.0,20.0,3.0,1.0,7.0,15,5,2019
2019-05-16,56.0,18.0,2.0,1.0,6.0,16,5,2019
2019-05-17,56.0,16.0,1.0,1.0,5.0,17,5,2019
2019-05-18,56.0,20.0,1.0,1.0,6.0,18,5,2019
2019-05-19,54.0,15.0,1.0,1.0,6.0,19,5,2019
2019-05-20,53.0,11.0,2.0,1.0,6.0,20,5,2019
2019-05-21,54.0,11.0,2.0,1.0,7.0,21,5,2019
2019-05-22,44.0,16.0,2.0,1.0,6.0,22,5,2019
2019-05-23,45.0,14.0,2.0,1.0,6.0,23,5,2019
2019-05-24,40.0,12.0,3.0,1.0,6.0,24,5,2019
2019-05-25,30.0,9.0,3.0,1.0,7.0,25,5,2019
2019-05-26,54.0,15.0,2.0,1.0,6.0,26,5,2019
2019-05-27,54.0,15.0,2.0,1.0,6.0,27,5,2019
2019-05-28,54.0,15.0,2.0,1.0,6.0,28,5,2019
2019-05-29,54.0,15.0,2.0,1.0,6.0,29,5,2019
2019-05-30,54.0,15.0,2.0,1.0,6.0,30,5,2019
2019-05-31,54.0,15.0,2.0,1.0,6.0,31,5,2019
2019-06-01,38.0,20.0,8.0,1.0,6.0,1,6,2019
2019-06-02,40.0,33.0,3.0,3.0,5.0,2,6,2019
2019-06-03,41.0,15.0,3.0,3.0,6.0,3,6,2019
2019-06-04,34.0,13.0,10.0,1.0,6.0,4,6,2019
2019-06-05,25.0,12.0,9.0,1.0,6.0,5,6,2019
2019-06-06,23.0,13.0,7.0,1.0,6.0,6,6,2019
2019-06-07,17.0,13.0,6.0,1.0,6.0,7,6,2019
2019-06-08,33.0,19.0,5.0,1.0,6.0,8,6,2019
2019-06-09,44.0,14.0,6.0,1.0,6.0,9,6,2019
2019-06-10,41.0,14.0,7.0,1.0,5.0,10,6,2019
2019-06-11,42.0,13.0,6.0,1.0,5.0,11,6,2019
2019-06-12,46.0,32.0,11.0,1.0,7.0,12,6,2019
2019-06-13,52.0,22.0,8.0,1.0,8.0,13,6,2019
2019-06-14,38.0,20.0,8.0,1.0,6.0,14,6,2019
2019-06-15,38.0,20.0,8.0,1.0,6.0,15,6,2019
2019-06-16,62.0,34.0,11.0,1.0,8.0,16,6,2019
2019-06-17,55.0,30.0,14.0,1.0,7.0,17,6,2019
2019-06-18,59.0,38.0,12.0,1.0,7.0,18,6,2019
2019-06-19,49.0,21.0,14.0,1.0,8.0,19,6,2019
2019-06-20,26.0,18.0,11.0,1.0,6.0,20,6,2019
2019-06-21,23.0,22.0,9.0,1.0,6.0,21,6,2019
2019-06-22,22.0,18.0,7.0,1.0,5.0,22,6,2019
2019-06-23,31.0,24.0,8.0,1.0,4.0,23,6,2019
2019-06-24,32.0,20.0,7.0,1.0,5.0,24,6,2019
2019-06-25,28.0,21.0,7.0,1.0,5.0,25,6,2019
2019-06-26,31.0,21.0,7.0,2.0,5.0,26,6,2019
2019-06-27,38.0,28.0,11.0,2.0,8.0,27,6,2019
2019-06-28,51.0,29.0,14.0,1.0,11.0,28,6,2019
2019-06-29,53.0,18.0,16.0,1.0,12.0,29,6,2019
2019-06-30,33.0,17.0,10.0,1.0,10.0,30,6,2019
2019-07-01,25.0,18.0,8.0,1.0,9.0,1,7,2019
2019-07-02,34.0,28.0,11.0,1.0,9.0,2,7,2019
2019-07-03,49.0,34.0,9.0,2.0,9.0,3,7,2019
2019-07-04,41.0,23.0,10.0,1.0,9.0,4,7,2019
2019-07-05,41.0,23.0,11.0,2.0,9.0,5,7,2019
2019-07-06,28.0,23.0,7.0,2.0,8.0,6,7,2019
2019-07-07,46.0,24.0,8.0,2.0,8.0,7,7,2019
2019-07-08,46.0,24.0,8.0,3.0,9.0,8,7,2019
2019-07-09,34.0,24.0,9.0,2.0,9.0,9,7,2019
2019-07-10,40.0,20.0,9.0,2.0,9.0,10,7,2019
2019-07-11,44.0,24.0,9.0,3.0,8.0,11,7,2019
2019-07-12,46.0,31.0,8.0,3.0,8.0,12,7,2019
2019-07-13,49.0,41.0,7.0,6.0,8.0,13,7,2019
2019-07-14,60.0,35.0,12.0,4.0,8.0,14,7,2019
2019-07-15,56.0,31.0,13.0,4.0,11.0,15,7,2019
2019-07-16,71.0,25.0,11.0,1.0,12.0,16,7,2019
2019-07-17,53.0,15.0,10.0,1.0,9.0,17,7,2019
2019-07-18,20.0,13.0,7.0,1.0,7.0,18,7,2019
2019-07-19,33.0,18.0,7.0,1.0,8.0,19,7,2019
2019-07-20,35.0,25.0,5.0,2.0,8.0,20,7,2019
2019-07-21,29.0,18.0,6.0,1.0,8.0,21,7,2019
2019-07-22,20.0,16.0,6.0,2.0,8.0,22,7,2019
2019-07-23,20.0,20.0,8.0,3.0,8.0,23,7,2019
2019-07-24,44.0,30.0,14.0,4.0,9.0,24,7,2019
2019-07-25,37.0,19.0,12.0,1.0,9.0,25,7,2019
2019-07-26,31.0,17.0,13.0,1.0,10.0,26,7,2019
2019-07-27,18.0,13.0,6.0,1.0,8.0,27,7,2019
2019-07-28,21.0,16.0,10.0,1.0,8.0,28,7,2019
2019-07-29,35.0,15.0,12.0,1.0,9.0,29,7,2019
2019-07-30,36.0,19.0,12.0,1.0,9.0,30,7,2019
2019-07-31,29.0,20.0,12.0,3.0,8.0,31,7,2019
2019-08-01,24.0,13.0,10.0,1.0,9.0,1,8,2019
2019-08-02,28.0,14.0,10.0,1.0,10.0,2,8,2019
2019-08-03,49.0,19.0,13.0,1.0,12.0,3,8,2019
2019-08-04,42.0,19.0,12.0,1.0,11.0,4,8,2019
2019-08-05,33.0,12.0,11.0,1.0,11.0,5,8,2019
2019-08-06,16.0,14.0,7.0,1.0,8.0,6,8,2019
2019-08-07,23.0,11.0,9.0,1.0,8.0,7,8,2019
2019-08-08,40.0,21.0,11.0,2.0,9.0,8,8,2019
2019-08-09,45.0,21.0,14.0,1.0,12.0,9,8,2019
2019-08-10,55.0,20.0,13.0,1.0,13.0,10,8,2019
2019-08-11,42.0,12.0,11.0,2.0,11.0,11,8,2019
2019-08-12,23.0,13.0,10.0,1.0,10.0,12,8,2019
2019-08-13,45.0,13.0,11.0,1.0,10.0,13,8,2019
2019-08-14,36.0,15.0,10.0,1.0,9.0,14,8,2019
2019-08-15,47.0,21.0,12.0,1.0,10.0,15,8,2019
2019-08-16,26.0,14.0,12.0,1.0,10.0,16,8,2019
2019-08-17,26.0,18.0,9.0,1.0,8.0,17,8,2019
2019-08-18,30.0,17.0,9.0,1.0,8.0,18,8,2019
2019-08-19,40.0,21.0,10.0,2.0,10.0,19,8,2019
2019-08-20,44.0,16.0,10.0,1.0,10.0,20,8,2019
2019-08-21,47.0,13.0,13.0,1.0,10.0,21,8,2019
2019-08-22,31.0,10.0,11.0,1.0,12.0,22,8,2019
2019-08-23,37.0,5.0,14.0,1.0,13.0,23,8,2019
2019-08-24,23.0,10.0,6.0,1.0,8.0,24,8,2019
2019-08-25,40.0,14.0,11.0,1.0,10.0,25,8,2019
2019-08-26,40.0,14.0,11.0,1.0,10.0,26,8,2019
2019-08-27,40.0,14.0,11.0,1.0,10.0,27,8,2019
2019-08-28,40.0,14.0,11.0,1.0,10.0,28,8,2019
2019-08-29,49.0,12.0,10.0,1.0,9.0,29,8,2019
2019-08-30,49.0,13.0,9.0,1.0,9.0,30,8,2019
2019-08-31,48.0,3.0,13.0,1.0,9.0,31,8,2019
2019-09-01,36.5,10.5,11.5,1.0,10.0,1,9,2019
2019-09-02,36.5,10.5,11.5,1.0,10.0,2,9,2019
2019-09-03,22.0,10.0,9.0,1.0,10.0,3,9,2019
2019-09-04,24.0,10.0,9.0,1.0,10.0,4,9,2019
2019-09-05,21.0,11.0,9.0,1.0,10.0,5,9,2019
2019-09-06,24.0,9.0,10.0,1.0,10.0,6,9,2019
2019-09-07,27.0,10.0,11.0,1.0,11.0,7,9,2019
2019-09-08,37.0,23.0,11.0,1.0,11.0,8,9,2019
2019-09-09,49.0,19.0,8.0,1.0,10.0,9,9,2019
2019-09-10,43.0,13.0,12.0,2.0,10.0,10,9,2019
2019-09-11,41.0,10.0,14.0,1.0,11.0,11,9,2019
2019-09-12,43.0,11.0,9.0,1.0,9.0,12,9,2019
2019-09-13,36.5,10.5,11.5,1.0,10.0,13,9,2019
2019-09-14,36.5,10.5,11.5,1.0,10.0,14,9,2019
2019-09-15,47.0,19.0,10.0,2.0,9.0,15,9,2019
2019-09-16,41.0,9.0,10.0,1.0,8.0,16,9,2019
2019-09-17,32.0,8.0,9.0,1.0,9.0,17,9,2019
2019-09-18,31.0,10.0,9.0,1.0,9.0,18,9,2019
2019-09-19,47.0,11.0,17.0,1.0,12.0,19,9,2019
2019-09-20,59.0,15.0,17.0,2.0,13.0,20,9,2019
2019-09-21,46.0,18.0,15.0,1.0,11.0,21,9,2019
2019-09-22,35.0,13.0,12.0,1.0,10.0,22,9,2019
2019-09-23,28.0,7.0,10.0,1.0,8.0,23,9,2019
2019-09-24,32.0,5.0,15.0,1.0,10.0,24,9,2019
2019-09-25,39.0,10.0,14.0,1.0,10.0,25,9,2019
2019-09-26,41.0,16.0,17.0,1.0,10.0,26,9,2019
2019-09-27,41.0,7.0,16.0,1.0,10.0,27,9,2019
2019-09-28,33.0,10.0,14.0,1.0,9.0,28,9,2019
2019-09-29,33.0,16.0,15.0,1.0,8.0,29,9,2019
2019-09-30,36.0,23.0,20.0,3.0,9.0,30,9,2019
2019-10-01,52.0,29.0,20.0,2.0,12.0,1,10,2019
2019-10-02,15.0,16.0,21.0,1.0,12.0,2,10,2019
2019-10-03,29.0,28.0,16.0,2.0,10.0,3,10,2019
2019-10-04,49.0,26.0,21.0,1.0,14.0,4,10,2019
2019-10-05,57.0,24.0,20.0,1.0,13.0,5,10,2019
2019-10-06,40.0,12.0,20.0,1.0,12.0,6,10,2019
2019-10-07,72.5,27.0,23.0,1.0,13.0,7,10,2019
2019-10-08,33.0,10.0,11.0,1.0,9.0,8,10,2019
2019-10-09,41.0,11.0,15.0,1.0,11.0,9,10,2019
2019-10-10,60.0,21.0,21.0,1.0,15.0,10,10,2019
2019-10-11,67.0,27.0,23.0,1.0,17.0,11,10,2019
2019-10-12,78.0,24.0,23.0,1.0,13.0,12,10,2019
2019-10-13,76.0,39.0,24.0,3.0,10.0,13,10,2019
2019-10-14,76.0,38.0,26.0,1.0,12.0,14,10,2019
2019-10-15,70.0,26.0,27.0,1.0,13.0,15,10,2019
2019-10-16,68.0,15.0,27.0,1.0,14.0,16,10,2019
2019-10-17,80.0,27.0,31.0,1.0,19.0,17,10,2019
2019-10-18,83.0,30.0,26.0,1.0,16.0,18,10,2019
2019-10-19,75.0,32.0,24.0,1.0,12.0,19,10,2019
2019-10-20,92.0,34.0,23.0,1.0,13.0,20,10,2019
2019-10-21,80.0,32.0,28.0,1.0,16.0,21,10,2019
2019-10-22,109.0,10.0,34.0,2.0,22.0,22,10,2019
2019-10-23,72.5,27.0,23.0,1.0,13.0,23,10,2019
2019-10-24,72.5,27.0,23.0,1.0,13.0,24,10,2019
2019-10-25,37.0,10.0,16.0,1.0,10.0,25,10,2019
2019-10-26,68.0,24.0,16.0,1.0,10.0,26,10,2019
2019-10-27,130.0,32.0,19.0,2.0,8.0,27,10,2019
2019-10-28,95.0,31.0,22.0,2.0,11.0,28,10,2019
2019-10-29,103.0,33.0,26.0,1.0,15.0,29,10,2019
2019-10-30,122.0,35.0,29.0,1.0,17.0,30,10,2019
2019-10-31,125.0,38.0,31.0,2.0,18.0,31,10,2019
2019-11-01,70.0,30.0,27.0,2.0,13.0,1,11,2019
2019-11-02,87.0,29.0,23.0,1.0,11.0,2,11,2019
2019-11-03,100.0,34.0,31.0,1.0,17.0,3,11,2019
2019-11-04,142.0,40.0,35.0,2.0,21.0,4,11,2019
2019-11-05,149.0,39.0,36.0,1.0,19.0,5,11,2019
2019-11-06,112.0,42.0,39.0,3.0,12.0,6,11,2019
2019-11-07,70.0,18.0,20.0,1.0,9.0,7,11,2019
2019-11-08,24.0,19.0,8.0,2.0,8.0,8,11,2019
2019-11-09,33.0,21.0,10.0,1.0,8.0,9,11,2019
2019-11-10,55.0,20.0,19.0,1.0,13.0,10,11,2019
2019-11-11,114.0,43.0,36.0,3.0,23.0,11,11,2019
2019-11-12,118.0,49.0,41.0,3.0,19.0,12,11,2019
2019-11-13,97.0,38.0,38.0,3.0,17.0,13,11,2019
2019-11-14,95.0,32.0,32.0,2.0,18.0,14,11,2019
2019-11-15,102.0,45.0,35.0,2.0,20.0,15,11,2019
2019-11-16,108.0,50.0,34.0,2.0,17.0,16,11,2019
2019-11-17,124.0,57.0,43.0,3.0,23.0,17,11,2019
2019-11-18,117.0,40.0,38.0,5.0,17.0,18,11,2019
2019-11-19,107.0,48.0,44.0,3.0,21.0,19,11,2019
2019-11-20,114.0,47.0,41.0,2.0,16.0,20,11,2019
2019-11-21,111.0,42.0,45.0,3.0,14.0,21,11,2019
2019-11-22,126.0,54.0,42.0,5.0,18.0,22,11,2019
2019-11-23,138.0,51.0,43.0,2.0,19.0,23,11,2019
2019-11-24,130.0,55.0,51.0,2.0,24.0,24,11,2019
2019-11-25,132.0,44.0,48.0,2.0,28.0,25,11,2019
2019-11-26,129.0,48.0,41.0,1.0,18.0,26,11,2019
2019-11-27,91.0,38.0,40.0,1.0,14.0,27,11,2019
2019-11-28,108.0,38.0,44.0,2.0,22.0,28,11,2019
2019-11-29,138.0,37.0,38.0,4.0,24.0,29,11,2019
2019-11-30,125.0,41.0,20.0,2.0,18.0,30,11,2019
2019-12-01,107.0,39.0,21.0,3.0,14.0,1,12,2019
2019-12-02,124.0,41.0,27.0,3.0,16.0,2,12,2019
2019-12-03,125.0,51.0,27.0,7.0,15.0,3,12,2019
2019-12-04,107.0,34.0,27.0,4.0,12.0,4,12,2019
2019-12-05,88.0,40.0,23.0,2.0,13.0,5,12,2019
2019-12-06,94.0,34.0,25.0,3.0,17.0,6,12,2019
2019-12-07,106.0,30.0,23.0,4.0,14.0,7,12,2019
2019-12-08,87.0,37.0,25.0,3.0,12.0,8,12,2019
2019-12-09,94.0,47.0,31.0,3.0,12.0,9,12,2019
2019-12-10,88.0,42.0,19.0,3.0,12.0,10,12,2019
2019-12-11,78.0,37.0,21.0,2.0,14.0,11,12,2019
2019-12-12,109.0,45.0,21.0,3.0,14.0,12,12,2019
2019-12-13,134.0,47.0,25.0,5.0,20.0,13,12,2019
2019-12-14,110.0,39.0,19.0,2.0,11.0,14,12,2019
2019-12-15,79.0,32.0,20.0,5.0,11.0,15,12,2019
2019-12-16,88.0,45.0,17.0,7.0,12.0,16,12,2019
2019-12-17,101.0,54.0,14.0,5.0,12.0,17,12,2019
2019-12-18,97.0,61.0,17.0,8.0,8.0,18,12,2019
2019-12-19,119.0,47.0,20.0,4.0,19.0,19,12,2019
2019-12-20,148.0,41.0,22.0,7.0,22.0,20,12,2019
2019-12-21,149.0,32.0,21.0,2.0,23.0,21,12,2019
2019-12-22,143.0,43.0,20.0,6.0,18.0,22,12,2019
2019-12-23,149.0,35.0,25.0,6.0,32.0,23,12,2019
2019-12-24,161.0,45.0,31.0,5.0,36.0,24,12,2019
2019-12-25,136.0,26.0,22.0,4.0,32.0,25,12,2019
2019-12-26,88.0,27.0,16.0,8.0,23.0,26,12,2019
2019-12-27,133.0,33.0,20.0,8.0,31.0,27,12,2019
2019-12-28,113.0,39.0,21.0,7.0,28.0,28,12,2019
2019-12-29,109.0,39.0,21.0,4.0,15.0,29,12,2019
2019-12-30,109.0,39.0,21.0,4.0,15.0,30,12,2019
2019-12-31,161.0,36.0,27.0,6.0,39.0,31,12,2019
2021-01-01,167.0,45.0,39.0,10.0,15.0,1,1,2021
2021-01-02,206.0,39.0,45.0,5.0,19.0,2,1,2021
2021-01-03,147.0,28.0,44.0,7.0,15.0,3,1,2021
2021-01-04,122.0,40.0,41.0,9.0,16.0,4,1,2021
2021-01-05,153.0,47.0,50.0,8.0,23.0,5,1,2021
2021-01-06,149.0,44.0,47.0,14.0,17.0,6,1,2021
2021-01-07,130.0,33.0,36.0,10.0,11.0,7,1,2021
2021-01-08,109.0,42.0,28.0,8.0,6.0,8,1,2021
2021-01-09,104.0,34.0,26.0,6.0,5.0,9,1,2021
2021-01-10,107.0,34.0,26.0,8.0,6.0,10,1,2021
2021-01-11,105.0,35.0,19.0,7.0,4.0,11,1,2021
2021-01-12,104.0,39.0,15.0,7.0,5.0,12,1,2021
2021-01-13,118.0,39.0,18.0,4.0,4.0,13,1,2021
2021-01-14,126.0,42.0,29.0,6.0,8.0,14,1,2021
2021-01-15,142.0,47.0,21.0,5.0,6.0,15,1,2021
2021-01-16,158.0,41.0,22.0,5.0,7.0,16,1,2021
2021-01-17,143.0,36.0,35.0,62.0,13.0,17,1,2021
2021-01-18,138.0,41.0,29.0,5.0,7.0,18,1,2021
2021-01-19,112.0,27.0,26.0,9.0,7.0,19,1,2021
2021-01-20,122.0,40.0,34.0,8.0,9.0,20,1,2021
2021-01-21,117.0,44.0,34.0,5.0,7.0,21,1,2021
2021-01-22,130.0,28.0,30.0,5.0,8.0,22,1,2021
2021-01-23,116.0,44.0,20.0,8.0,6.0,23,1,2021
2021-01-24,125.0,34.0,23.0,10.0,7.0,24,1,2021
2021-01-25,128.0,24.0,21.0,5.0,8.0,25,1,2021
2021-01-26,125.0,35.0,24.0,8.0,6.0,26,1,2021
2021-01-27,121.0,41.0,26.0,10.0,8.0,27,1,2021
2021-01-28,131.0,37.0,27.0,7.0,7.0,28,1,2021
2021-01-29,137.0,43.0,33.0,11.0,11.0,29,1,2021
2021-01-30,140.0,51.0,24.0,8.0,5.0,30,1,2021
2021-01-31,114.0,48.0,33.0,5.0,9.0,31,1,2021
2021-02-01,136.0,48.0,45.0,8.0,13.0,1,2,2021
2021-02-02,158.0,47.0,44.0,11.0,15.0,2,2,2021
2021-02-03,150.0,43.0,39.0,8.0,10.0,3,2,2021
2021-02-04,140.0,42.0,43.0,8.0,13.0,4,2,2021
2021-02-05,168.0,39.0,36.0,12.0,10.0,5,2,2021
2021-02-06,80.0,34.0,24.0,6.0,5.0,6,2,2021
2021-02-07,107.0,41.0,35.0,7.0,9.0,7,2,2021
2021-02-08,158.0,50.0,45.0,8.0,15.0,8,2,2021
2021-02-09,164.0,65.0,54.0,9.0,17.0,9,2,2021
2021-02-10,118.0,51.0,37.0,8.0,8.0,10,2,2021
2021-02-11,112.0,52.0,33.0,8.0,9.0,11,2,2021
2021-02-12,116.0,51.0,31.0,7.0,6.0,12,2,2021
2021-02-13,99.0,43.0,18.0,5.0,3.0,13,2,2021
2021-02-14,84.0,39.0,27.0,7.0,7.0,14,2,2021
2021-02-15,113.0,52.0,29.0,7.0,6.0,15,2,2021
2021-02-16,136.0,28.0,27.0,10.0,8.0,16,2,2021
2021-02-17,117.0,63.0,25.0,6.0,5.0,17,2,2021
2021-02-18,120.0,20.0,37.0,10.0,9.0,18,2,2021
2021-02-19,130.0,32.0,31.0,8.0,8.0,19,2,2021
2021-02-20,156.0,44.0,38.0,10.0,10.0,20,2,2021
2021-02-21,144.0,80.0,39.0,10.0,10.0,21,2,2021
2021-02-22,117.0,58.0,29.0,10.0,5.0,22,2,2021
2021-02-23,107.0,76.0,33.0,8.0,10.0,23,2,2021
2021-02-24,117.0,63.0,27.0,9.0,4.0,24,2,2021
2021-02-25,103.0,14.0,24.0,6.0,4.0,25,2,2021
2021-02-26,117.5,47.5,33.0,8.0,8.5,26,2,2021
2021-02-27,117.5,47.5,33.0,8.0,8.5,27,2,2021
2021-02-28,76.0,51.0,10.0,7.0,4.0,28,2,2021
2021-03-01,92.0,43.0,7.0,5.0,4.0,1,3,2021
2021-03-02,97.0,66.0,15.0,10.0,10.0,2,3,2021
2021-03-03,125.0,78.0,14.0,9.0,5.0,3,3,2021
2021-03-04,79.0,54.0,4.0,5.0,3.0,4,3,2021
2021-03-05,94.0,60.0,13.0,10.0,8.0,5,3,2021
2021-03-06,95.0,56.0,6.0,5.0,4.0,6,3,2021
2021-03-07,75.0,64.0,4.0,9.0,3.0,7,3,2021
2021-03-08,53.0,25.0,4.0,4.0,2.0,8,3,2021
2021-03-09,45.0,34.0,5.0,7.0,4.0,9,3,2021
2021-03-10,55.0,20.0,5.0,4.0,2.0,10,3,2021
2021-03-11,62.0,25.0,9.0,4.0,4.0,11,3,2021
2021-03-12,100.0,42.0,9.0,7.0,4.0,12,3,2021
2021-03-13,84.0,62.0,13.0,6.0,4.0,13,3,2021
2021-03-14,82.0,68.0,12.0,14.0,4.0,14,3,2021
2021-03-15,93.0,49.0,14.0,7.0,9.0,15,3,2021
2021-03-16,125.0,54.0,13.0,8.0,3.0,16,3,2021
2021-03-17,121.0,46.0,13.0,8.0,6.0,17,3,2021
2021-03-18,125.0,67.0,17.0,10.0,8.0,18,3,2021
2021-03-19,142.0,73.0,14.0,11.0,6.0,19,3,2021
2021-03-20,116.0,74.0,8.0,9.0,5.0,20,3,2021
2021-03-21,113.0,65.0,12.0,9.0,8.0,21,3,2021
2021-03-22,119.0,57.0,10.0,10.0,5.0,22,3,2021
2021-03-23,98.0,80.0,6.0,8.0,4.0,23,3,2021
2021-03-24,102.0,7.0,27.0,11.0,8.0,24,3,2021
2021-03-25,110.0,76.0,16.0,12.0,6.0,25,3,2021
2021-03-26,111.0,73.0,10.0,14.0,4.0,26,3,2021
2021-03-27,95.0,51.0,4.0,9.0,3.0,27,3,2021
2021-03-28,76.0,33.0,2.0,8.0,2.0,28,3,2021
2021-03-29,74.0,39.0,3.0,15.0,3.0,29,3,2021
2021-03-30,87.0,66.0,5.0,16.0,3.0,30,3,2021
2021-03-31,75.0,44.0,5.0,6.0,3.0,31,3,2021
2021-04-01,79.0,52.0,4.0,8.0,2.0,1,4,2021
2021-04-02,55.0,43.0,4.0,4.0,2.0,2,4,2021
2021-04-03,62.0,44.0,4.0,4.0,1.0,3,4,2021
2021-04-04,44.0,50.0,9.0,5.0,3.0,4,4,2021
2021-04-05,65.0,40.0,6.0,7.0,1.0,5,4,2021
2021-04-06,65.0,27.0,2.0,2.0,1.0,6,4,2021
2021-04-07,63.0,33.0,4.0,6.0,5.0,7,4,2021
2021-04-08,58.0,25.0,3.0,5.0,3.0,8,4,2021
2021-04-09,63.0,50.0,3.0,6.0,3.0,9,4,2021
2021-04-10,53.0,35.0,2.0,44.0,3.0,10,4,2021
2021-04-11,58.0,43.0,4.0,31.0,4.0,11,4,2021
2021-04-12,57.0,38.0,3.0,6.0,2.0,12,4,2021
2021-04-13,57.0,39.0,2.0,4.0,2.0,13,4,2021
2021-04-14,58.0,43.0,2.0,6.0,2.0,14,4,2021
2021-04-15,54.0,60.0,3.0,8.0,2.0,15,4,2021
