date,pm25,pm10,o3,no2,so2,co
2015-12-29, ,119,27,1,6,22
2015-12-30,147,320,7,3,8,74
2015-12-31,208, , , , , 
2016-01-01,,,,,,
2016-01-02, ,97,26,8,4,16
2016-01-03,159,109,27,9,4,19
2016-01-04,170,103,78,9,3,16
2016-01-05,170,125,12,1,4,13
2016-01-06,191,151,10,1,5,20
2016-01-07,190,119,20, ,2,13
2016-01-08,174,136,22, ,3,12
2016-01-09,176,109,29, ,6,13
2016-01-10,175,123,33, ,6,15
2016-01-11,177,100,23,1,2,9
2016-01-12,158,91,25,2,3,10
2016-01-13,140,114,20,2,3,13
2016-01-14,151,74,25,2,6,9
2016-01-15,134,67,23,2,2,5
2016-01-16,123,74,25,3,3,6
2016-01-17,128,85,26,4,3,7
2016-01-18,138,79,21,5,4,7
2016-01-19,123,85,31,5,5,7
2016-01-20,134,77,24,5,5,6
2016-01-21,134,71,25,6,6,7
2016-01-22,127,86,25,6,6,9
2016-01-23,147,113,34,5,5,9
2016-01-24,150,70,32,6,6,12
2016-01-25,150,83,28,4,3,10
2016-01-26,115,83,24,2,1,9
2016-01-27,139,136,26,5,5,13
2016-01-28,185,92,27,3,3,14
2016-01-29,176,118,22,3,2,9
2016-01-30,163,98,18,4,3,7
2016-01-31,128,111,22,4,3,9
2016-02-01,139,82,26,5,4,7
2016-02-02,132,86,33,5,4,9
2016-02-03,143,73,27,5,5,8
2016-02-04,143,62,24,4,4,7
2016-02-05,130,57,21,3,2,8
2016-02-06,114,40,16,3,2,6
2016-02-07,85,51,21,3,2,8
2016-02-08,107,70,25,2,2,9
2016-02-09,134,53,21,2,2,8
2016-02-10,107,34,15,2,1,5
2016-02-11,73,36,14,2,1,6
2016-02-12,75,45,19,3,2,6
2016-02-13,95,46,28,4,3,6
2016-02-14,102,60,34,6,6,7
2016-02-15,120,76,30,5,4,4
2016-02-16,123,94,15,2,1,4
2016-02-17,132,83,13,3,2,6
2016-02-18,116,73,7,2,1,4
2016-02-19,95,65,11,2,1,5
2016-02-20,97,74,18,4,3,6
2016-02-21,117,62,26,5,4,5
2016-02-22,107,86,28,5,4,7
2016-02-23,131,81,16,2,2,6
2016-02-24,110,74,20,3,2,6
2016-02-25,106,77,18,3,2,7
2016-02-26,116,121,17,3,2,10
2016-02-27,156,105,15,3,2,8
2016-02-28,136,102,10,3,2,9
2016-02-29,141,121,15,4,3,14
2016-03-01,164,93,12,3,2,10
2016-03-02,141,84,17,4,3,9
2016-03-03,141,66,9,3,2,8
2016-03-04,85,68,12,3,2,10
2016-03-05,97,50,14,2,1,6
2016-03-06,60,60,23,3,2,9
2016-03-07,94,64,29,4,3,8
2016-03-08,105,58,26,4,3,7
2016-03-09,96,76,29,5,4,7
2016-03-10,112,75,29,4,3,6
2016-03-11,121,52,11,3,2,4
2016-03-12,81,55,8,2,1,4
2016-03-13,57,49,7,2,1,5
2016-03-14,67,53,16,2,1,5
2016-03-15,78,66,11,2,1,5
2016-03-16,88,97,11,2,1,6
2016-03-17,93,79,7,2,1,7
2016-03-18,110,70,8,2,1,5
2016-03-19,96,86,8,2,1,3
2016-03-20,107,77,7,2,1,5
2016-03-21,109,124,8,2,1,7
2016-03-22,145,88,19,2,1,8
2016-03-23,129,116,11,2,1,6
2016-03-24,105,84,8,2,1,5
2016-03-25,98,102,5,3,2,4
2016-03-26,97,95,5,3,2,4
2016-03-27,106,83,6,3,3,6
2016-03-28,116,89,6,3,2,5
2016-03-29,109,71,6,3,2,5
2016-03-30,99,62,6,3,2,5
2016-03-31,79,49,5,3,2,4
2016-04-01,65,49,5,3,2,3
2016-04-02,60,59,5,3,2,3
2016-04-03,81,62,5,3,2,4
2016-04-04,82,67,5,3,2,4
2016-04-05,67,50,5,3,3,4
2016-04-06,64,50,7,3,3,3
2016-04-07,64,62,12,4,3,4
2016-04-08,87,55,13,4,3,4
2016-04-09,85,65,6,4,3,5
2016-04-10,90,67,8,4,3,5
2016-04-11,99,62,6,4,3,5
2016-04-12,80,57,6,4,3,5
2016-04-13,86,67,6,4,3,6
2016-04-14,102,61,5,4,3,6
2016-04-15,93,58,5,4,3,6
2016-04-16,85,60,5,4,3,7
2016-04-17,86,57,6,4,4,7
2016-04-18,84,65,6,4,3,8
2016-04-19,93,76,6,4,3,7
2016-04-20,92,58,6,4,3,2
2016-04-21,75,46,8,4,3,2
2016-04-22,54,46,7,4,4,2
2016-04-23,71,55,6,4,4,2
2016-04-24,92,51,6,5,4,2
2016-04-25,67,52,7,5,5,3
2016-04-26,73,54,13,5,5,4
2016-04-27,90,58,8,5,5,4
2016-04-28,84,57,7,5,4,3
2016-04-29,79,63,5,6,5,4
2016-04-30,72,51,5,5,5,4
2016-05-01,84,85,5,5,5,3
2016-05-02,61,55,6,5,5,4
2016-05-03,81,58,5,5,5,3
2016-05-04,76,43,5,6,5,4
2016-05-05,58,46,12,6,5,4
2016-05-06,74,53,6,6,5,4
2016-05-07,73,50,11,5,5,2
2016-05-08,110,48,5,6,5,3
2016-05-09,60,50,6,6,5,3
2016-05-10,76,43,6,4,4,3
2016-05-11,75,44,5,1, ,3
2016-05-12,63,64,6,2,1,5
2016-05-13,81,59,8,2,1,5
2016-05-14,71, ,7,2,1,1
2016-05-15,120,71,5,2,1,7
2016-05-16,85,59,7,2,1,6
2016-05-17,79,60,7,2,1,5
2016-05-18,86,64,39,2,1,6
2016-05-19,85,88,5,3,2,5
2016-05-20,57,56,9,3,2,6
2016-05-21,50,67,3,3,2,7
2016-05-22,83,101,7,3,2,8
2016-05-23,91,30,4,3,2,8
2016-05-24,74,40,6,3,2,8
2016-05-25,87,32,6, , ,7
2016-05-26,82,34,8,1, ,8
2016-05-27,87,33,6,1,1,8
2016-05-28,86,71,4,1, ,7
2016-05-29,143,22,7,1,1,7
2016-05-30,63,27,6,1, ,8
2016-05-31,73,35,5,1, ,8
2016-06-01,88,40,5,1, ,8
2016-06-02,97,41,6,1, ,8
2016-06-03,94,29,6,1, ,8
2016-06-04,78,30,5,1, ,7
2016-06-05,78,30,6,1, ,7
2016-06-06,81,27,5,1, ,7
2016-06-07,74,29,6,1, ,7
2016-06-08,75,29,6,1, ,7
2016-06-09,78,29,5,1, ,8
2016-06-10,74,22,7,1, ,9
2016-06-11,62,18,7,1, ,8
2016-06-12,55,21,7,1, ,8
2016-06-13,61,22,6,1,1,8
2016-06-14,62,20,5,3,2,8
2016-06-15,59,29,6,3,2,7
2016-06-16,78,24,6,2,2,8
2016-06-17,69,30,7,3,2,8
2016-06-18,81,30,8,3,2,9
2016-06-19,81,29,11,3,2,10
2016-06-20,79,33,4,3,2,8
2016-06-21,88, , , , , 
2016-06-22,,,,,,
2016-06-23,,,,,,
2016-06-24,,,,,,
2016-06-25,,,,,,
2016-06-26,,,,,,
2016-06-27,,,,,,
2016-06-28,,,,,,
2016-06-29,,,,,,
2016-06-30, ,195, ,13,18, 
2016-07-01,322,32,9,15,16,3
2016-07-02,78,51,8,15,16,2
2016-07-03,115,55,14,22,20,4
2016-07-04,122,106,10,11,11,12
2016-07-05,165,65,6,7,6, 
2016-07-06,157,31,5,4,4,5
2016-07-07,83,33,5,4,3,5
2016-07-08,82,23,22,3,2,5
2016-07-09,66,15,1,2,2,5
2016-07-10,49,30,1,3,2, 
2016-07-11,81,23,1,3,2,5
2016-07-12,67,24,28,3,2,6
2016-07-13,67,25,4,3,2,7
2016-07-14,69,24,3,9,3,3
2016-07-15,66,22,4,3,4,3
2016-07-16,59,19,5,5,2,4
2016-07-17,54,16,6,6,3,3
2016-07-18,54, ,5,7,3,4
2016-07-19,55, ,5,5,2,3
2016-07-20,44, ,6,5,3,5
2016-07-21,56, ,6,6,4,4
2016-07-22,54, ,16,6,3,5
2016-07-23,60, ,16,7,4,6
2016-07-24,57, ,29,8,3,6
2016-07-25,61,37,59,1,4,9
2016-07-26,79,52,24,8,4,10
2016-07-27,79,45,21,15,5,11
2016-07-28,72,35,38,11,4,9
2016-07-29,64,39,41,7,3,5
2016-07-30,59,42,39,8,3,5
2016-07-31,52,36,49,10,3,5
2016-08-01,45,45,80,15,3,4
2016-08-02,41,47,54,12,3,4
2016-08-03,37,45,25,14,2,5
2016-08-04,43,61,32,10,3,6
2016-08-05,72,17,8,11,3,6
2016-08-06,39,23,8,10,3,7
2016-08-07,48,22,7,16,3,6
2016-08-08,47,30,4,12,3,2
2016-08-09,51,46,4,12,3,2
2016-08-10,40,44,4,11,3,3
2016-08-11,30,50,4,11,3,3
2016-08-12,42,51,4,11,3,3
2016-08-13,39,43,42,13,3,4
2016-08-14,28,50,4,9,3,4
2016-08-15,41,50,4,4,3,4
2016-08-16,43,44,4,2,3,5
2016-08-17,51,38,4,1,3,5
2016-08-18,53,52,4,4,3,5
2016-08-19,54,51,4,2,3,5
2016-08-20,45,51,4,1,3,2
2016-08-21,49,51,4,1,3,3
2016-08-22,64,37,7, ,4,3
2016-08-23,37,50,4, ,4,3
2016-08-24,65,53,17, ,4,4
2016-08-25,58,28,4, ,4,4
2016-08-26,32,29,4, ,4,7
2016-08-27,54,35,4,1,4,6
2016-08-28,51,44,10,1,4,6
2016-08-29,40,41,12,1,4,6
2016-08-30,39,37,14, ,4,6
2016-08-31,36,38,9, ,4,6
2016-09-01,39,38,7, ,4,5
2016-09-02,40,60,9, ,4,5
2016-09-03,60,61,4, ,4,4
2016-09-04,54,54,8, ,4,4
2016-09-05,47,52,4, ,4,4
2016-09-06,42,54,5, ,4,6
2016-09-07,45,52,5, ,4,3
2016-09-08,52,67,5, ,5,7
2016-09-09,74,66,5, ,5,7
2016-09-10,75,59,5, ,5,7
2016-09-11,75,54,5, ,5,4
2016-09-12,60,62,5, ,5,6
2016-09-13,70,49,5,1,5,4
2016-09-14,62,30,5, ,5,4
2016-09-15,45,39,5, ,5,5
2016-09-16,52,41,5, ,5,7
2016-09-17,72,27,6, ,5,4
2016-09-18,44,24,7, ,4,3
2016-09-19,50,22,5, ,4,4
2016-09-20,35,20,5, ,4,4
2016-09-21,34,28,5,17,7,4
2016-09-22,46,33,5,17,3,3
2016-09-23,44,37,6,18,3,5
2016-09-24,54,30,6,18,3,2
2016-09-25,50,35,7,17,2,4
2016-09-26,50,47,5,17,5,4
2016-09-27,46,42,5,18,3,2
2016-09-28,62,42,5,18,3,2
2016-09-29,65,55,5,18,4,5
2016-09-30,80,44,5,18,5,7
2016-10-01,58,41,3,18,5,11
2016-10-02,66,52,2,18,5,9
2016-10-03,67,35,2,17,5,5
2016-10-04,57,45,3,16,6,5
2016-10-05,76,60,3,16,10,8
2016-10-06,83,45,3,17,10,6
2016-10-07,56,49,4,17,11,5
2016-10-08,58,51,6,17,11,5
2016-10-09,58,43,8,17,12,3
2016-10-10,81,64,7,17,13,5
2016-10-11,86,68,8,17,11,4
2016-10-12,83,70,13,18,9,5
2016-10-13,79,84,17,18,8,6
2016-10-14,115,95,14,19,9,8
2016-10-15,138,91,13,18,4,4
2016-10-16,136,103,16,19,6,7
2016-10-17,153,111,18,19,4,9
2016-10-18,154,84,23,20,7,10
2016-10-19,106, ,23,19,8,13
2016-10-20,140, ,21,19,8,8
2016-10-21,128,100,16,19,7,6
2016-10-22,121, ,20,19,7,7
2016-10-23,137,118,9,19,7,5
2016-10-24,114,54,8,19,8,4
2016-10-25,88,80,19,19,8,6
2016-10-26,107, ,19,19,9,9
2016-10-27,144, ,25,19,10,9
2016-10-28,142, ,24,20,10,11
2016-10-29, ,104,18,20,10,13
2016-10-30,137,167,16,20,13,13
2016-10-31,169,119,19,20,18,13
2016-11-01,147,92,21,21,8,10
2016-11-02,135,86,26,20,5,10
2016-11-03,123,113,27,20,7,10
2016-11-04,125, ,24,20,7,10
2016-11-05,126, ,32,20,6,10
2016-11-06,114, ,23,20,7,13
2016-11-07,129, ,15,20,7,12
2016-11-08,113,116,23,20,7,10
2016-11-09,108,122,21,20,7,10
2016-11-10,117,138,14,19,8,15
2016-11-11,135,144,11,16,6,13
2016-11-12,126,133,17,16,6,11
2016-11-13,124,142,20,11,8,13
2016-11-14,142,158,15,1,6,12
2016-11-15,156, ,22,2,8,14
2016-11-16,154,169,17,2,8,14
2016-11-17,145, ,10,9,7,12
2016-11-18,110,169,18,8,7,13
2016-11-19,130,145,26,8,7,15
2016-11-20,67,144,10,8,7,11
2016-11-21,88, ,12,8,9,14
2016-11-22,74,124,13,8,9,13
2016-11-23,80,145,13,8,9,15
2016-11-24,86,101,15,8,7,11
2016-11-25,78,102,17,11,4,12
2016-11-26,79,169,18,8,6,20
2016-11-27,73,104,13,8,5,13
2016-11-28,63,145,19,8,7,15
2016-11-29,142,121,19,8,11,24
2016-11-30,146,140,15,8,9,19
2016-12-01,137,153,13,8,10,22
2016-12-02,122,122,11, ,8,12
2016-12-03,111,96,8,7,8,11
2016-12-04,85,108,10,8,7,12
2016-12-05,103,143,14,5,6,14
2016-12-06,118,121,11,2,5,14
2016-12-07,115,103,10,2,4,11
2016-12-08,116,122,21,2,3,9
2016-12-09,126,125,31,3,5,16
2016-12-10,125,110,23,3,4,12
2016-12-11,96,125,19, ,5,16
2016-12-12,117,121,41,3,5,18
2016-12-13,71,114,29,3,6,15
2016-12-14,68,101,21,4,6,16
2016-12-15,62,114,27,4,6,15
2016-12-16,78,106,30,4,6,14
2016-12-17,70,79,14,4,6,13
2016-12-18,37,111,27,3,16,13
2016-12-19,94,118,25,5,7,13
2016-12-20,157,123,35,5,7,18
2016-12-21,165,127,36,6,7,17
2016-12-22,167,139,30,6,7,19
2016-12-23,181,132,28,6,7,18
2016-12-24,169,141,17,6,7,20
2016-12-25,168,132,28,6,8,20
2016-12-26,165,141,21,6,8,25
2016-12-27,162,124,22,5,8,15
2016-12-28,160,141,27,5,8,19
2016-12-29,166,164,13,5,8,23
2016-12-30,180,192,20,5,7,30
2016-12-31,212,173,8,5,6,28
2017-01-01, ,147,33,5,6,19
2017-01-02,177,125,26,6,6,18
2017-01-03,153,130,43,6,6,18
2017-01-04,163,131,31,6,7,19
2017-01-05,163,105,26,6,7,13
2017-01-06,142,96,17,7,7,11
2017-01-07,129,83,15,8,7,12
2017-01-08,114,90,21,7,7,11
2017-01-09,125,97,30,7,12,13
2017-01-10,134,116,36,6,8,11
2017-01-11,162,107,27,6,6,10
2017-01-12,151,127,32,6,9,15
2017-01-13,153,115,19,7,9,13
2017-01-14,149,141,23,6,9,16
2017-01-15,166,84,26,6,8,9
2017-01-16,154,127,35,6,8,12
2017-01-17,151,119,44,7,9,11
2017-01-18,160,149,37,7,9,17
2017-01-19,199,143,41,7,9,16
2017-01-20,173,129,43,7,10,16
2017-01-21,169,121,50,7,10,15
2017-01-22,159,150,40,7,10,23
2017-01-23,160,132,87,7,10,17
2017-01-24,162,150,50,7,11,18
2017-01-25,172,144,39,7,11,16
2017-01-26,171,86,35,7,9,7
2017-01-27,126,97,32,7,10,13
2017-01-28,144,116,41,7,11,17
2017-01-29,156,132,41,7,11,19
2017-01-30,163,144,42,7,10,19
2017-01-31,173,126,61,8,10,15
2017-02-01,159,141,68,14,8,17
2017-02-02,173,153,9,17,12,29
2017-02-03,134,74,19,11,4,15
2017-02-04,106,76,22,10,4,12
2017-02-05,95,84,49,11,5,11
2017-02-06,99,111,46,14,7,9
2017-02-07,142,97,45,11,5,9
2017-02-08,142,111,49,12,6,9
2017-02-09,141,109,50,12,12,10
2017-02-10,145,75,33,14,7,9
2017-02-11,110,96,49,15,9,10
2017-02-12,134,145,52,17,11,16
2017-02-13,171,142,32,18,12,21
2017-02-14,147,129,49,18,12,16
2017-02-15,167,128,39,19,13,15
2017-02-16,163,118,52,18,12,13
2017-02-17,160,111,40,16,11,13
2017-02-18,150,127,72,21,15,19
2017-02-19,147,116,35,15,9,14
2017-02-20,129,73,14,12,6,4
2017-02-21,83,115,16,11,7,6
2017-02-22,93,89,33,12,8,8
2017-02-23,109,129,31,14,10,14
2017-02-24,155,126,30,14,10,14
2017-02-25,153,134,46,15,11,23
2017-02-26,141,152,50,16,12,23
2017-02-27,172,190,45,17,14,26
2017-02-28,196,132,46,15,12,15
2017-03-01,160,111,37,15,11,11
2017-03-02,130,85,33,13,8,7
2017-03-03,115,81,28,13,8,8
2017-03-04,117,77,34,13,8,7
2017-03-05,99,91,32,14,10,11
2017-03-06,127,89,27,13,9,7
2017-03-07,128,81,21,13,9,6
2017-03-08,104,72,10,13,9,6
2017-03-09,96,68,8,13,9,4
2017-03-10,97,78,17,14,11,6
2017-03-11,132,135,36,14,11,7
2017-03-12,153,174,38,20,17,21
2017-03-13,296,123,39,16,12,14
2017-03-14,160,117,32,12,13,13
2017-03-15,142,100,42,9,5,13
2017-03-16,135,82,27,9,4,8
2017-03-17,113,80,21,8,4,5
2017-03-18,112,54,12,11,4,4
2017-03-19,70,66,13,11,4,4
2017-03-20,95,73,20,11,5,4
2017-03-21,107,82,18,11,6,5
2017-03-22,114,82,23,12,6,6
2017-03-23,112,73,21,12,6,5
2017-03-24,103,77,27,12,7,6
2017-03-25,110,80,30,12,6,6
2017-03-26,105,102,36,11,7,8
2017-03-27,129,99,19,8,6,6
2017-03-28,125,96,12,10,6,5
2017-03-29,125,85,10,13,7,4
2017-03-30,109,81,20,14,7,6
2017-03-31,104,70,14,13,7,6
2017-04-01,94,60,13,13,7,5
2017-04-02,75,63,11,12,7,4
2017-04-03,81,54,7,8,6,3
2017-04-04,71,61,6,12,6,4
2017-04-05,78,60,10,9,6,4
2017-04-06,76,114,15,7,6,3
2017-04-07,103,126,36,9,7,6
2017-04-08,136,137,60,9,7,8
2017-04-09,139,123,37,9,7,11
2017-04-10,168,100,19,9,7,8
2017-04-11,140,83,29,7,10,8
2017-04-12,137,97,27,9,6,13
2017-04-13,143,73,20,8,5,7
2017-04-14,141,64,12,8,5,6
2017-04-15,137,55,18,8,6,9
2017-04-16,123,45,9,5,5,6
2017-04-17,84,61,16,6,5,4
2017-04-18,88,51,11,8,5,3
2017-04-19,71,50,10,9,5,3
2017-04-20,76,57,9,11,5,3
2017-04-21,96,59,8,9,5,5
2017-04-22,96,55,8,7,5,3
2017-04-23,73,60,9,7,5,3
2017-04-24,93,73,20,8,5,4
2017-04-25,109,88,12,11,5,4
2017-04-26,109,73,10,7,5,4
2017-04-27,97,65,10,7,5,5
2017-04-28,93,57,14,7,6,5
2017-04-29,111,45,13,6,6,5
2017-04-30,89,79,7,7,6,4
2017-05-01,103,63,10,9,6,5
2017-05-02,90,75,7,9,6,6
2017-05-03,99,61,7,9,6,5
2017-05-04,83,61,15,9,6,5
2017-05-05,88,57,15,9,6,4
2017-05-06,88,43,10,9,6,4
2017-05-07,63,56,14,10,6,6
2017-05-08,75,52,14,9,6,5
2017-05-09,77,50,12,7,12,5
2017-05-10,78,32,250,4,5,6
2017-05-11,60,40,16,5,3,7
2017-05-12,66,69,31,7,3,8
2017-05-13,106,49,10,4,4,3
2017-05-14,80,44,7,5,4,2
2017-05-15,67,44,9,5,4,2
2017-05-16,80,39,5,6,4,3
2017-05-17,71,39,14,8,4,3
2017-05-18,73,28,8,9,4,3
2017-05-19,64,40,9,9,4,4
2017-05-20,79,40,13,9,4,3
2017-05-21,74,71,7,10,3,4
2017-05-22,86,71,9,9,3,3
2017-05-23,82,33,8,8,4,3
2017-05-24,61,41,10,9,4,3
2017-05-25,69,38,372,8,5,5
2017-05-26,80,55,372,8,3,4
2017-05-27,100,48,9,9,3,4
2017-05-28,82,55,6,8,3,4
2017-05-29,82,53,188,5,4,5
2017-05-30,103,53,6,5,4,5
2017-05-31,103,53,7,8,4,6
2017-06-01,94,42,6,8,4,7
2017-06-02,75,46,11,10,4,6
2017-06-03,70,52,9,10,4,6
2017-06-04,67,57,4,8,4,6
2017-06-05,78,60,8,11,4,5
2017-06-06,82,50,9,11,7,6
2017-06-07,74,32,17,10,4,6
2017-06-08,55,43,19,9,4,5
2017-06-09,91,33,9,10,3,5
2017-06-10,56,37,8,15,3,6
2017-06-11,61,39,9,15,4,6
2017-06-12,63,42,14,24,6,6
2017-06-13,65,42,12,15,5,4
2017-06-14,69,46,12,19,5,5
2017-06-15,71,35,9,13,5,4
2017-06-16,60,34,12,14,4,4
2017-06-17,53,36,8,7,4,3
2017-06-18,50,37,7,7,4,3
2017-06-19,50,38,8,6,4,2
2017-06-20,47,40,10,6,4,2
2017-06-21,49,43,9,7,5,3
2017-06-22,61,50,46,9,5,5
2017-06-23,72,61,10,6,4,3
2017-06-24,77,44,9,27,5,7
2017-06-25,64,32,16,15,5,7
2017-06-26,47,47,11,8,5,4
2017-06-27,53,37,15,7,4,4
2017-06-28,46,49,11,5,4,4
2017-06-29,64,82,10,5,4,3
2017-06-30,77,45,5,5,4,2
2017-07-01,54,49,3,12,3,1
2017-07-02,65,59,5,6,4,3
2017-07-03,77,54,5,5,4,5
2017-07-04,133, , , , , 
2017-07-05, ,61,1,9,4,6
2017-07-06,80,104,4,7,4,7
2017-07-07,183,102,47,7,4,9
2017-07-08,56,42,2,9,5,12
2017-07-09,46,60,1,11,3,10
2017-07-10,86,63,3,6,4,10
2017-07-11,139,55,5,5,3,11
2017-07-12,91,88,8,7,9,12
2017-07-13,72,91,5,7,2,9
2017-07-14,93,109,53,7,2,9
2017-07-15,97,65,6,6,2,9
2017-07-16,76,44,8,14,2,10
2017-07-17,58,26,6,15,3,10
2017-07-18,39,29,6,17,3,11
2017-07-19,43,30,3,10,3,10
2017-07-20,41,38,7,8,3,9
2017-07-21,51,32,10,8,2,10
2017-07-22,40,53,4,6,2,10
2017-07-23,52,58,3,7,2,10
2017-07-24,69,37,3,7,2,10
2017-07-25,42,47,2,7,2,10
2017-07-26,49,46,2,7,2,10
2017-07-27,49,53,3,7,2,10
2017-07-28,55,50,3,7,2,10
2017-07-29,53,28,49,7,3,10
2017-07-30,32,31,1,8,2,8
2017-07-31,47,33,2,8,2,3
2017-08-01,42,40,2,7,3,3
2017-08-02,49,33,1,6,3,2
2017-08-03,44,52,2,6,3,1
2017-08-04,62,55,2,7,3,1
2017-08-05,68,52,2,8,3,1
2017-08-06,53,50,4,7,3,1
2017-08-07,70,51,7,6,3,1
2017-08-08,66,50,4,9,4,1
2017-08-09,70,37,3,9,4,2
2017-08-10,58,46,2,7,5,2
2017-08-11,58,43,5,15,2,2
2017-08-12,43,41,3,4,2,1
2017-08-13,40,33,2,2,2,3
2017-08-14,42,43,2,3,2,5
2017-08-15,61,49,71,5,2,3
2017-08-16,61,54,4,4,3,2
2017-08-17,61,55,3,3,3,3
2017-08-18,59,37,6,2,7,9
2017-08-19,48,35,4,6,4,6
2017-08-20,44,42,6,5,6,11
2017-08-21,82,48,8,5,5,9
2017-08-22,73,43,9,5,4,8
2017-08-23,59,45,6,5,4,7
2017-08-24,62,27,4,3,4,7
2017-08-25,40,33,6,3,4,7
2017-08-26,46,36,5,3,4,7
2017-08-27,46,40,7,5,5,9
2017-08-28,53,23,19,7,3,7
2017-08-29,37,45,6,3,4,12
2017-08-30,57,50,6,7,4,10
2017-08-31,60,54,7,5,5,12
2017-09-01,69,45,50,5,4,13
2017-09-02,69,36,6,6,4,12
2017-09-03,52,66,14,6,6,13
2017-09-04,91,64,12,6,8,12
2017-09-05,93,60,7,7,5,11
2017-09-06,81, , , , , 
2017-09-07,,,,,,
2017-09-08,,,,,,
2017-09-09,,,,,,
2017-09-10, ,75,12,2,9,16
2017-09-11,141,69,14,2,9,18
2017-09-12,115,33,15,2,13,12
2017-09-13,67,47,10,2,4,5
2017-09-14,84,33,100,5,7,9
2017-09-15,52,48,5,9,4,5
2017-09-16,71,42,3,13,4,4
2017-09-17,68,31,8,22,6,7
2017-09-18,47,47,9,2,4,3
2017-09-19,69,41,15,3,5,6
2017-09-20,66,49,5,4,6,6
2017-09-21,85,49,6,3,4,4
2017-09-22,68,46,7,3,4,4
2017-09-23,66,57,5,4,5,5
2017-09-24,83,37,7,4,6,4
2017-09-25,59,31,9,3,5,3
2017-09-26,77,47,13,2,4,4
2017-09-27,98,56,19,3,5,4
2017-09-28,112,58,12,5,7,5
2017-09-29,88,69,20,6,8,9
2017-09-30,122,77,22,5,7,8
2017-10-01,130,70,23,5,12,6
2017-10-02,107,63,26,6,4,6
2017-10-03,119,80,19,4,4,5
2017-10-04,136,88,24,5,5,7
2017-10-05,141,91,15,5,7,10
2017-10-06,142,57,10,6,9,9
2017-10-07,120,47,1,7,10,11
2017-10-08,107,61,9,6,8,6
2017-10-09,108,61,5,7,9,10
2017-10-10,115,38,4,7,10,9
2017-10-11,93,41,3,6,9,8
2017-10-12,76,61,9,7,10,9
2017-10-13,113,59,11,7,10,10
2017-10-14,116,60,9,7,10,11
2017-10-15,123,67,11,7,10,10
2017-10-16,131,71,14,7,10,9
2017-10-17,144,95,16,7,10,11
2017-10-18,167,134,26,11,15,17
2017-10-19,234,176,23,7,9,14
2017-10-20,226,70,15,6,8,7
2017-10-21,130,59,12,6,9,6
2017-10-22,112,70,16,5,7,8
2017-10-23,105,82,14,5,6,13
2017-10-24,134,77,22,4,5,13
2017-10-25,138,100,26,6,9,15
2017-10-26,154,91,30,6,7,15
2017-10-27,141,70,25,5,7,11
2017-10-28,125,82,13,6,7,15
2017-10-29,145,74,14,6,8,12
2017-10-30,132,67,43,6,8,14
2017-10-31,119,83,6,6,8,17
2017-11-01,133,80,9,5,7,15
2017-11-02,131,87,12,4,7,15
2017-11-03,149,92,8,8,10,18
2017-11-04,136,75,17,7,10,13
2017-11-05,125,75,12,7,9,14
2017-11-06,126,76,27,7,9,14
2017-11-07,125,82,24,7,9,15
2017-11-08,125,80,24,7,10,16
2017-11-09,118,85,20,7,13,16
2017-11-10,130,87,24,4,4,16
2017-11-11,146,79,20,4,5,15
2017-11-12,125,99,42,4,5,20
2017-11-13,150,100,22,4,5,20
2017-11-14,138,106,14,4,5,21
2017-11-15,156,106,18,3,4,16
2017-11-16,161,115,30,4,4,21
2017-11-17,159,113,27,4,4,20
2017-11-18,160,114,25,4,4,21
2017-11-19,140,118,19,4,5,20
2017-11-20,151,116,19,4,4,22
2017-11-21,151,114,15,3,4,18
2017-11-22,142,99,24,4,5,22
2017-11-23,134,105,25,4,5,19
2017-11-24,149,116,24,4,4,19
2017-11-25,156,121,30,4,5,23
2017-11-26,149,110,33,5,5,23
2017-11-27,146,124,27,5,6,24
2017-11-28,151,113,31,5,6,19
2017-11-29,155,106,69,4,6,14
2017-11-30,151,103,9,4,5,13
2017-12-01,152,90,11,5,6,14
2017-12-02,138,98,24,5,6,22
2017-12-03,143,92,67,5,6,20
2017-12-04,144,67,3,4,5,18
2017-12-05,109,47,7,3,4,15
2017-12-06,79,87,5,4,5,17
2017-12-07,138,87,10,4,15,17
2017-12-08,152,136,6,3,4,18
2017-12-09,170,118,5,3,4,20
2017-12-10,153,66,6,3,4,16
2017-12-11,117,65,44,4,4,16
2017-12-12,101,72,24,4,4,17
2017-12-13,106,91,24,4,5,19
2017-12-14,140,122,27,5,5,25
2017-12-15,166,139,24,5,5,21
2017-12-16,171,126,15,5,5,27
2017-12-17,132,105,13,8,6,25
2017-12-18,150,88,15,24,6,20
2017-12-19,137,97,19,30,8,24
2017-12-20,134,107,31,27,8,23
2017-12-21,144,111,22,25,6,23
2017-12-22,157,112,33,25,10,25
2017-12-23,161,132,36,24,6,29
2017-12-24,165,167,29,23,6,33
2017-12-25,190,119,20,25,7,30
2017-12-26,149,108,39,24,7,25
2017-12-27,159,115,40,27,8,28
2017-12-28,162,140,52,28,7,32
2017-12-29,172,126,26,26,6,30
2017-12-30,164,129,8,38,6,42
2017-12-31,163,125,41,19,8,28
2018-01-01,170,127,36,21,7,24
2018-01-02,172,150,28,19,7,32
2018-01-03,184,146,34,18,6,32
2018-01-04, ,111,34,19,6,23
2018-01-05,161,112,24,21,7,27
2018-01-06,153,90,38,14,8,23
2018-01-07,117,98,38,16,8,22
2018-01-08,149,139,47,15,7,19
2018-01-09,178,132,31,17,7,22
2018-01-10,171,126,46,12,8,18
2018-01-11,170,131,31,16,8,20
2018-01-12,169,124,43,11,8,17
2018-01-13,164,133,37,11,7,19
2018-01-14,161,138,34,13,8,22
2018-01-15,174,112,29,14,7,17
2018-01-16,149,103,31,11,4,14
2018-01-17,142,92,33,13,8,11
2018-01-18,136,93,25,13,10,12
2018-01-19,127,89,33,13,10,10
2018-01-20,122,96,37,15,9,11
2018-01-21,129,103,28,13,9,12
2018-01-22,144,87,12,6,7,7
2018-01-23,136,88,4,12,7,8
2018-01-24,111,109,4,15,8,10
2018-01-25,144,135,3,20,10,11
2018-01-26,151,73,2,17,10,11
2018-01-27,107,80,1,16,10,9
2018-01-28,138,102,1,15,13,10
2018-01-29,158,124,1,17,20,13
2018-01-30,163,113,34,19,16,13
2018-01-31,178,219,46,27,15,13
2018-02-01,323,220,45,25,15,11
2018-02-02,310,101,27,20,18,10
2018-02-03,272,120,86,40,17,16
2018-02-04,126,125,25,25,13,14
2018-02-05,159,156,24,21,16,15
2018-02-06,167,137,20,17,14,14
2018-02-07,169,136,16,11,12,14
2018-02-08,155,72,12,12,11,12
2018-02-09,100,80,10,12,12,14
2018-02-10,94,69,12,8,11,12
2018-02-11,63,61,19,8,12,11
2018-02-12,88,74,28,13,13,13
2018-02-13,90,103,15,17,12,13
2018-02-14,165,87,30,12,8,9
2018-02-15,126,93,35,10,8,8
2018-02-16,133,91,37,11,9,9
2018-02-17,127,94,37,13,10,8
2018-02-18,124,116,55,15,11,9
2018-02-19,148,122,96,17,15,10
2018-02-20,145,108,91,14,12,10
2018-02-21,151,133,46,6,9,13
2018-02-22,174,110,31,29,8,12
2018-02-23,149,126,38,51,10,14
2018-02-24,161,117,53, ,10,15
2018-02-25,153,113,37, ,11,14
2018-02-26,156,132,41,29,11,16
2018-02-27,143,144,56,91,12,17
2018-02-28,170,143,37, ,12,17
2018-03-01,165,163,37,24,9,18
2018-03-02,194,138,23,23,9,17
2018-03-03,142,89,24,12,9,15
2018-03-04,121,81,29,14,8,15
2018-03-05,117,82,35,19,9,16
2018-03-06,123,73,21,13,9,15
2018-03-07,101,70,18,17,8,15
2018-03-08,94,74,23,22,9,16
2018-03-09,107,70,33,8,9,15
2018-03-10,97,75,32,17,10,16
2018-03-11,102,97,43,24,15,15
2018-03-12,131,71,103,18,15,12
2018-03-13,120,66,28,15,10,11
2018-03-14,92,72,208,14,9,11
2018-03-15,122,99,62,16,11,13
2018-03-16,139,90,52,12,10,13
2018-03-17,130,69,52,12,10,12
2018-03-18,89,54,44,11,10,12
2018-03-19,86,79,57,10,13,13
2018-03-20,108,56,33,5,20,12
2018-03-21,83,88,25,11,12,16
2018-03-22,142,92,30,12,15,15
2018-03-23,120,102,44,10,15,15
2018-03-24,124,106,48,14,17,21
2018-03-25,147,117,53,15,23,19
2018-03-26,160,76,49,8,10,9
2018-03-27,143,74,36,7,9,12
2018-03-28,254,61,31,7,11,10
2018-03-29,118,62,31,10,13,10
2018-03-30,135,71,25,8,13,10
2018-03-31,135,70,107,15,19,12
2018-04-01,139,58,31,10,14,11
2018-04-02,110,58,37,10,14,11
2018-04-03,82,61,33,7,10,10
2018-04-04,86,62,39,15,10,10
2018-04-05,89,71,32,24,12,11
2018-04-06,104,68,29,16,12,11
2018-04-07,102,65,25,13,12,12
2018-04-08,96,74,24,15,13,13
2018-04-09,110,71,35,9,12,12
2018-04-10,100,68,39,11,12,12
2018-04-11,103,65,41,9,12,11
2018-04-12,93,58,36,10,10,11
2018-04-13,84,58,35,9,10,11
2018-04-14,91,51,36,6,11,11
2018-04-15,74,54,40,7,11,11
2018-04-16,82,65,44,13,9,12
2018-04-17,106,61,43,10,11,12
2018-04-18,98,61,30,16,15,14
2018-04-19,94, , , , , 
2018-04-20,,,,,,
2018-04-21,,,,,,
2018-04-22,,,,,,
2018-04-23,,,,,,
2018-04-24,,,,,,
2018-04-25,,,,,,
2018-04-26,,,,,,
2018-04-27,,,,,,
2018-04-28,,,,,,
2018-04-29,,,,,,
2018-04-30,,,,,,
2018-05-01,,,,,,
2018-05-02,,,,,,
2018-05-03,,,,,,
2018-05-04,,,,,,
2018-05-05,,,,,,
2018-05-06,,,,,,
2018-05-07,,,,,,
2018-05-08,,,,,,
2018-05-09,,,,,,
2018-05-10,,,,,,
2018-05-11,,,,,,
2018-05-12,,,,,,
2018-05-13,,,,,,
2018-05-14,,,,,,
2018-05-15,,,,,,
2018-05-16,,,,,,
2018-05-17,,,,,,
2018-05-18,,,,,,
2018-05-19,,,,,,
2018-05-20,,,,,,
2018-05-21,,,,,,
2018-05-22,,,,,,
2018-05-23,,,,,,
2018-05-24,,,,,,
2018-05-25,,,,,,
2018-05-26,,,,,,
2018-05-27,,,,,,
2018-05-28,,,,,,
2018-05-29,,,,,,
2018-05-30,,,,,,
2018-05-31,,,,,,
2018-06-01,,,,,,
2018-06-02,,,,,,
2018-06-03,,,,,,
2018-06-04,,,,,,
2018-06-05,,,,,,
2018-06-06,,,,,,
2018-06-07,,,,,,
2018-06-08,,,,,,
2018-06-09,,,,,,
2018-06-10,,,,,,
2018-06-11,,,,,,
2018-06-12,,,,,,
2018-06-13,,,,,,
2018-06-14,,,,,,
2018-06-15,,,,,,
2018-06-16,,,,,,
2018-06-17,,,,,,
2018-06-18,,,,,,
2018-06-19,,,,,,
2018-06-20,,,,,,
2018-06-21,,,,,,
2018-06-22,,,,,,
2018-06-23,,,,,,
2018-06-24,,,,,,
2018-06-25,,,,,,
2018-06-26,,,,,,
2018-06-27,,,,,,
2018-06-28,,,,,,
2018-06-29,,,,,,
2018-06-30,,,,,,
2018-07-01,,,,,,
2018-07-02,,,,,,
2018-07-03,,,,,,
2018-07-04,,,,,,
2018-07-05,,,,,,
2018-07-06,,,,,,
2018-07-07,,,,,,
2018-07-08,,,,,,
2018-07-09,,,,,,
2018-07-10,,,,,,
2018-07-11,,,,,,
2018-07-12,,,,,,
2018-07-13,,,,,,
2018-07-14,,,,,,
2018-07-15,,,,,,
2018-07-16,,,,,,
2018-07-17,,,,,,
2018-07-18,,,,,,
2018-07-19,,,,,,
2018-07-20,,,,,,
2018-07-21,,,,,,
2018-07-22,,,,,,
2018-07-23,,,,,,
2018-07-24,,,,,,
2018-07-25,,,,,,
2018-07-26,,,,,,
2018-07-27,,,,,,
2018-07-28,,,,,,
2018-07-29,,,,,,
2018-07-30,,,,,,
2018-07-31,,,,,,
2018-08-01,,,,,,
2018-08-02,,,,,,
2018-08-03,,,,,,
2018-08-04,,,,,,
2018-08-05,,,,,,
2018-08-06,,,,,,
2018-08-07,,,,,,
2018-08-08,,,,,,
2018-08-09,,,,,,
2018-08-10,,,,,,
2018-08-11,,,,,,
2018-08-12,,,,,,
2018-08-13,,,,,,
2018-08-14,,,,,,
2018-08-15,,,,,,
2018-08-16,,,,,,
2018-08-17,,,,,,
2018-08-18,,,,,,
2018-08-19,,,,,,
2018-08-20,,,,,,
2018-08-21,,,,,,
2018-08-22,,,,,,
2018-08-23,,,,,,
2018-08-24,,,,,,
2018-08-25,,,,,,
2018-08-26,,,,,,
2018-08-27,,,,,,
2018-08-28,,,,,,
2018-08-29,,,,,,
2018-08-30,,,,,,
2018-08-31,,,,,,
2018-09-01,,,,,,
2018-09-02,,,,,,
2018-09-03,,,,,,
2018-09-04,,,,,,
2018-09-05,,,,,,
2018-09-06,,,,,,
2018-09-07,,,,,,
2018-09-08,,,,,,
2018-09-09,,,,,,
2018-09-10,,,,,,
2018-09-11,,,,,,
2018-09-12,,,,,,
2018-09-13,,,,,,
2018-09-14,,,,,,
2018-09-15,,,,,,
2018-09-16,,,,,,
2018-09-17,,,,,,
2018-09-18,,,,,,
2018-09-19,,,,,,
2018-09-20,,,,,,
2018-09-21,,,,,,
2018-09-22,,,,,,
2018-09-23,,,,,,
2018-09-24,,,,,,
2018-09-25,,,,,,
2018-09-26,,,,,,
2018-09-27,,,,,,
2018-09-28,,,,,,
2018-09-29,,,,,,
2018-09-30,,,,,,
2018-10-01,,,,,,
2018-10-02,,,,,,
2018-10-03,,,,,,
2018-10-04,,,,,,
2018-10-05,,,,,,
2018-10-06,,,,,,
2018-10-07,,,,,,
2018-10-08,,,,,,
2018-10-09,,,,,,
2018-10-10,,,,,,
2018-10-11,,,,,,
2018-10-12,,,,,,
2018-10-13,,,,,,
2018-10-14,,,,,,
2018-10-15,,,,,,
2018-10-16,,,,,,
2018-10-17,,,,,,
2018-10-18,,,,,,
2018-10-19,,,,,,
2018-10-20,,,,,,
2018-10-21,,,,,,
2018-10-22,,,,,,
2018-10-23,,,,,,
2018-10-24,,,,,,
2018-10-25,,,,,,
2018-10-26,,,,,,
2018-10-27,,,,,,
2018-10-28,,,,,,
2018-10-29,,,,,,
2018-10-30,,,,,,
2018-10-31,,,,,,
2018-11-01,,,,,,
2018-11-02,,,,,,
2018-11-03,,,,,,
2018-11-04,,,,,,
2018-11-05,,,,,,
2018-11-06,,,,,,
2018-11-07,,,,,,
2018-11-08,,,,,,
2018-11-09,,,,,,
2018-11-10,,,,,,
2018-11-11,,,,,,
2018-11-12,,,,,,
2018-11-13,,,,,,
2018-11-14,,,,,,
2018-11-15,,,,,,
2018-11-16,,,,,,
2018-11-17,,,,,,
2018-11-18,,,,,,
2018-11-19,,,,,,
2018-11-20,,,,,,
2018-11-21,,,,,,
2018-11-22,,,,,,
2018-11-23,,,,,,
2018-11-24,,,,,,
2018-11-25,,,,,,
2018-11-26,,,,,,
2018-11-27,,,,,,
2018-11-28,,,,,,
2018-11-29,,,,,,
2018-11-30, ,119,31,18,8,24
2018-12-01,153,118,37,16,9,20
2018-12-02,152,132,49,19,8,17
2018-12-03,161,113,35,29,7,21
2018-12-04,153,130,22,32,8,31
2018-12-05,155,83,18,10,10,13
2018-12-06,119,106,19,21,9,18
2018-12-07,137,117,22,21,11,20
2018-12-08,145,108,22,20,11,19
2018-12-09,136,99,22,19,9,16
2018-12-10,130,113,19,37,9,20
2018-12-11,137, , , , , 
2018-12-12,,,,,,
2018-12-13,,,,,,
2018-12-14, ,102,17,20,15,16
2018-12-15,141,100,21,16,16,16
2018-12-16,146,90,22,17,11,15
2018-12-17,133,106,26,22,11,17
2018-12-18,150,93,25,49,10,17
2018-12-19,152,88,20,32,10,15
2018-12-20,120,94,23,30,9,17
2018-12-21,130,113,25,33,9,23
2018-12-22,160,119,25,28,10,23
2018-12-23,170,133,26,27,8,24
2018-12-24,172,124,26,17,11,24
2018-12-25,167,91,21,22,9,16
2018-12-26,155,89,17,22,11,16
2018-12-27,156,99,21,24,13,18
2018-12-28,155,91,18,31,13,18
2018-12-29,152,102,18,30,19,19
2018-12-30,163, , , , , 
2018-12-31, ,139,19,29,10,24
2019-01-01,160,140,34,28,13,28
2019-01-02,162,189,31,26,12,32
2019-01-03,176,155,32,26,11,31
2019-01-04,165,131,31,29,12,24
2019-01-05,159,139,27,26,10,24
2019-01-06,160,105,24,30,10,19
2019-01-07,136,111,43,25,15,24
2019-01-08,138,123,52,21,10,22
2019-01-09,157,150,32,22,9,26
2019-01-10,160,145,31,21,16,29
2019-01-11,164,142,35,21,17,24
2019-01-12,153,151,34,15,15,27
2019-01-13,153,118,33,19,12,20
2019-01-14,153,117,30,23,14,22
2019-01-15,154,120,32,21,13,22
2019-01-16,154,145,14,21,13,29
2019-01-17,165,140,15,23,12,26
2019-01-18,162,150,14,22,17,29
2019-01-19,164,179,15,11,17,29
2019-01-20,169,89,10,7,13,18
2019-01-21,128,77,16,15,11,17
2019-01-22,99,80,12,18,10,14
2019-01-23,80,98,20,31,8,15
2019-01-24,128,90,40,35,5,16
2019-01-25,127,84,34,32,6,16
2019-01-26,108,81,15,30,5,15
2019-01-27,104,83,27,5,6,20
2019-01-28,118,85,31,17,6,18
2019-01-29,120,109,31, ,8,25
2019-01-30,131,109,27, ,11,26
2019-01-31,127,99,47, ,8,20
2019-02-01,129,115,41, ,8,20
2019-02-02,135,151,50, ,10,28
2019-02-03,158,131,30,7,10,28
2019-02-04,145,127,41,13,9,24
2019-02-05,153,96,32,10,7,16
2019-02-06,119,70,23,10,5,14
2019-02-07,64,124,23,16,6,14
2019-02-08,123,117,24,15,10,17
2019-02-09,159,137,39,13,12,25
2019-02-10,166,157,44,15,12,28
2019-02-11,174,134,35,20,12,29
2019-02-12,171,101,35,15,10,23
2019-02-13,162,72,38,14,8,16
2019-02-14,129,83,40,13,7,16
2019-02-15,128,88,39,16,8,19
2019-02-16,139,107,73,15,9,20
2019-02-17,147,91,44,14,9,19
2019-02-18,138,83,47,15,8,19
2019-02-19,133,114,53,12,11,26
2019-02-20,141,64,31,9,8,14
2019-02-21,101,73,31,9,8,16
2019-02-22,106,121,51,14,10,22
2019-02-23,140,86,39,9,8,16
2019-02-24,93,81,38,11,7,17
2019-02-25,102,80,20,10,3,14
2019-02-26,84,77,17,8,3,15
2019-02-27,73,90,10,9,4,20
2019-02-28,59,98,59,17,8,21
2019-03-01,116,126,41,15,7,24
2019-03-02,118,49,31,5,3,14
2019-03-03,57,62,34,2,3,14
2019-03-04,59,86,37,2,3,13
2019-03-05,71,68,39,4,3,14
2019-03-06,74,74,43,6,3,15
2019-03-07,78,77,48,7,3,16
2019-03-08,87,89,57,8,4,18
2019-03-09,103,102,39,7,4,17
2019-03-10,90,87,21,3,3,14
2019-03-11,75,68,39,3,2,13
2019-03-12,69,68,58,4,3,13
2019-03-13,74,72,35,6,2,14
2019-03-14,70,79,54,7,1,15
2019-03-15,84,102,58,11,2,19
2019-03-16,109,89,40,9,1,17
2019-03-17,106,95,52,10,2,20
2019-03-18,112,93,26,8,3,20
2019-03-19,100,69,42,4,1,15
2019-03-20,83,62,26,1,1,13
2019-03-21,66,54,16,2,1,12
2019-03-22,62,80,31,4,1,12
2019-03-23,92,121,42,9,2, 
2019-03-24,124,126,32,15,2,15
2019-03-25,138,98,24,10, ,15
2019-03-26,106,86,15,4,11,14
2019-03-27,99,75,16,4,21,14
2019-03-28,95,73,12,1,14,13
2019-03-29,88,67,8,2,14,13
2019-03-30,76,68,6,2,13,12
2019-03-31,63,66,6,1,15,12
2019-04-01,67,67,25,8,11,15
2019-04-02,72,69,31,13,11,16
2019-04-03,82,54,16,8,11,15
2019-04-04,59,50,19,8,11,15
2019-04-05,64,55,6,9,11,16
2019-04-06,62,58,7,10,11,16
2019-04-07,64,49,14,10,11,16
2019-04-08,57,50,15,8,11,15
2019-04-09,59,45,12,8,11,16
2019-04-10,54,53,14,7,11,15
2019-04-11,60,60,19,9,12,16
2019-04-12,75,80,17,15,12,18
2019-04-13,96,64,8,14,12,17
2019-04-14,73,63,31,13,11,17
2019-04-15,69,76,21,11,10,16
2019-04-16,83,43,9,9,9,15
2019-04-17,49,66,27,15,10,16
2019-04-18,69,69,12,12,10,16
2019-04-19,70,59,15,15,10,17
2019-04-20,72,56,7,10,10,17
2019-04-21,69,60,19,12,11,16
2019-04-22,69,57,28,10,12,16
2019-04-23,62,55,26,6,12,16
2019-04-24,59,47,27,7,11,15
2019-04-25,59,59,20,8,10,16
2019-04-26,60,72,13,10,12,17
2019-04-27,82,72,8,12,11,17
2019-04-28,75,66,7,10,12,16
2019-04-29,73,65,11,8,12,16
2019-04-30,71,67,5,5,11,16
2019-05-01,65,80,17,6,11,15
2019-05-02,70,65,5,6,9,16
2019-05-03,62,60,9,7,9,16
2019-05-04,56,58,7,4,10,16
2019-05-05,55,52,8,5,10,16
2019-05-06,57,44,11,6,11,16
2019-05-07,48,41,12,4,12,15
2019-05-08,49,41,5,5,12,15
2019-05-09,42,42,13,5,12,15
2019-05-10,48,39,7,8,12,16
2019-05-11,48,52,6,8,12,16
2019-05-12,55,58,6,6,12,16
2019-05-13,64,53,12,7,11,15
2019-05-14,56,54,15,7,11,13
2019-05-15,56,50,13,6,10,12
2019-05-16,57,53,6,8,9,13
2019-05-17,55,59,6,9,12,14
2019-05-18,58,50,7,9,12,13
2019-05-19,48,48,15,7,8,14
2019-05-20,46,56,6,6,5,16
2019-05-21,53,39,6,5,5,15
2019-05-22,43,46,9,6,6,16
2019-05-23,64,62,7,5,5,15
2019-05-24,58,51,16,4,6,12
2019-05-25,53,59,10,4,8,12
2019-05-26,59,66,10,4,7,13
2019-05-27,63,58,8,4,5,15
2019-05-28,59,50,16,4,5,15
2019-05-29,55,42,8,4,5,12
2019-05-30,50,41,21,5,7,13
2019-05-31,51,40,10,6,8,14
2019-06-01,49,38,10,6,8,14
2019-06-02,48,41,10,6,8,14
2019-06-03,58,39,10,5,9,14
2019-06-04,47,41,10,5,9,14
2019-06-05,48,38,10,5,9,14
2019-06-06,40,40,12,5,10,14
2019-06-07,44,43,13,7,10,13
2019-06-08,46,51,13,7,10,14
2019-06-09,57,45,13,7,10,16
2019-06-10,58,50,14,8,11,16
2019-06-11,59,50,13,7,11,19
2019-06-12,53,59,13,5,10,18
2019-06-13,58,60,6,4,10,20
2019-06-14,59,55,6,9,10,19
2019-06-15,53,58,5,8,10,17
2019-06-16,45,51,5,7,10,17
2019-06-17,53,46,5,7,10,17
2019-06-18,48,49,6,7,10,18
2019-06-19,55,56,6,7,10,17
2019-06-20,47,51,5,6,11,17
2019-06-21,49,51,5,7,11,17
2019-06-22,49,52,5,6,11,17
2019-06-23,44,54,5,7,12,18
2019-06-24,54,49,5,7,12,19
2019-06-25,55,47,5,7,12,18
2019-06-26,45,36,5,7,9,19
2019-06-27,45,33,5,7, ,17
2019-06-28,40,43,5,9, ,18
2019-06-29,39,54,5,9, ,19
2019-06-30,55,31,5,9,4,20
2019-07-01,38,29,6,12,12,23
2019-07-02,45,39,6,8,12,21
2019-07-03,44,61,6,7,12,22
2019-07-04,53,65,6,8,12,20
2019-07-05,45,44,6,8,12,18
2019-07-06,42,59,6,7,12,18
2019-07-07,46,54,5,8,12,18
2019-07-08,46,46,6,8,12,18
2019-07-09,44,33,6,7,20,18
2019-07-10,44,46,6,6, ,19
2019-07-11,58,51,6,6, ,19
2019-07-12,64,46,6,6, ,19
2019-07-13,48,46,5,6, ,19
2019-07-14,38,46,5,6, ,19
2019-07-15,44,49,6,6, ,19
2019-07-16,44,49,5,5, ,19
2019-07-17,56,49,5,6,8,19
2019-07-18,51,54,5,5,9,20
2019-07-19,53,55,5,5,9,22
2019-07-20,57,46,5,6,8,23
2019-07-21,57,51,6,7,7,22
2019-07-22,63,30,4,5,7,22
2019-07-23,37, , , , , 
2019-07-24,,,,,,
2019-07-25, ,56,3,8,5,19
2019-07-26,43,42,6,7,5,19
2019-07-27,287,41,6,7,5,19
2019-07-28, ,39,6,7,4,20
2019-07-29, ,43,6,7,4,20
2019-07-30,52,37,6,6,4,20
2019-07-31,36,38,5,6,4,20
2019-08-01,36,33,5,6,4,20
2019-08-02,46,25,4,6,6,19
2019-08-03,100,37,5,5,6,19
2019-08-04,90,36,5,6,5,19
2019-08-05,68,33,4,6,4,19
2019-08-06,42,40,4,6,4,19
2019-08-07,42,53,4,6,4,20
2019-08-08,67,48,4,7,4,20
2019-08-09,57,47,4,6,4,20
2019-08-10,56,46,4,6,4,20
2019-08-11,47,35,4,6,4,20
2019-08-12,50,39,4,6,4,20
2019-08-13,53,42,4,6,4,20
2019-08-14,49,38,4,5,4,20
2019-08-15,41,36,4,5,5,20
2019-08-16,52,44,4,2,3,20
2019-08-17,51,36,4,3, ,20
2019-08-18,44,35,13,3,2,19
2019-08-19,48,41,3,3,5,15
2019-08-20,62,42,10,3,5,17
2019-08-21,100,42,2,3,5,18
2019-08-22,69,36,3,4,6,20
2019-08-23,77,36,3,3,6,21
2019-08-24,106, ,2,4, ,23
2019-08-25,41,58,2,4,6,22
2019-08-26,55, , , , , 
2019-08-27, ,41,2,4,7,21
2019-08-28,44,48,2,5,7,23
2019-08-29,45,47,2,5,7,23
2019-08-30,42,41,2,4,7,22
2019-08-31,42,32,2,4,7,22
2019-09-01,33,41,2,4,7,23
2019-09-02,35,32,2,4,7,23
2019-09-03,27,29,2,5,7,23
2019-09-04,30,37,2,4,7,22
2019-09-05,34,39,2,4,7,21
2019-09-06,34,49,2,5,7,22
2019-09-07,56,53,2,6,8,23
2019-09-08,32,59,2,5,6,16
2019-09-09,43,54,2,5,3,6
2019-09-10,48,57,2,5,5,10
2019-09-11,47,45,2,4,6,10
2019-09-12,42,56,2,6,6,12
2019-09-13,51,54,9,4,6,10
2019-09-14,56, ,4,8,6,14
2019-09-15,39,92,4,5,7,13
2019-09-16,38,51,4,7,7,15
2019-09-17,48,50,5,9,7,16
2019-09-18,63,52,5,14,7,18
2019-09-19,70,50,5,12,6,18
2019-09-20,60,51,5,9,3,17
2019-09-21,74,66,5,8,3,16
2019-09-22,60, ,5,7,3,16
2019-09-23,74, ,5,6,3,15
2019-09-24,51, ,5,9,3,17
2019-09-25,46, ,5,11,3,20
2019-09-26,58, ,5,9,2,16
2019-09-27,41, , ,7, , 
2019-09-28,38, , ,7, , 
2019-09-29,44, , ,7, , 
2019-09-30,45, , ,4, , 
2019-10-01,37, ,4,6,2,18
2019-10-02,62, ,5,6,2,19
2019-10-03,67,38,5,8,2,20
2019-10-04,64,51,5,10,2,24
2019-10-05,81,50,5,10,2,24
2019-10-06,78,52,5,9,2,21
2019-10-07,92,56,5,8,2,21
2019-10-08,103,38,5,10,2,20
2019-10-09,66,54,5,10,2,23
2019-10-10,90,45,5,11,2,22
2019-10-11,77,59,5,10,2,22
2019-10-12,94,52,5,10,2,25
2019-10-13,86,63,6,11,2,24
2019-10-14,112,65,5,14,2,24
2019-10-15,114,71,5,17,2,27
2019-10-16,123,68,5,13,2,26
2019-10-17,130,73,5,14,2,28
2019-10-18,114,41,5,12,2,31
2019-10-19,73,31,5,11,2,29
2019-10-20,58,36,5,9,2,28
2019-10-21,59,44,5,8,2,23
2019-10-22,63,35,5,9,2,27
2019-10-23,61,52,5,10,2,30
2019-10-24,85,49,5,10,2,30
2019-10-25,69,59,5,9,3,29
2019-10-26,75,54,5,9,3,32
2019-10-27,88,58,5,8,2,25
2019-10-28,109,65,4,8,2,24
2019-10-29,114,62,5,9,2,27
2019-10-30,103,68,5,11,4,31
2019-10-31,113,56,8,29,5,28
2019-11-01,158,52,7,32,4,27
2019-11-02,67,44,8,33,3,29
2019-11-03,61,50,8,26,3,29
2019-11-04,79,47,9,27,3,30
2019-11-05,82,61,8,26,3,32
2019-11-06,107,38,8,20,3,29
2019-11-07,57,26,8,19,3,27
2019-11-08,44,49,8,25,3,30
2019-11-09,69,61,9,24,3,33
2019-11-10,98,62,11,27,3,35
2019-11-11,114,66,19,30,3,37
2019-11-12,121,68,10,34,3,28
2019-11-13,124,67,12,30,3,19
2019-11-14,117,71,11,31,4,20
2019-11-15,132,70,14,27,4,19
2019-11-16,154,67,15,27,3,21
2019-11-17,126,67,17,26,4,20
2019-11-18,131,81,23,31,4,25
2019-11-19,138,81,17,26,4,26
2019-11-20,135,86,13,30,4,25
2019-11-21,130,98,16,35,4,26
2019-11-22,132,71,16,30,4,25
2019-11-23,126,71,20,27,4,24
2019-11-24,123,54,18,26,4,24
2019-11-25,145,80,11,30,5,30
2019-11-26,139,55,6,24,4,20
2019-11-27,91,84,11,27,4,25
2019-11-28,113,85,7,26,12,28
2019-11-29,132,80,44,25,4,23
2019-11-30,106,81,14,22,3,29
2019-12-01,134,87,8,20,4,25
2019-12-02,138,51,8,21,4,26
2019-12-03,92,52,9,20,5,24
2019-12-04,104,72,11,20,4,26
2019-12-05,112,60,9,22,5,31
2019-12-06,122,66,17,21,6,28
2019-12-07,118,65,22,23,8,29
2019-12-08,116,81,19,19,14,31
2019-12-09,115,37,18,18,18,32
2019-12-10,111,67,16,14,22,31
2019-12-11,126,66,22,16,22,32
2019-12-12,120,224,16,17,22,30
2019-12-13,95,51,16,13,23,31
2019-12-14,108,53,17,15,23,34
2019-12-15,116,75,16,15,24,40
2019-12-16,135,67,13,16,17,26
2019-12-17,130,68,10,16,9,14
2019-12-18,113,70,12,16,8,16
2019-12-19,121,77,14,18,8,20
2019-12-20,134,79,10,20,8,21
2019-12-21,133,77,10,18,8,23
2019-12-22,132,78,14,16,10,19
2019-12-23,142,82,13,17,9,19
2019-12-24,156,85,9,16,10,19
2019-12-25,157,48,10,12,10,16
2019-12-26,124,71,12,14,10,13
2019-12-27,144,74,11,14,6,19
2019-12-28,116,78,12,13,6,22
2019-12-29,117, , , , , 
2019-12-30,,,,,,
2019-12-31, ,88,27,15,5,22
2020-01-01,131,76,14,12,6,21
2020-01-02,136,59,37,11,6,19
2020-01-03,140,37,21,10,1,17
2020-01-04,128,30,16,13,1,21
2020-01-05,133,35,17,15,3,22
2020-01-06,124,74,17,15,5,24
2020-01-07,132,55,23,12,9,19
2020-01-08,112,62,74,16,10,21
2020-01-09,119,75,15,19,13,23
2020-01-10,127,82,17,21,17,27
2020-01-11,133,167,24,20,16,34
2020-01-12,128,4,21,12,13,21
2020-01-13,96, ,16,11,11,18
2020-01-14,68, ,20,10,9,18
2020-01-15,77, ,13,12,6,20
2020-01-16,74, ,20,13,4,21
2020-01-17,111, ,18,15,5,25
2020-01-18,137, ,20,17,8,26
2020-01-19,137, ,17,17,11,34
2020-01-20,150, ,15,19,12,37
2020-01-21,149, ,18,20,13,40
2020-01-22,141, ,15,15,14,34
2020-01-23,144, ,16,17,13,32
2020-01-24,123, ,25,14,13,32
2020-01-25,142, ,27,17,13,33
2020-01-26,139, ,24,6,10,21
2020-01-27,96, ,500,1,5,21
2020-01-28,68, ,7,1, ,25
2020-01-29,59, ,10,1, ,28
2020-01-30,110, ,11,1, ,29
2020-01-31,112, ,16,1, ,30
2020-02-01,124, ,9,1, ,32
2020-02-02,128, ,12,1, ,33
2020-02-03,124, ,9,1, ,35
2020-02-04,118, ,14,1, ,33
2020-02-05,125, ,15,1, ,33
2020-02-06,90, ,14,1, ,34
2020-02-07,95, ,15,1, ,34
2020-02-08,121, ,7,1, ,34
2020-02-09,123, ,6,1, ,34
2020-02-10,113, ,18,1, ,33
2020-02-11,123,18,54,35,3,27
2020-02-12,113, ,104,60,3,21
2020-02-13,118,45,143,48,4,19
2020-02-14,125,64,41,25,4,19
2020-02-15,105,86,76,23,5,18
2020-02-16,118,102,51,46,6,23
2020-02-17,152,102,52,54,6,24
2020-02-18,140,100,45,48,7,26
2020-02-19,138,68,31,33,7,20
2020-02-20,106,56,44,30,6,17
2020-02-21,75,80,51,34,6,19
2020-02-22,123,88,43,46,7,24
2020-02-23,124,90,41,49,7,21
2020-02-24,136,75,43,54,6,23
2020-02-25,103,83,59,44,6,20
2020-02-26,93,78,38,55,6,22
2020-02-27,108,104,46,65,7,27
2020-02-28,131,91,16,54,7,24
2020-02-29,118,50,13,18,6,16
2020-03-01,82, , , , , 
2020-03-02,,,,,,
2020-03-03, ,60,13,8,7,13
2020-03-04,72,61,15,22,7,13
2020-03-05,76,53,16,13,7,12
2020-03-06,61,65,14,15,7,13
2020-03-07,71,64,21,26,7,16
2020-03-08,65,69,16,22,7,16
2020-03-09,81,51,16,20,7,17
2020-03-10,72,38,16,13,7,14
2020-03-11,48,44,13,17,6,14
2020-03-12,62,59,15,20,6,14
2020-03-13,77,70,18,24,6,15
2020-03-14,75,94,25,41,7,20
2020-03-15,101,96,29,53,8,24
2020-03-16,121,101,33,57,10,27
2020-03-17,129,75,41,39,9,13
2020-03-18,96,52,18,28,9,10
2020-03-19,78,29,17,10,9,8
2020-03-20,65,42,14,16,10,8
2020-03-21,60,39,21,12,10,8
2020-03-22,68,35,20,11,10,8
2020-03-23,61,62,30,13,10,8
2020-03-24,75,46,38,10,11,9
2020-03-25,79,47,20,10,11,8
2020-03-26,54,34,12,7,12,8
2020-03-27,62,37,14,9,11,8
2020-03-28,59,39,17,6,11,8
2020-03-29,54,45,15,6,11,8
2020-03-30,57,49,9,5,10,8
2020-03-31,59,36,6,4,11,8
2020-04-01,58,46,8,3,11,8
2020-04-02,60,48,6,4,12,8
2020-04-03,58,49,3,4,10,8
2020-04-04,55,53,3,4,10,8
2020-04-05,62,39, ,1,11,7
2020-04-06,52,58, ,1,12,7
2020-04-07,59,54, ,1,12,7
2020-04-08,69,55, ,1,12,7
2020-04-09,65,49, ,1,11,7
2020-04-10,57,47, ,1,11,7
2020-04-11,57,54, ,1,12,7
2020-04-12,55,50, ,1,11,8
2020-04-13,58,51, ,1,11,8
2020-04-14,61,47, ,1,12,8
2020-04-15,59,32, ,1,11,7
2020-04-16,53,33, ,1,11,7
2020-04-17,50,38, ,1,10,7
2020-04-18,46,41, ,1,11,7
2020-04-19,48,45, ,1,11,8
2020-04-20,53,40, ,1,11,7
2020-04-21,51,38, ,1,13,7
2020-04-22,64,44, , ,16,9
2020-04-23,64,43, , ,19,10
2020-04-24,116,41, , ,26,9
2020-04-25,100,44, , ,30,9
2020-04-26,98,42, , ,32,9
2020-04-27,97,37, , ,31,9
2020-04-28,93,38, , ,33,9
2020-04-29,99,43, , ,33,8
2020-04-30,116,44, , ,33,8
2020-05-01,105,38, , ,34,8
2020-05-02,104,44, , ,36,8
2020-05-03,101,39, , ,37,8
2020-05-04,100,44, , ,40,7
2020-05-05,96,38, , ,41,7
2020-05-06,100,43, , ,36,8
2020-05-07,111,44, , ,35,7
2020-05-08,106,51, , ,41,7
2020-05-09,104,43, , ,45,7
2020-05-10,109,44, , ,33,9
2020-05-11,97,37, , ,38,7
2020-05-12,95,40, , ,41,7
2020-05-13,103,43,4, ,17,5
2020-05-14,100,60,4, ,12,5
2020-05-15,116,78,4, ,10,5
2020-05-16,135,64,4, ,12,5
2020-05-17,117,61,3,3,12,4
2020-05-18,109,68,3,3,12,4
2020-05-19,121,70,3,5,13,4
2020-05-20,124,74,4,6,14,4
2020-05-21,136,65,4,3,13,4
2020-05-22,116,68,4,2,10,4
2020-05-23,116,74,4,1,10,4
2020-05-24,124,64,3,5,12,4
2020-05-25,116,76,3,1,12,4
2020-05-26,138,72,4,1,7,4
2020-05-27,90,68,4,1,10,5
2020-05-28,137,19,4, , ,6
2020-05-29,26,42,4, , ,8
2020-05-30,71,38,4, , ,10
2020-05-31,55,32,4, , ,8
2020-06-01,41, , , , , 
2020-06-02,,,,,,
2020-06-03,,,,,,
2020-06-04,,,,,,
2020-06-05, ,29,4, ,4,8
2020-06-06,40,23,4, ,4,8
2020-06-07,36,23,4, ,4,8
2020-06-08,35,21,4, ,4,8
2020-06-09,37,24,4, ,4,8
2020-06-10,37,24,4, ,1,8
2020-06-11,35,20,4, , ,8
2020-06-12,40,17,4, , ,8
2020-06-13,32,18,4, , ,8
2020-06-14,34,23,4, , ,8
2020-06-15,30,19,4, , ,8
2020-06-16,31,16,4, , ,9
2020-06-17,49,27,4, , ,9
2020-06-18,38,40,4, , ,9
2020-06-19,54,34,4, , ,8
2020-06-20,43,33,4, , ,8
2020-06-21,38,39,4, , ,8
2020-06-22,46,26,4, , ,9
2020-06-23,39,21,4, , ,8
2020-06-24,37,28,4, , ,8
2020-06-25,43,28,4, , ,8
2020-06-26,40,40,4, , ,8
2020-06-27,49,28,4, , ,8
2020-06-28,42,20,4, , ,8
2020-06-29,24,16,4, , ,8
2020-06-30,22,19,4, , ,9
2020-07-01,30,19,4, , ,8
2020-07-02,28,12,4, , ,8
2020-07-03,22,15,4, , ,8
2020-07-04,20,29,4, , ,8
2020-07-05,32,34,4, , ,8
2020-07-06,39,31,4, , ,8
2020-07-07,31,33,4, , ,8
2020-07-08,33,30,4, , ,8
2020-07-09,35,26,4, , ,8
2020-07-10,32,25,4, , ,8
2020-07-11,35,19,4, , ,9
2020-07-12,29,23,4, , ,9
2020-07-13,29,20,4, , ,10
2020-07-14,29,16,4, , ,9
2020-07-15,24,14,4, , ,9
2020-07-16,22,24,4, , ,10
2020-07-17,32,27,4, , ,9
2020-07-18,39,28,4, , ,9
2020-07-19,36,28,4, , ,9
2020-07-20,35,27,4, , ,9
2020-07-21,38,24,4, , ,9
2020-07-22,35,22,4, , ,9
2020-07-23,31,27,4, , ,10
2020-07-24,38,25,4, , ,11
2020-07-25,48, , , , , 
2020-07-26,,,,,,
2020-07-27,,,,,,
2020-07-28,,,,,,
2020-07-29,,,,,,
2020-07-30,,,,,,
2020-07-31,,,,,,
2020-08-01,,,,,,
2020-08-02,,,,,,
2020-08-03,,,,,,
2020-08-04, ,20,4, ,8,9
2020-08-05,27,17,4, ,7,9
2020-08-06,23,27,4, ,7,9
2020-08-07,34,29,4, ,7,9
2020-08-08,34,33,4, ,7,9
2020-08-09,38,28,4, ,7,9
2020-08-10,36,29,4, ,7,9
2020-08-11,32,24,4, ,7,9
2020-08-12,31, , , , , 
2020-08-13,,,,,,
2020-08-14,,,,,,
2020-08-15, ,31,4, ,8,9
2020-08-16,1, , , , , 
2020-08-17, ,26,4, ,7,10
2020-08-18,32,19, , , , 
2020-08-19,26,21,4, ,7,10
2020-08-20,27,19,4, ,7,9
2020-08-21,25,21,4, ,7,9
2020-08-22,30,19,4, ,7,9
2020-08-23,31,21,4, ,7,9
2020-08-24,32,21,4, ,7,9
2020-08-25,33,20,4, ,7,10
2020-08-26,28,18,4, ,7,9
2020-08-27,25,16,4, ,7,10
2020-08-28,24,14,4, ,7,10
2020-08-29,28,19,4, ,7,10
2020-08-30,27,20,4, ,6,9
2020-08-31,29,24,4, ,7,11
2020-09-01,40,40,4, ,7,12
2020-09-02,50,31,4, ,7,11
2020-09-03,47,38,4, ,10,12
2020-09-04,67,43,4, ,8,12
2020-09-05,70,57,4, ,8,12
2020-09-06,94, ,4, ,7,12
2020-09-07,36, ,4, ,7,11
2020-09-08,43, ,4, ,7,11
2020-09-09,50, ,4, ,7,12
2020-09-10,43, ,4, ,8,13
2020-09-11,61, ,4, ,7,13
2020-09-12,37, ,4, ,7,10
2020-09-13,28, ,4, ,7,11
2020-09-14,40, ,4, ,8,12
2020-09-15,33, ,4, ,8,12
2020-09-16,35, ,4, ,7,13
2020-09-17,38, ,4, ,8,14
2020-09-18,46, ,4, ,8,13
2020-09-19,47, ,4, ,8,13
2020-09-20,46, ,4, ,8,14
2020-09-21,58, ,4, ,7,14
2020-09-22,51, ,4, ,7,11
2020-09-23,20, ,4, ,7,13
2020-09-24,47, ,4, ,14,20
2020-09-25,151, ,4, ,8,10
2020-09-26,33, ,4, ,8,11
2020-09-27,42, ,4, ,8,12
2020-09-28,59, ,4, ,8,13
2020-09-29,59, ,4, ,8,12
2020-09-30,75, ,4, ,8,11
2020-10-01,51, ,4, ,8,12
2020-10-02,65, ,4, ,8,12
2020-10-03,82, , , , , 
2020-10-04,,,,,,
2020-10-05,,,,,,
2020-10-06, , ,4, ,7,12
2020-10-07,97, ,4, ,8,12
2020-10-08,72, ,4, ,8,15
2020-10-09,97, ,4, ,8,15
2020-10-10,105, ,4, ,8,14
2020-10-11,77, ,82,1,8,14
2020-10-12,68, ,4, ,8,14
2020-10-13,86, ,4, ,14,16
2020-10-14,163, ,4, ,8,13
2020-10-15,49, ,4, ,8,16
2020-10-16,60, ,4, ,8,14
2020-10-17,60, ,4, ,8,12
2020-10-18,51, ,4, ,8,11
2020-10-19,54, ,4, ,8,12
2020-10-20,67, ,4, ,8,12
2020-10-21,69, ,4, ,8,15
2020-10-22,79, ,4, ,8,15
2020-10-23,73, ,4, ,8,14
2020-10-24,81, ,4, ,8,13
2020-10-25,77, ,4, ,8,14
2020-10-26,90, ,4, ,8,17
2020-10-27,119, ,4, ,8,16
2020-10-28,109, ,4, ,8,15
2020-10-29,114, ,4, ,8,15
2020-10-30,110, ,4, ,8,18
2020-10-31,108, ,4, ,8,17
2020-11-01,101, ,4, ,8,19
2020-11-02,119, ,4, ,8,17
2020-11-03,132, ,4, ,8,19
2020-11-04,127, ,4, ,8,19
2020-11-05,126, ,4, ,8,18
2020-11-06,111, ,4, ,8,18
2020-11-07,123, ,4, ,7,18
2020-11-08,116, ,4, ,8,19
2020-11-09,124, ,4, ,7,19
2020-11-10,129, ,4, ,7,19
2020-11-11,143, ,4, ,7,17
2020-11-12,132, ,4, ,8,20
2020-11-13,118, ,4, ,8,19
2020-11-14,122, ,4, ,8,17
2020-11-15,125, ,4, ,8,17
2020-11-16,120, ,4, ,7,18
2020-11-17,137, ,4, ,7,16
2020-11-18,131, ,4, ,7,12
2020-11-19,110, ,4, ,7,12
2020-11-20,98, ,4, ,7,13
2020-11-21,94, ,4, ,7,12
2020-11-22,88, ,4, ,7,14
2020-11-23,57, ,4, ,7,12
2020-11-24,62, ,4, ,7,15
2020-11-25,67, ,4, ,7,14
2020-11-26,65, ,4, ,7,14
2020-11-27,36, ,4, ,6,13
2020-11-28,31, ,4, ,7,13
2020-11-29,11, , , , , 
2020-11-30, , ,4, ,7,13
2020-12-01, , ,4, ,7,13
2020-12-02, , ,4, ,7,14
2020-12-03, , ,4, ,7,15
2020-12-04, , ,4, ,7,17
2020-12-05,34, ,4, ,7,14
2020-12-06,44, ,4, ,7,15
2020-12-07,47, ,4, ,7,16
2020-12-08,37, ,4, ,7,16
2020-12-09,40, ,4, ,7,14
2020-12-10,49, ,4, ,7,14
2020-12-11,93, ,4, ,8,13
2020-12-12,58, ,4, ,8,13
2020-12-13, , ,4, ,7,14
2020-12-14, , ,4, ,7,13
2020-12-15,139, ,4, ,8,14
2020-12-16, , ,4, ,8,14
2020-12-17,71, ,4, ,8,15
2020-12-18,53, ,4, ,8,16
2020-12-19,43, ,4, ,7,15
2020-12-20,40, ,4, ,7,14
2020-12-21,34,68,4, ,7,15
2020-12-22,61, ,4, ,7,18
2020-12-23,29, ,4, ,8,14
2020-12-24,58, ,4, ,7,17
2020-12-25,37,286,4, ,7,18
2020-12-26,45,45,4, ,7,15
2020-12-27,42,45,4, ,7,14
2020-12-28,21,47,4, ,7,15
2020-12-29,38,46,4, ,7,16
2020-12-30,39,45,4, ,7,18
2020-12-31,44,46,4, ,7,17
2021-01-01,41,45,4, ,7,16
2021-01-02,39,46,4, ,7,15
2021-01-03,37,46,4, ,7,16
2021-01-04,40,45,4, ,7,15
2021-01-05,42,46,4, ,7,16
2021-01-06,40,46,4, ,7,16
2021-01-07,46,44,4, ,7,18
2021-01-08,48,46,4, ,7,16
2021-01-09, ,46,4, ,7,17
2021-01-10, ,46,4, ,7,17
2021-01-11, ,46,4, ,7,18
2021-01-12, ,46,4, ,7,17
2021-01-13, ,46,4, ,7,16
2021-01-14, ,56,4, ,7,15
2021-01-15,26,46,4, ,7,16
2021-01-16,33,46,4, ,7,18
2021-01-17,40,45,4, ,7,15
2021-01-18,28,45,4, ,7,18
2021-01-19,39,45,4, ,7,19
2021-01-20,30,45,4, ,6,16
2021-01-21,41,46,4, ,7,17
2021-01-22,35,45,4, ,7,18
2021-01-23,34,45,4, ,7,17
2021-01-24,33,45,4, ,6,17
2021-01-25,36,46,4, ,6,17
2021-01-26,34,45,4, ,6,19
2021-01-27,32, , , , , 
2021-01-28, ,46,4, ,6,18
2021-01-29,37,45,4, ,6,20
2021-01-30,33,45,4, ,7,23
2021-01-31,34,45,4, ,6,19
2021-02-01,34,45,4, ,6,19
2021-02-02,32,45,4, ,6,20
2021-02-03,34,46,4, ,7,21
2021-02-04,37,45,4, ,6,17
2021-02-05,32,46,4, ,6,18
2021-02-06,36,45,4, ,6,17
2021-02-07,27,45,4, ,5,19
2021-02-08,28,45,4, ,6,19
2021-02-09,34,46,4, ,7,25
2021-02-10,41,46,4, ,7,24
2021-02-11,41,46,4, ,7,23
2021-02-12,39, , , , , 
2021-02-13,,,,,,
2021-02-14,,,,,,
2021-02-15,,,,,,
2021-02-16,,,,,,
2021-02-17,,,,,,
2021-02-18,,,,,,
2021-02-19,,,,,,
2021-02-20,,,,,,
2021-02-21,,,,,,
2021-02-22,,,,,,
2021-02-23,,,,,,
2021-02-24,,,,,,
2021-02-25, ,66,6,3,10,12
2021-02-26,81,50,6,2,9,14
2021-02-27,70,52,6,3,9,18
2021-02-28,170,52,8,3,10,19
2021-03-01,147,56,8,3,10,19
2021-03-02,87,67,11,5,12,18
2021-03-03,117,74,11,5,13,17
2021-03-04,135,79,10,5,13,25
2021-03-05,145,75,10,4,12,13
2021-03-06,110,78,7,3,10,19
2021-03-07,74,81,9,3,10,19
2021-03-08,86,88,11,4,10,15
2021-03-09,110, , , , , 
2021-03-10,,,,,,
2021-03-11,,,,,,
2021-03-12,,,,,,
2021-03-13,,,,,,
2021-03-14,,,,,,
2021-03-15,,,,,,
2021-03-16,,,,,,
2021-03-17,,,,,,
2021-03-18,,,,,,
2021-03-19,,,,,,
2021-03-20,,,,,,
2021-03-21,,,,,,
2021-03-22,,,,,,
2021-03-23, ,82,14,5,16,20
2021-03-24,132,89,16,5,16,25
2021-03-25,145,98,18,5,16,21
2021-03-26,179,91,20,5,16,23
2021-03-27,131,92,18,5,17,25
2021-03-28,132,92,21,5,17,20
2021-03-29,132,92,19,5,17,18
2021-03-30,132,95,21,5,17,18
2021-03-31,146,88,54,4,20,18
2021-04-01,122,78,31,4,17,13
2021-04-02,128,77,39,5,19,10
2021-04-03,123,76,46,6,23,9
2021-04-04,87,80,40,6,23,12
2021-04-05,111,82,45,6,23,15
2021-04-06,87,80,38,6,23,16
2021-04-07,115,80,21,5,20,14
2021-04-08,120,79,17,6,17,10
2021-04-09,158,84,17,6,20,10
2021-04-10,104,85,17,6,20,10
2021-04-11,107,85,15,6,20,10
2021-04-12,107, ,12,6,19, 
2021-04-13, , ,12,6,19, 
2021-04-14, ,89,14,4,16,9
2021-04-15,124,88,19,4,14,10
