date,pm25,pm10,o3,no2,co,dd,mm,yy
2015-07-09,24.0,24.0,37.0,12.0,20.0,9,7,2015
2015-07-10,21.0,25.0,37.0,12.0,24.0,10,7,2015
2015-07-11,23.0,29.0,10.0,13.0,30.0,11,7,2015
2015-07-12,37.0,34.0,28.0,14.0,30.0,12,7,2015
2015-07-13,37.0,40.0,26.0,13.0,28.0,13,7,2015
2015-07-14,38.0,47.0,21.0,13.0,28.0,14,7,2015
2015-07-15,39.0,46.0,22.0,14.0,25.0,15,7,2015
2015-07-16,34.0,71.0,22.0,14.0,22.0,16,7,2015
2015-07-17,31.0,34.0,27.0,13.0,9.0,17,7,2015
2015-07-18,31.0,26.0,27.0,13.0,9.0,18,7,2015
2015-07-19,31.0,22.0,28.0,10.0,12.0,19,7,2015
2015-07-20,26.0,22.0,22.0,17.0,15.0,20,7,2015
2015-07-21,24.0,20.0,22.0,18.0,12.0,21,7,2015
2015-07-22,20.0,21.0,27.0,16.0,13.0,22,7,2015
2015-07-23,21.0,22.0,17.0,19.0,14.0,23,7,2015
2015-07-24,21.0,21.0,29.0,18.0,11.0,24,7,2015
2015-07-25,20.0,21.0,31.0,13.0,10.0,25,7,2015
2015-07-26,24.0,21.0,26.0,13.0,11.0,26,7,2015
2015-07-27,23.0,19.0,30.0,18.0,10.0,27,7,2015
2015-07-28,22.0,21.0,24.0,16.0,10.0,28,7,2015
2015-07-29,25.0,19.0,29.0,19.0,9.0,29,7,2015
2015-07-30,23.0,19.0,17.0,16.0,12.0,30,7,2015
2015-07-31,21.0,19.0,17.0,15.0,11.0,31,7,2015
2015-08-01,20.0,23.0,31.0,11.0,8.0,1,8,2015
2015-08-02,23.0,21.0,31.0,11.0,13.0,2,8,2015
2015-08-03,26.0,21.0,19.0,16.0,35.0,3,8,2015
2015-08-04,23.0,22.0,19.0,14.0,36.0,4,8,2015
2015-08-05,21.0,23.0,31.0,14.0,20.0,5,8,2015
2015-08-06,23.0,18.0,31.0,15.0,20.0,6,8,2015
2015-08-07,14.0,21.0,31.0,17.0,20.0,7,8,2015
2015-08-08,18.0,34.0,31.0,24.0,20.0,8,8,2015
2015-08-09,23.0,34.0,31.0,24.0,20.0,9,8,2015
2015-08-10,23.0,34.0,31.0,24.0,20.0,10,8,2015
2015-08-11,23.0,34.0,31.0,24.0,20.0,11,8,2015
2015-08-12,23.0,34.0,31.0,24.0,20.0,12,8,2015
2015-08-13,23.0,59.0,38.0,26.0,21.0,13,8,2015
2015-08-14,44.0,63.0,38.0,26.0,21.0,14,8,2015
2015-08-15,43.0,64.0,31.0,27.0,20.0,15,8,2015
2015-08-16,23.0,34.0,31.0,24.0,20.0,16,8,2015
2015-08-17,23.0,56.0,48.0,23.0,10.0,17,8,2015
2015-08-18,47.0,57.0,51.0,23.0,11.0,18,8,2015
2015-08-19,49.0,34.0,31.0,24.0,20.0,19,8,2015
2015-08-20,23.0,34.0,31.0,24.0,20.0,20,8,2015
2015-08-21,23.0,34.0,31.0,24.0,20.0,21,8,2015
2015-08-22,23.0,34.0,31.0,24.0,20.0,22,8,2015
2015-08-23,23.0,31.0,34.0,38.0,19.0,23,8,2015
2015-08-24,18.0,32.0,27.0,33.0,18.0,24,8,2015
2015-08-25,23.0,34.0,50.0,26.0,21.0,25,8,2015
2015-08-26,26.0,37.0,30.0,24.0,17.0,26,8,2015
2015-08-27,31.0,34.0,19.0,23.0,20.0,27,8,2015
2015-08-28,25.0,34.0,10.0,26.0,20.0,28,8,2015
2015-08-29,23.0,34.0,10.0,26.0,20.0,29,8,2015
2015-08-30,23.0,36.0,48.0,27.0,25.0,30,8,2015
2015-08-31,36.0,37.0,47.0,31.0,26.0,31,8,2015
2015-09-01,39.0,38.5,22.0,21.0,10.0,1,9,2015
2015-09-02,32.0,38.5,22.0,21.0,10.0,2,9,2015
2015-09-03,32.0,47.0,42.0,20.0,23.0,3,9,2015
2015-09-04,55.0,52.0,33.0,31.0,6.0,4,9,2015
2015-09-05,68.0,54.0,28.0,35.0,4.0,5,9,2015
2015-09-06,74.0,38.5,22.0,21.0,10.0,6,9,2015
2015-09-07,32.0,41.0,32.0,21.0,10.0,7,9,2015
2015-09-08,50.0,41.0,32.0,21.0,10.0,8,9,2015
2015-09-09,50.0,38.5,22.0,21.0,10.0,9,9,2015
2015-09-10,32.0,29.0,22.0,18.0,10.0,10,9,2015
2015-09-11,38.0,30.0,23.0,18.0,10.0,11,9,2015
2015-09-12,38.0,38.5,22.0,21.0,10.0,12,9,2015
2015-09-13,32.0,41.0,37.0,10.0,4.0,13,9,2015
2015-09-14,34.0,40.0,14.0,11.0,4.0,14,9,2015
2015-09-15,32.0,37.0,16.0,21.0,10.0,15,9,2015
2015-09-16,30.0,37.0,14.0,22.0,10.0,16,9,2015
2015-09-17,31.0,38.5,29.0,9.0,10.0,17,9,2015
2015-09-18,25.0,35.0,27.0,18.0,10.0,18,9,2015
2015-09-19,22.0,35.0,19.0,22.0,10.0,19,9,2015
2015-09-20,21.0,38.0,14.0,19.0,9.0,20,9,2015
2015-09-21,25.0,40.0,20.0,20.0,8.0,21,9,2015
2015-09-22,25.0,39.0,13.0,21.0,10.0,22,9,2015
2015-09-23,19.0,36.0,9.0,24.0,7.0,23,9,2015
2015-09-24,24.0,38.0,18.0,25.0,21.0,24,9,2015
2015-09-25,35.0,38.5,22.0,21.0,10.0,25,9,2015
2015-09-26,32.0,38.5,22.0,21.0,10.0,26,9,2015
2015-09-27,32.0,33.0,13.0,21.0,19.0,27,9,2015
2015-09-28,28.0,33.0,13.0,19.0,19.0,28,9,2015
2015-09-29,28.0,39.0,23.0,25.0,19.0,29,9,2015
2015-09-30,54.0,41.0,22.0,35.0,19.0,30,9,2015
2015-10-01,60.0,30.0,36.0,19.0,18.0,1,10,2015
2015-10-02,28.0,28.0,13.0,28.0,19.0,2,10,2015
2015-10-03,16.0,29.0,13.0,36.0,20.0,3,10,2015
2015-10-04,14.0,20.0,19.0,20.0,21.0,4,10,2015
2015-10-05,21.0,24.0,8.0,28.0,19.0,5,10,2015
2015-10-06,33.0,41.0,38.0,46.0,13.0,6,10,2015
2015-10-07,54.0,47.0,40.0,53.0,11.0,7,10,2015
2015-10-08,55.0,46.0,41.0,43.0,10.0,8,10,2015
2015-10-09,32.0,41.0,41.0,27.0,10.0,9,10,2015
2015-10-10,24.0,34.0,36.0,22.0,10.0,10,10,2015
2015-10-11,18.0,33.0,29.0,24.0,10.0,11,10,2015
2015-10-12,14.0,36.0,10.0,31.0,11.0,12,10,2015
2015-10-13,16.0,38.0,10.0,32.0,12.0,13,10,2015
2015-10-14,19.0,43.0,33.0,41.0,12.0,14,10,2015
2015-10-15,28.0,44.0,35.0,45.0,11.0,15,10,2015
2015-10-16,70.0,37.0,35.0,43.0,11.0,16,10,2015
2015-10-17,87.0,42.0,9.0,45.0,12.0,17,10,2015
2015-10-18,90.0,39.0,32.0,36.0,11.0,18,10,2015
2015-10-19,57.0,46.0,41.0,46.0,12.0,19,10,2015
2015-10-20,61.0,51.0,22.0,44.0,12.0,20,10,2015
2015-10-21,70.0,54.0,19.0,43.0,13.0,21,10,2015
2015-10-22,73.0,49.0,41.0,31.0,11.0,22,10,2015
2015-10-23,66.0,52.0,38.0,37.0,11.0,23,10,2015
2015-10-24,73.0,45.0,15.0,38.0,18.0,24,10,2015
2015-10-25,66.0,43.0,41.0,35.0,16.0,25,10,2015
2015-10-26,56.0,42.0,41.0,36.0,15.0,26,10,2015
2015-10-27,54.0,39.0,10.0,41.0,16.0,27,10,2015
2015-10-28,59.0,51.0,41.0,40.0,7.0,28,10,2015
2015-10-29,57.0,51.0,44.0,40.0,9.0,29,10,2015
2015-10-30,52.0,48.0,43.0,40.0,10.0,30,10,2015
2015-10-31,48.0,53.0,41.0,48.0,7.0,31,10,2015
2015-11-01,51.0,58.0,19.0,47.0,8.0,1,11,2015
2015-11-02,53.0,56.0,34.0,58.0,6.0,2,11,2015
2015-11-03,48.0,52.0,46.0,51.0,5.0,3,11,2015
2015-11-04,46.0,50.0,46.0,48.0,5.0,4,11,2015
2015-11-05,44.0,53.0,42.0,46.0,6.0,5,11,2015
2015-11-06,57.0,53.0,49.0,57.0,11.0,6,11,2015
2015-11-07,57.0,54.0,48.0,48.0,35.0,7,11,2015
2015-11-08,53.0,60.0,41.0,46.0,40.0,8,11,2015
2015-11-09,52.0,53.0,40.0,39.0,14.0,9,11,2015
2015-11-10,48.0,57.0,47.0,45.0,19.0,10,11,2015
2015-11-11,54.0,58.0,47.0,45.0,6.0,11,11,2015
2015-11-12,60.0,88.0,46.0,38.0,22.0,12,11,2015
2015-11-13,153.0,88.0,46.0,38.0,22.0,13,11,2015
2015-11-14,153.0,74.5,41.0,46.0,22.0,14,11,2015
2015-11-15,58.5,74.5,44.0,57.0,44.0,15,11,2015
2015-11-16,58.5,97.0,40.0,14.0,41.0,16,11,2015
2015-11-17,78.0,108.0,44.0,9.0,32.0,17,11,2015
2015-11-18,83.0,130.0,41.0,46.0,33.0,18,11,2015
2015-11-19,93.0,116.0,33.0,46.0,31.0,19,11,2015
2015-11-20,87.0,99.0,26.0,46.0,24.0,20,11,2015
2015-11-21,72.0,89.0,29.0,46.0,27.0,21,11,2015
2015-11-22,63.0,75.0,27.0,46.0,29.0,22,11,2015
2015-11-23,51.0,42.0,24.0,46.0,29.0,23,11,2015
2015-11-24,41.0,62.0,33.0,46.0,16.0,24,11,2015
2015-11-25,57.0,74.0,41.0,46.0,22.0,25,11,2015
2015-11-26,81.0,81.0,39.0,46.0,18.0,26,11,2015
2015-11-27,108.0,80.0,50.0,46.0,21.0,27,11,2015
2015-11-28,112.0,81.0,16.0,46.0,18.0,28,11,2015
2015-11-29,118.0,82.0,40.0,46.0,35.0,29,11,2015
2015-11-30,119.0,78.0,32.0,46.0,38.0,30,11,2015
2015-12-01,99.0,75.0,33.0,7.0,42.0,1,12,2015
2015-12-02,93.0,75.0,29.0,7.0,17.0,2,12,2015
2015-12-03,84.0,71.0,44.0,7.0,7.0,3,12,2015
2015-12-04,78.0,73.0,43.0,8.0,1.0,4,12,2015
2015-12-05,85.0,113.0,37.5,9.0,88.0,5,12,2015
2015-12-06,68.0,119.0,37.0,7.0,52.0,6,12,2015
2015-12-07,189.0,123.0,37.0,7.0,41.0,7,12,2015
2015-12-08,97.0,128.0,37.0,7.0,39.0,8,12,2015
2015-12-09,78.0,99.0,42.0,7.0,33.0,9,12,2015
2015-12-10,74.0,93.0,36.0,7.0,33.0,10,12,2015
2015-12-11,61.0,107.0,34.0,7.0,25.0,11,12,2015
2015-12-12,57.0,113.0,37.5,7.0,33.0,12,12,2015
2015-12-13,68.0,115.0,12.0,7.0,50.0,13,12,2015
2015-12-14,58.0,101.0,30.0,7.0,43.0,14,12,2015
2015-12-15,53.0,111.0,38.0,7.0,32.0,15,12,2015
2015-12-16,57.0,139.0,40.0,7.0,44.0,16,12,2015
2015-12-17,67.0,149.0,26.0,7.0,37.0,17,12,2015
2015-12-18,62.0,138.0,47.0,7.0,28.0,18,12,2015
2015-12-19,54.0,115.0,40.0,7.0,29.0,19,12,2015
2015-12-20,60.0,128.0,50.0,7.0,18.0,20,12,2015
2015-12-21,68.0,90.0,28.0,7.0,29.0,21,12,2015
2015-12-22,52.0,92.0,48.0,7.0,29.0,22,12,2015
2015-12-23,53.0,105.0,46.0,7.0,29.0,23,12,2015
2015-12-24,58.0,109.0,50.0,7.0,33.0,24,12,2015
2015-12-25,64.0,124.0,53.0,7.0,33.0,25,12,2015
2015-12-26,77.0,130.0,53.0,7.0,33.0,26,12,2015
2015-12-27,83.0,135.0,31.0,7.0,73.0,27,12,2015
2015-12-28,86.0,137.0,8.0,7.0,88.0,28,12,2015
2015-12-29,87.0,113.0,37.5,7.0,33.0,29,12,2015
2015-12-30,68.0,113.0,37.5,7.0,33.0,30,12,2015
2015-12-31,68.0,113.0,37.5,7.0,33.0,31,12,2015
2016-01-01,73.0,115.5,50.5,47.0,59.0,1,1,2016
2016-01-02,73.0,115.5,50.5,47.0,59.0,2,1,2016
2016-01-03,73.0,116.0,43.0,19.0,38.0,3,1,2016
2016-01-04,73.0,117.0,10.0,43.0,88.0,4,1,2016
2016-01-05,72.0,126.0,34.0,54.0,54.0,5,1,2016
2016-01-06,77.0,128.0,31.0,55.0,59.0,6,1,2016
2016-01-07,80.0,127.0,26.0,55.0,59.0,7,1,2016
2016-01-08,81.0,123.0,46.0,54.0,29.0,8,1,2016
2016-01-09,76.0,122.0,46.0,43.0,29.0,9,1,2016
2016-01-10,75.0,119.0,48.0,36.0,59.0,10,1,2016
2016-01-11,80.0,118.0,48.0,53.0,59.0,11,1,2016
2016-01-12,81.0,118.0,53.0,54.0,59.0,12,1,2016
2016-01-13,78.0,118.0,53.0,47.0,59.0,13,1,2016
2016-01-14,79.0,99.0,48.0,17.0,59.0,14,1,2016
2016-01-15,63.0,95.0,35.0,7.0,59.0,15,1,2016
2016-01-16,65.0,82.0,27.0,47.0,59.0,16,1,2016
2016-01-17,60.0,79.0,34.0,47.0,59.0,17,1,2016
2016-01-18,55.0,88.0,55.0,47.0,59.0,18,1,2016
2016-01-19,60.0,99.0,77.0,47.0,59.0,19,1,2016
2016-01-20,55.0,105.0,72.0,47.0,59.0,20,1,2016
2016-01-21,67.0,104.0,74.0,47.0,59.0,21,1,2016
2016-01-22,68.0,115.0,77.0,47.0,59.0,22,1,2016
2016-01-23,73.0,125.0,31.0,47.0,59.0,23,1,2016
2016-01-24,82.0,118.0,72.0,47.0,59.0,24,1,2016
2016-01-25,78.0,104.0,72.0,47.0,59.0,25,1,2016
2016-01-26,67.0,96.0,89.0,47.0,59.0,26,1,2016
2016-01-27,59.0,102.0,86.0,47.0,59.0,27,1,2016
2016-01-28,62.0,107.0,60.0,47.0,59.0,28,1,2016
2016-01-29,68.0,115.5,50.5,47.0,59.0,29,1,2016
2016-01-30,73.0,127.0,82.0,47.0,59.0,30,1,2016
2016-01-31,86.0,110.0,75.0,47.0,59.0,31,1,2016
2016-02-01,73.0,101.0,70.0,6.5,80.0,1,2,2016
2016-02-02,65.0,102.0,58.0,6.5,80.0,2,2,2016
2016-02-03,63.0,106.0,79.0,6.5,80.0,3,2,2016
2016-02-04,67.0,120.0,96.0,6.5,80.0,4,2,2016
2016-02-05,82.0,109.0,59.0,6.5,80.0,5,2,2016
2016-02-06,68.0,96.0,36.0,6.5,80.0,6,2,2016
2016-02-07,60.0,90.0,75.0,6.5,80.0,7,2,2016
2016-02-08,59.0,107.0,122.0,6.5,80.0,8,2,2016
2016-02-09,68.0,111.0,87.0,6.5,80.0,9,2,2016
2016-02-10,71.0,90.0,65.0,6.5,80.0,10,2,2016
2016-02-11,57.0,72.0,78.0,6.5,80.0,11,2,2016
2016-02-12,49.0,70.0,80.0,6.5,80.0,12,2,2016
2016-02-13,49.0,80.0,80.0,9.0,80.0,13,2,2016
2016-02-14,51.0,104.0,100.0,9.0,80.0,14,2,2016
2016-02-15,61.0,104.0,100.0,21.0,80.0,15,2,2016
2016-02-16,63.0,98.0,98.0,16.0,104.0,16,2,2016
2016-02-17,77.0,103.0,98.0,7.0,80.0,17,2,2016
2016-02-18,76.0,86.0,92.0,7.0,59.0,18,2,2016
2016-02-19,63.0,74.0,92.0,6.0,80.0,19,2,2016
2016-02-20,62.0,73.0,96.0,6.0,80.0,20,2,2016
2016-02-21,61.0,70.0,96.0,5.0,80.0,21,2,2016
2016-02-22,56.0,90.0,113.0,7.0,80.0,22,2,2016
2016-02-23,69.0,100.0,152.0,6.0,80.0,23,2,2016
2016-02-24,73.0,74.0,152.0,5.0,80.0,24,2,2016
2016-02-25,58.0,81.0,119.0,6.0,80.0,25,2,2016
2016-02-26,65.0,96.0,75.0,7.0,80.0,26,2,2016
2016-02-27,74.0,98.0,74.0,5.0,80.0,27,2,2016
2016-02-28,77.0,102.0,94.0,5.0,80.0,28,2,2016
2016-02-29,76.0,91.0,94.0,6.5,80.0,29,2,2016
2016-03-01,66.0,77.0,80.0,7.0,60.5,1,3,2016
2016-03-02,57.0,69.0,80.0,8.0,60.5,2,3,2016
2016-03-03,55.0,48.0,78.0,12.0,60.5,3,3,2016
2016-03-04,29.0,58.0,80.0,15.0,60.5,4,3,2016
2016-03-05,36.0,72.0,80.0,13.0,60.5,5,3,2016
2016-03-06,45.0,67.0,84.0,13.0,60.5,6,3,2016
2016-03-07,36.0,82.0,119.0,15.0,60.5,7,3,2016
2016-03-08,46.0,90.0,119.0,14.0,60.5,8,3,2016
2016-03-09,53.0,84.0,92.0,14.0,60.5,9,3,2016
2016-03-10,47.0,96.0,113.0,15.0,60.5,10,3,2016
2016-03-11,64.0,90.0,131.0,11.0,89.0,11,3,2016
2016-03-12,55.0,72.0,149.0,9.0,59.0,12,3,2016
2016-03-13,41.0,54.0,149.0,19.0,74.0,13,3,2016
2016-03-14,33.0,51.0,128.0,19.0,59.0,14,3,2016
2016-03-15,34.0,69.0,143.0,19.0,60.5,15,3,2016
2016-03-16,41.0,68.0,134.0,19.0,60.5,16,3,2016
2016-03-17,42.0,74.0,94.0,19.0,60.5,17,3,2016
2016-03-18,48.0,81.0,94.0,60.0,60.5,18,3,2016
2016-03-19,49.0,90.0,76.0,39.0,60.5,19,3,2016
2016-03-20,51.0,91.0,119.0,28.0,60.5,20,3,2016
2016-03-21,52.0,98.0,120.0,32.0,60.5,21,3,2016
2016-03-22,57.0,108.0,119.0,37.0,60.5,22,3,2016
2016-03-23,67.0,122.0,110.0,42.0,62.0,23,3,2016
2016-03-24,76.0,109.0,177.0,33.0,59.0,24,3,2016
2016-03-25,65.0,79.0,182.0,23.0,60.5,25,3,2016
2016-03-26,49.0,78.0,182.0,19.0,60.5,26,3,2016
2016-03-27,48.0,92.0,155.0,19.0,60.5,27,3,2016
2016-03-28,53.0,99.0,155.0,21.0,60.5,28,3,2016
2016-03-29,57.0,87.0,200.0,25.0,78.0,29,3,2016
2016-03-30,52.0,83.0,164.0,27.0,59.0,30,3,2016
2016-03-31,50.0,68.0,155.0,23.0,60.5,31,3,2016
2016-04-01,42.0,65.0,158.0,24.0,60.5,1,4,2016
2016-04-02,41.0,72.0,152.0,22.0,60.5,2,4,2016
2016-04-03,42.0,72.0,133.0,19.0,60.5,3,4,2016
2016-04-04,48.0,78.0,137.0,19.0,60.5,4,4,2016
2016-04-05,47.0,70.0,114.0,21.0,60.5,5,4,2016
2016-04-06,46.0,75.0,131.0,19.0,60.5,6,4,2016
2016-04-07,46.0,71.0,149.0,17.0,60.5,7,4,2016
2016-04-08,43.0,69.0,99.0,15.0,60.5,8,4,2016
2016-04-09,40.0,75.0,118.0,20.0,60.5,9,4,2016
2016-04-10,43.0,76.0,121.0,18.0,60.5,10,4,2016
2016-04-11,40.0,68.0,132.0,20.0,60.5,11,4,2016
2016-04-12,40.0,68.0,158.0,20.0,60.5,12,4,2016
2016-04-13,40.0,70.0,122.0,23.0,60.5,13,4,2016
2016-04-14,38.0,74.0,154.0,22.0,60.5,14,4,2016
2016-04-15,40.0,69.0,188.0,20.0,60.5,15,4,2016
2016-04-16,38.0,61.0,115.0,21.0,60.5,16,4,2016
2016-04-17,37.0,53.0,119.0,21.0,60.5,17,4,2016
2016-04-18,36.0,63.0,117.0,19.0,60.5,18,4,2016
2016-04-19,40.0,82.0,122.0,24.0,60.5,19,4,2016
2016-04-20,49.0,86.0,153.0,24.0,60.5,20,4,2016
2016-04-21,51.0,75.0,191.0,19.0,60.5,21,4,2016
2016-04-22,41.0,64.0,200.0,16.0,60.5,22,4,2016
2016-04-23,31.0,50.0,176.0,15.0,60.5,23,4,2016
2016-04-24,27.0,55.0,116.0,15.0,60.5,24,4,2016
2016-04-25,30.0,54.0,136.0,17.0,60.5,25,4,2016
2016-04-26,28.0,58.0,146.0,19.0,60.5,26,4,2016
2016-04-27,28.0,69.0,128.0,21.0,60.5,27,4,2016
2016-04-28,33.0,75.0,125.0,21.0,60.5,28,4,2016
2016-04-29,40.0,66.0,134.0,20.0,60.5,29,4,2016
2016-04-30,38.0,61.0,155.0,20.0,60.5,30,4,2016
2016-05-01,36.0,54.0,185.0,16.0,60.5,1,5,2016
2016-05-02,31.0,56.0,143.0,17.0,60.5,2,5,2016
2016-05-03,34.0,60.0,152.0,19.0,60.5,3,5,2016
2016-05-04,34.0,59.0,105.0,14.0,60.5,4,5,2016
2016-05-05,34.0,48.0,112.0,15.0,60.5,5,5,2016
2016-05-06,33.0,43.0,127.0,16.0,60.5,6,5,2016
2016-05-07,30.0,57.0,146.0,15.0,60.5,7,5,2016
2016-05-08,34.0,55.0,122.0,15.0,60.5,8,5,2016
2016-05-09,36.0,52.0,107.0,22.0,60.5,9,5,2016
2016-05-10,33.0,58.0,133.0,27.0,60.5,10,5,2016
2016-05-11,31.0,49.0,140.0,25.0,60.5,11,5,2016
2016-05-12,26.0,42.0,143.0,22.0,60.5,12,5,2016
2016-05-13,24.0,45.0,112.0,22.0,60.5,13,5,2016
2016-05-14,27.0,54.0,112.0,21.0,60.5,14,5,2016
2016-05-15,32.0,53.0,93.0,16.0,60.5,15,5,2016
2016-05-16,37.0,55.0,113.0,15.0,60.5,16,5,2016
2016-05-17,37.0,58.0,113.0,15.0,60.5,17,5,2016
2016-05-18,41.0,58.0,97.0,13.0,60.5,18,5,2016
2016-05-19,39.0,58.0,100.0,7.0,60.5,19,5,2016
2016-05-20,30.0,64.0,111.0,7.0,60.5,20,5,2016
2016-05-21,25.0,45.0,113.0,7.0,60.5,21,5,2016
2016-05-22,22.0,39.0,107.0,15.0,60.5,22,5,2016
2016-05-23,23.0,26.0,85.0,15.0,60.5,23,5,2016
2016-05-24,32.0,39.0,90.0,8.0,60.5,24,5,2016
2016-05-25,29.0,45.0,92.0,7.0,60.5,25,5,2016
2016-05-26,30.0,48.0,82.0,7.0,60.5,26,5,2016
2016-05-27,36.0,58.0,84.0,7.0,60.5,27,5,2016
2016-05-28,39.0,57.0,84.0,9.0,60.5,28,5,2016
2016-05-29,32.0,54.0,92.0,7.0,60.5,29,5,2016
2016-05-30,30.0,52.0,113.0,8.0,60.5,30,5,2016
2016-05-31,31.0,55.0,128.0,10.0,60.5,31,5,2016
2016-06-01,32.0,62.0,90.0,12.0,81.5,1,6,2016
2016-06-02,40.0,63.0,100.0,15.0,81.5,2,6,2016
2016-06-03,45.0,66.0,87.0,9.0,81.5,3,6,2016
2016-06-04,51.0,57.0,48.0,9.0,81.5,4,6,2016
2016-06-05,50.0,60.0,50.0,15.0,81.5,5,6,2016
2016-06-06,49.0,71.0,86.0,16.0,81.5,6,6,2016
2016-06-07,46.0,71.0,81.0,15.0,81.5,7,6,2016
2016-06-08,48.0,55.0,91.0,10.0,81.5,8,6,2016
2016-06-09,39.0,58.0,96.0,10.0,81.5,9,6,2016
2016-06-10,37.0,60.0,90.0,10.0,104.0,10,6,2016
2016-06-11,41.0,58.0,94.0,9.0,104.0,11,6,2016
2016-06-12,43.0,51.0,88.0,7.0,81.5,12,6,2016
2016-06-13,33.0,51.0,100.0,10.0,59.0,13,6,2016
2016-06-14,35.0,57.0,102.0,13.0,59.0,14,6,2016
2016-06-15,38.0,69.0,110.0,14.0,81.5,15,6,2016
2016-06-16,43.0,75.0,113.0,15.0,81.5,16,6,2016
2016-06-17,47.0,77.0,113.0,15.0,81.5,17,6,2016
2016-06-18,38.0,60.0,84.0,19.0,81.5,18,6,2016
2016-06-19,52.0,57.0,53.0,17.0,81.5,19,6,2016
2016-06-20,44.0,50.0,72.0,16.0,81.5,20,6,2016
2016-06-21,33.0,41.0,77.0,14.0,81.5,21,6,2016
2016-06-22,28.0,36.0,80.0,15.0,81.5,22,6,2016
2016-06-23,28.0,52.0,70.0,17.0,81.5,23,6,2016
2016-06-24,27.0,52.0,67.0,19.0,81.5,24,6,2016
2016-06-25,28.0,34.0,68.0,15.0,81.5,25,6,2016
2016-06-26,27.0,33.0,78.0,15.0,81.5,26,6,2016
2016-06-27,27.0,35.0,84.0,17.0,81.5,27,6,2016
2016-06-28,25.0,37.0,82.0,17.0,81.5,28,6,2016
2016-06-29,28.0,35.0,82.0,15.0,81.5,29,6,2016
2016-06-30,29.0,37.0,68.0,16.0,81.5,30,6,2016
2016-07-01,29.0,37.0,64.0,16.0,81.5,1,7,2016
2016-07-02,28.0,45.0,62.0,16.0,81.5,2,7,2016
2016-07-03,76.0,60.0,43.0,16.0,81.5,3,7,2016
2016-07-04,152.0,55.0,46.0,14.0,81.5,4,7,2016
2016-07-05,55.0,60.0,58.0,14.0,81.5,5,7,2016
2016-07-06,58.0,62.0,58.0,16.0,81.5,6,7,2016
2016-07-07,60.0,56.0,72.0,16.0,81.5,7,7,2016
2016-07-08,55.0,54.0,72.0,16.0,81.5,8,7,2016
2016-07-09,53.0,42.0,48.5,16.0,81.5,9,7,2016
2016-07-10,42.5,42.0,48.5,16.0,81.5,10,7,2016
2016-07-11,42.5,55.0,77.0,14.0,81.5,11,7,2016
2016-07-12,54.0,56.0,64.0,16.0,81.5,12,7,2016
2016-07-13,54.0,57.0,32.0,19.0,81.5,13,7,2016
2016-07-14,55.0,42.0,48.5,16.0,81.5,14,7,2016
2016-07-15,42.5,42.0,48.5,16.0,81.5,15,7,2016
2016-07-16,42.5,42.0,48.5,16.0,81.5,16,7,2016
2016-07-17,42.5,42.0,31.0,35.0,81.5,17,7,2016
2016-07-18,42.5,42.0,42.0,22.0,104.0,18,7,2016
2016-07-19,42.5,27.0,44.0,16.0,104.0,19,7,2016
2016-07-20,26.0,29.0,49.0,16.0,81.5,20,7,2016
2016-07-21,27.0,30.0,50.0,19.0,81.5,21,7,2016
2016-07-22,29.0,36.0,38.0,18.0,81.5,22,7,2016
2016-07-23,35.0,51.0,47.0,17.0,81.5,23,7,2016
2016-07-24,47.0,42.0,52.0,14.0,81.5,24,7,2016
2016-07-25,40.0,38.0,54.0,15.0,81.5,25,7,2016
2016-07-26,37.0,38.0,46.0,17.0,81.5,26,7,2016
2016-07-27,36.0,37.0,44.0,18.0,81.5,27,7,2016
2016-07-28,40.0,42.0,41.0,19.0,59.0,28,7,2016
2016-07-29,45.0,17.0,48.0,19.0,59.0,29,7,2016
2016-07-30,20.0,18.0,40.0,16.0,81.5,30,7,2016
2016-07-31,20.0,14.0,67.0,16.0,81.5,31,7,2016
2016-08-01,17.0,15.0,72.0,16.0,77.0,1,8,2016
2016-08-02,18.0,14.0,56.0,19.0,77.0,2,8,2016
2016-08-03,17.0,15.0,46.0,17.0,77.0,3,8,2016
2016-08-04,17.0,15.0,44.0,17.0,104.0,4,8,2016
2016-08-05,18.0,13.0,56.0,17.0,104.0,5,8,2016
2016-08-06,17.0,14.0,48.0,16.0,77.0,6,8,2016
2016-08-07,21.0,17.0,48.0,20.0,77.0,7,8,2016
2016-08-08,21.0,24.0,54.0,21.0,77.0,8,8,2016
2016-08-09,26.0,26.0,56.0,19.0,77.0,9,8,2016
2016-08-10,27.0,20.0,48.0,19.0,59.0,10,8,2016
2016-08-11,23.0,19.0,67.0,16.0,72.0,11,8,2016
2016-08-12,21.0,24.0,79.0,15.0,83.0,12,8,2016
2016-08-13,25.0,27.0,84.0,14.0,59.0,13,8,2016
2016-08-14,28.0,28.0,78.0,12.0,77.0,14,8,2016
2016-08-15,29.0,22.0,95.0,12.0,77.0,15,8,2016
2016-08-16,24.0,21.0,96.0,14.0,77.0,16,8,2016
2016-08-17,23.0,18.0,80.0,15.0,104.0,17,8,2016
2016-08-18,21.0,21.0,78.0,14.0,77.0,18,8,2016
2016-08-19,25.0,29.0,75.0,14.0,59.0,19,8,2016
2016-08-20,33.0,31.0,76.0,16.0,77.0,20,8,2016
2016-08-21,36.0,29.0,42.0,14.0,77.0,21,8,2016
2016-08-22,33.0,24.0,42.0,17.0,77.0,22,8,2016
2016-08-23,27.0,21.0,42.0,19.0,77.0,23,8,2016
2016-08-24,21.0,28.0,41.0,16.0,77.0,24,8,2016
2016-08-25,21.0,33.0,43.0,16.0,77.0,25,8,2016
2016-08-26,23.0,23.0,44.0,16.0,77.0,26,8,2016
2016-08-27,15.0,17.0,45.0,14.0,77.0,27,8,2016
2016-08-28,12.0,19.0,46.0,14.0,77.0,28,8,2016
2016-08-29,15.0,23.0,36.0,16.0,77.0,29,8,2016
2016-08-30,16.0,26.0,41.0,16.0,77.0,30,8,2016
2016-08-31,17.0,28.0,44.0,16.0,77.0,31,8,2016
2016-09-01,17.0,26.0,49.0,23.0,60.5,1,9,2016
2016-09-02,17.0,25.0,50.0,23.0,60.5,2,9,2016
2016-09-03,17.0,35.0,64.0,23.0,60.5,3,9,2016
2016-09-04,20.0,39.0,64.0,12.0,60.5,4,9,2016
2016-09-05,22.0,38.0,64.0,12.0,60.5,5,9,2016
2016-09-06,24.0,40.0,64.0,15.0,60.5,6,9,2016
2016-09-07,27.0,36.0,64.0,18.0,60.5,7,9,2016
2016-09-08,27.0,34.0,65.0,21.0,60.5,8,9,2016
2016-09-09,20.0,36.0,74.0,20.0,60.5,9,9,2016
2016-09-10,22.0,35.0,76.0,17.0,60.5,10,9,2016
2016-09-11,20.0,35.0,73.0,16.0,60.5,11,9,2016
2016-09-12,18.0,36.0,74.0,38.0,60.5,12,9,2016
2016-09-13,21.0,33.0,64.0,60.0,60.5,13,9,2016
2016-09-14,19.0,31.0,50.0,45.0,60.5,14,9,2016
2016-09-15,16.0,22.0,34.0,24.0,60.5,15,9,2016
2016-09-16,9.0,24.0,29.0,26.0,60.5,16,9,2016
2016-09-17,14.0,17.0,54.0,26.0,60.5,17,9,2016
2016-09-18,13.0,14.0,60.0,21.0,60.5,18,9,2016
2016-09-19,12.0,21.0,60.0,22.0,60.5,19,9,2016
2016-09-20,15.0,18.0,49.0,24.0,60.5,20,9,2016
2016-09-21,14.0,20.0,50.0,26.0,60.5,21,9,2016
2016-09-22,16.0,35.0,50.0,23.0,60.5,22,9,2016
2016-09-23,20.0,43.0,59.0,23.0,60.5,23,9,2016
2016-09-24,20.0,46.0,73.0,22.0,60.5,24,9,2016
2016-09-25,21.0,52.0,66.0,22.0,60.5,25,9,2016
2016-09-26,28.0,44.0,55.0,24.0,60.5,26,9,2016
2016-09-27,29.0,39.0,65.0,24.0,60.5,27,9,2016
2016-09-28,27.0,44.0,70.0,23.0,60.5,28,9,2016
2016-09-29,26.0,37.0,73.0,23.0,60.5,29,9,2016
2016-09-30,27.0,35.0,58.0,27.0,60.5,30,9,2016
2016-10-01,24.0,27.0,54.0,27.0,36.0,1,10,2016
2016-10-02,20.0,19.0,34.0,28.0,36.0,2,10,2016
2016-10-03,16.0,19.0,45.0,29.0,36.0,3,10,2016
2016-10-04,13.0,24.0,52.0,26.0,36.0,4,10,2016
2016-10-05,14.0,26.0,53.0,27.0,36.0,5,10,2016
2016-10-06,18.0,31.0,54.0,27.0,36.0,6,10,2016
2016-10-07,20.0,33.0,46.0,26.0,36.0,7,10,2016
2016-10-08,20.0,34.0,44.0,28.5,36.0,8,10,2016
2016-10-09,22.0,35.0,46.0,24.0,36.0,9,10,2016
2016-10-10,22.0,52.0,58.0,26.0,36.0,10,10,2016
2016-10-11,32.0,61.0,61.0,23.0,36.0,11,10,2016
2016-10-12,36.0,68.0,47.0,26.0,36.0,12,10,2016
2016-10-13,40.0,73.0,46.0,28.0,36.0,13,10,2016
2016-10-14,42.0,78.0,51.0,30.0,36.0,14,10,2016
2016-10-15,41.0,84.0,54.0,33.0,36.0,15,10,2016
2016-10-16,40.0,74.0,10.0,28.0,36.0,16,10,2016
2016-10-17,39.0,90.0,67.0,32.0,37.0,17,10,2016
2016-10-18,47.0,99.0,71.0,35.0,43.0,18,10,2016
2016-10-19,52.0,88.0,53.0,34.0,43.0,19,10,2016
2016-10-20,49.0,83.0,60.0,33.0,39.0,20,10,2016
2016-10-21,46.0,93.0,69.0,36.0,36.0,21,10,2016
2016-10-22,54.0,97.0,71.0,33.0,29.0,22,10,2016
2016-10-23,58.0,98.0,30.0,25.0,35.0,23,10,2016
2016-10-24,57.0,87.0,30.0,28.0,38.0,24,10,2016
2016-10-25,53.0,85.0,56.0,30.0,39.0,25,10,2016
2016-10-26,50.0,88.0,86.0,33.0,33.0,26,10,2016
2016-10-27,52.0,93.0,90.0,35.0,30.0,27,10,2016
2016-10-28,53.0,112.0,93.0,39.0,38.0,28,10,2016
2016-10-29,64.0,115.0,96.0,38.0,28.0,29,10,2016
2016-10-30,69.0,115.0,87.0,38.0,26.0,30,10,2016
2016-10-31,72.0,98.0,18.0,26.0,24.0,31,10,2016
2016-11-01,55.0,92.0,27.0,28.0,30.0,1,11,2016
2016-11-02,53.0,101.0,32.0,33.0,26.0,2,11,2016
2016-11-03,59.0,99.0,31.0,38.0,30.0,3,11,2016
2016-11-04,54.0,96.0,32.0,40.0,23.0,4,11,2016
2016-11-05,53.0,99.0,33.0,42.0,25.0,5,11,2016
2016-11-06,53.0,104.0,83.0,45.0,33.0,6,11,2016
2016-11-07,60.0,117.0,110.0,46.0,36.0,7,11,2016
2016-11-08,70.0,120.0,113.0,48.0,39.0,8,11,2016
2016-11-09,70.0,111.0,95.0,49.0,49.0,9,11,2016
2016-11-10,67.0,115.0,113.0,49.0,42.0,10,11,2016
2016-11-11,75.0,130.0,98.0,50.0,47.0,11,11,2016
2016-11-12,84.0,132.0,98.0,52.0,49.0,12,11,2016
2016-11-13,81.0,129.0,137.0,44.0,29.0,13,11,2016
2016-11-14,76.0,126.0,137.0,38.0,19.0,14,11,2016
2016-11-15,99.0,136.0,128.0,49.0,30.0,15,11,2016
2016-11-16,97.0,134.0,114.0,47.0,28.0,16,11,2016
2016-11-17,86.0,126.0,114.0,45.0,33.0,17,11,2016
2016-11-18,77.0,132.0,92.0,53.0,31.0,18,11,2016
2016-11-19,79.0,141.0,115.0,55.0,27.0,19,11,2016
2016-11-20,88.0,143.0,118.0,55.0,23.0,20,11,2016
2016-11-21,95.0,139.0,110.0,55.0,23.0,21,11,2016
2016-11-22,92.0,136.0,114.0,55.0,30.0,22,11,2016
2016-11-23,88.0,151.0,120.0,58.0,36.0,23,11,2016
2016-11-24,93.0,164.0,124.0,60.0,24.0,24,11,2016
2016-11-25,106.0,174.0,106.0,66.0,31.0,25,11,2016
2016-11-26,130.0,181.0,77.0,72.0,46.0,26,11,2016
2016-11-27,140.0,189.0,92.0,68.0,56.0,27,11,2016
2016-11-28,162.0,157.0,100.0,58.0,19.0,28,11,2016
2016-11-29,117.0,133.0,102.0,57.0,20.0,29,11,2016
2016-11-30,86.0,142.0,100.0,60.0,33.0,30,11,2016
2016-12-01,100.0,148.0,84.0,61.0,36.0,1,12,2016
2016-12-02,105.0,139.0,79.0,58.0,30.0,2,12,2016
2016-12-03,92.0,118.0,80.0,49.0,31.0,3,12,2016
2016-12-04,71.0,110.0,77.0,45.0,37.0,4,12,2016
2016-12-05,65.0,119.0,89.0,47.0,38.0,5,12,2016
2016-12-06,75.0,125.0,102.0,51.0,33.0,6,12,2016
2016-12-07,78.0,130.0,104.0,51.0,38.0,7,12,2016
2016-12-08,82.0,127.0,86.0,53.0,39.0,8,12,2016
2016-12-09,80.0,123.0,70.0,53.0,38.0,9,12,2016
2016-12-10,78.0,116.0,72.0,52.0,16.0,10,12,2016
2016-12-11,76.0,125.0,82.0,51.5,37.0,11,12,2016
2016-12-12,80.0,125.0,69.0,52.0,24.0,12,12,2016
2016-12-13,80.0,115.0,56.0,53.0,32.0,13,12,2016
2016-12-14,68.0,105.0,57.0,46.0,25.0,14,12,2016
2016-12-15,58.0,105.0,52.0,42.0,30.0,15,12,2016
2016-12-16,58.0,113.0,84.0,46.0,30.0,16,12,2016
2016-12-17,71.0,107.0,85.0,46.0,26.0,17,12,2016
2016-12-18,71.0,91.0,80.0,40.0,32.0,18,12,2016
2016-12-19,56.0,107.0,78.0,47.0,23.0,19,12,2016
2016-12-20,67.0,137.0,79.0,57.0,16.0,20,12,2016
2016-12-21,96.0,138.0,78.0,59.0,51.0,21,12,2016
2016-12-22,98.0,129.0,82.0,60.0,91.0,22,12,2016
2016-12-23,85.0,124.0,82.0,49.0,103.0,23,12,2016
2016-12-24,78.0,125.0,82.0,42.0,37.0,24,12,2016
2016-12-25,80.0,128.0,98.0,51.0,102.0,25,12,2016
2016-12-26,85.0,144.0,101.0,54.0,96.0,26,12,2016
2016-12-27,95.0,138.0,89.0,52.0,106.0,27,12,2016
2016-12-28,90.0,138.0,99.0,51.0,96.0,28,12,2016
2016-12-29,90.0,157.0,101.0,53.0,98.0,29,12,2016
2016-12-30,108.0,157.0,84.0,56.0,81.0,30,12,2016
2016-12-31,106.0,140.0,62.0,58.0,58.0,31,12,2016
2017-01-01,93.0,130.0,76.0,57.0,47.0,1,1,2017
2017-01-02,110.0,129.0,80.0,46.0,40.0,2,1,2017
2017-01-03,108.0,119.0,79.0,38.0,44.0,3,1,2017
2017-01-04,77.0,126.0,83.0,39.0,43.0,4,1,2017
2017-01-05,80.0,132.0,90.0,47.0,44.0,5,1,2017
2017-01-06,91.0,125.0,93.0,42.0,45.0,6,1,2017
2017-01-07,83.0,104.0,69.0,34.0,42.0,7,1,2017
2017-01-08,64.0,87.0,73.0,30.0,40.0,8,1,2017
2017-01-09,56.0,89.0,53.0,26.0,45.0,9,1,2017
2017-01-10,54.0,103.0,77.0,30.0,41.0,10,1,2017
2017-01-11,64.0,112.0,79.0,36.0,40.0,11,1,2017
2017-01-12,74.0,131.0,64.0,42.0,50.0,12,1,2017
2017-01-13,92.0,133.0,64.0,45.0,47.0,13,1,2017
2017-01-14,94.0,132.0,54.0,33.0,48.0,14,1,2017
2017-01-15,94.0,109.0,73.0,28.0,44.0,15,1,2017
2017-01-16,73.0,110.0,74.0,34.0,45.0,16,1,2017
2017-01-17,70.0,108.0,75.0,37.0,42.0,17,1,2017
2017-01-18,68.0,108.0,81.0,40.0,37.0,18,1,2017
2017-01-19,68.0,116.0,76.0,40.0,41.0,19,1,2017
2017-01-20,75.0,125.0,69.0,44.0,41.0,20,1,2017
2017-01-21,81.0,118.0,72.0,40.0,37.0,21,1,2017
2017-01-22,75.0,114.0,60.0,39.0,43.0,22,1,2017
2017-01-23,71.0,120.0,65.0,38.0,42.0,23,1,2017
2017-01-24,77.0,132.0,65.0,45.0,43.0,24,1,2017
2017-01-25,88.0,127.0,37.0,44.0,45.0,25,1,2017
2017-01-26,82.0,100.0,42.0,30.0,40.0,26,1,2017
2017-01-27,61.0,95.0,42.0,31.0,42.0,27,1,2017
2017-01-28,57.0,110.0,29.0,37.0,33.0,28,1,2017
2017-01-29,69.0,118.0,53.0,42.0,26.0,29,1,2017
2017-01-30,76.0,116.0,75.0,44.0,24.0,30,1,2017
2017-01-31,77.0,111.0,76.0,43.0,22.0,31,1,2017
2017-02-01,69.0,121.0,74.0,48.0,34.0,1,2,2017
2017-02-02,77.0,129.0,62.0,51.0,39.0,2,2,2017
2017-02-03,87.0,119.0,62.0,42.0,36.0,3,2,2017
2017-02-04,72.0,114.0,48.0,37.0,36.0,4,2,2017
2017-02-05,63.0,111.5,72.0,40.0,36.0,5,2,2017
2017-02-06,63.0,104.0,74.0,32.0,37.0,6,2,2017
2017-02-07,62.0,112.0,74.0,37.0,37.0,7,2,2017
2017-02-08,69.0,112.0,46.0,35.0,39.0,8,2,2017
2017-02-09,66.0,103.0,46.0,31.0,36.0,9,2,2017
2017-02-10,59.0,102.0,34.0,35.0,35.0,10,2,2017
2017-02-11,59.0,106.0,26.0,38.0,36.0,11,2,2017
2017-02-12,61.0,107.0,83.0,40.0,27.0,12,2,2017
2017-02-13,60.0,111.0,86.0,41.0,24.0,13,2,2017
2017-02-14,63.0,123.0,76.0,38.0,30.0,14,2,2017
2017-02-15,71.0,125.0,46.0,39.0,34.0,15,2,2017
2017-02-16,74.0,124.0,103.0,41.0,36.0,16,2,2017
2017-02-17,73.0,130.0,108.0,41.0,42.0,17,2,2017
2017-02-18,74.0,115.0,26.0,44.0,35.0,18,2,2017
2017-02-19,62.0,109.0,71.0,44.0,30.0,19,2,2017
2017-02-20,59.0,107.0,73.0,74.0,25.0,20,2,2017
2017-02-21,60.0,111.5,72.0,95.0,36.0,21,2,2017
2017-02-22,63.0,98.0,55.0,34.0,84.0,22,2,2017
2017-02-23,57.0,101.0,76.0,33.0,80.0,23,2,2017
2017-02-24,57.0,106.0,77.0,33.0,80.0,24,2,2017
2017-02-25,59.0,105.0,82.0,37.0,80.0,25,2,2017
2017-02-26,60.0,110.0,84.0,41.0,82.0,26,2,2017
2017-02-27,65.0,127.0,69.0,47.0,86.0,27,2,2017
2017-02-28,75.0,128.0,71.0,50.0,82.0,28,2,2017
2017-03-01,78.0,131.0,71.0,28.0,83.0,1,3,2017
2017-03-02,83.0,107.0,82.0,26.0,31.0,2,3,2017
2017-03-03,67.0,109.0,82.0,36.0,29.0,3,3,2017
2017-03-04,67.0,111.0,64.0,32.0,29.0,4,3,2017
2017-03-05,58.0,109.0,88.0,30.0,27.0,5,3,2017
2017-03-06,59.0,101.0,90.0,32.0,25.0,6,3,2017
2017-03-07,56.0,95.0,78.0,30.0,24.0,7,3,2017
2017-03-08,52.0,83.0,61.0,27.0,23.0,8,3,2017
2017-03-09,49.0,76.0,67.0,27.0,22.0,9,3,2017
2017-03-10,42.0,74.0,70.0,22.0,29.0,10,3,2017
2017-03-11,41.0,78.0,82.0,23.0,31.0,11,3,2017
2017-03-12,45.0,104.0,96.0,29.0,35.0,12,3,2017
2017-03-13,64.0,109.0,99.0,32.0,34.0,13,3,2017
2017-03-14,68.0,104.0,92.0,36.0,33.0,14,3,2017
2017-03-15,63.0,105.0,80.0,38.0,31.0,15,3,2017
2017-03-16,61.0,86.0,74.0,31.0,32.0,16,3,2017
2017-03-17,48.0,86.0,88.0,29.0,35.0,17,3,2017
2017-03-18,50.0,93.0,70.0,26.0,33.0,18,3,2017
2017-03-19,52.0,90.0,74.0,27.0,31.0,19,3,2017
2017-03-20,51.0,93.0,68.0,35.0,34.0,20,3,2017
2017-03-21,51.0,96.0,66.0,36.0,36.0,21,3,2017
2017-03-22,50.0,105.0,82.0,35.0,36.0,22,3,2017
2017-03-23,60.0,116.0,92.0,38.0,38.0,23,3,2017
2017-03-24,71.0,107.0,95.0,34.0,34.0,24,3,2017
2017-03-25,66.0,96.0,73.0,21.0,31.0,25,3,2017
2017-03-26,60.0,98.5,79.0,13.0,31.0,26,3,2017
2017-03-27,59.0,98.5,79.0,30.0,31.0,27,3,2017
2017-03-28,59.0,98.5,79.0,30.0,31.0,28,3,2017
2017-03-29,59.0,98.5,79.0,30.0,31.0,29,3,2017
2017-03-30,59.0,96.0,73.0,13.0,31.0,30,3,2017
2017-03-31,60.0,98.5,79.0,30.0,31.0,31,3,2017
2017-04-01,43.0,81.0,48.5,18.5,44.0,1,4,2017
2017-04-02,43.0,81.0,48.5,18.5,44.0,2,4,2017
2017-04-03,43.0,81.0,48.5,18.5,44.0,3,4,2017
2017-04-04,43.0,81.0,48.5,18.5,44.0,4,4,2017
2017-04-05,43.0,81.0,48.5,18.5,44.0,5,4,2017
2017-04-06,43.0,81.0,48.5,18.5,44.0,6,4,2017
2017-04-07,43.0,81.0,48.5,18.5,44.0,7,4,2017
2017-04-08,43.0,81.0,48.5,18.5,44.0,8,4,2017
2017-04-09,43.0,81.0,48.5,18.5,44.0,9,4,2017
2017-04-10,43.0,81.0,48.5,18.5,44.0,10,4,2017
2017-04-11,43.0,81.0,48.5,18.5,44.0,11,4,2017
2017-04-12,43.0,81.0,48.5,18.5,44.0,12,4,2017
2017-04-13,43.0,81.0,48.5,18.5,44.0,13,4,2017
2017-04-14,43.0,81.0,48.5,18.5,44.0,14,4,2017
2017-04-15,43.0,81.0,48.5,18.5,44.0,15,4,2017
2017-04-16,43.0,81.0,48.5,18.5,44.0,16,4,2017
2017-04-17,43.0,101.0,52.0,6.0,35.0,17,4,2017
2017-04-18,50.0,86.0,52.0,43.0,35.0,18,4,2017
2017-04-19,43.0,74.0,39.0,32.0,44.0,19,4,2017
2017-04-20,38.0,67.0,29.0,21.0,29.0,20,4,2017
2017-04-21,34.0,59.0,36.0,15.0,30.0,21,4,2017
2017-04-22,31.0,68.0,38.0,18.0,31.0,22,4,2017
2017-04-23,33.0,71.0,49.0,16.0,36.0,23,4,2017
2017-04-24,38.0,67.0,56.0,15.0,44.0,24,4,2017
2017-04-25,40.0,81.0,44.0,18.0,45.0,25,4,2017
2017-04-26,47.0,93.0,46.0,21.0,44.0,26,4,2017
2017-04-27,49.0,90.0,51.0,19.0,45.0,27,4,2017
2017-04-28,45.0,81.0,58.0,20.0,54.0,28,4,2017
2017-04-29,43.0,92.0,51.0,15.0,82.0,29,4,2017
2017-04-30,45.0,96.0,48.0,19.0,83.0,30,4,2017
2017-05-01,49.0,99.0,56.0,24.0,83.0,1,5,2017
2017-05-02,52.0,96.0,66.0,21.0,81.0,2,5,2017
2017-05-03,49.0,90.0,44.0,19.0,83.0,3,5,2017
2017-05-04,47.0,88.0,35.0,17.0,87.0,4,5,2017
2017-05-05,44.0,86.0,37.0,19.0,87.0,5,5,2017
2017-05-06,45.0,81.0,38.0,19.0,86.0,6,5,2017
2017-05-07,41.0,79.0,28.0,18.0,90.0,7,5,2017
2017-05-08,37.0,80.0,43.0,30.0,56.0,8,5,2017
2017-05-09,34.0,71.0,45.0,32.0,25.0,9,5,2017
2017-05-10,34.0,67.0,26.0,22.0,25.0,10,5,2017
2017-05-11,33.0,69.0,42.0,23.0,25.0,11,5,2017
2017-05-12,33.0,77.0,50.0,22.0,25.0,12,5,2017
2017-05-13,34.0,78.0,21.0,25.0,27.0,13,5,2017
2017-05-14,35.0,61.0,31.0,28.0,25.0,14,5,2017
2017-05-15,29.0,56.0,39.0,23.0,25.0,15,5,2017
2017-05-16,24.0,65.0,43.0,18.0,25.0,16,5,2017
2017-05-17,25.0,65.0,47.0,18.0,26.0,17,5,2017
2017-05-18,29.0,67.0,34.0,18.0,26.0,18,5,2017
2017-05-19,38.0,61.0,37.0,16.0,42.0,19,5,2017
2017-05-20,34.0,50.0,38.0,14.0,54.0,20,5,2017
2017-05-21,39.0,54.0,32.0,16.0,45.0,21,5,2017
2017-05-22,54.0,63.0,18.0,14.0,28.0,22,5,2017
2017-05-23,64.0,69.0,37.0,13.0,28.0,23,5,2017
2017-05-24,70.0,72.0,37.0,16.0,31.0,24,5,2017
2017-05-25,74.0,70.0,36.0,16.0,33.0,25,5,2017
2017-05-26,71.0,60.0,46.0,15.0,33.0,26,5,2017
2017-05-27,62.0,50.0,48.0,10.0,33.0,27,5,2017
2017-05-28,52.0,47.0,32.0,9.0,34.0,28,5,2017
2017-05-29,50.0,52.0,34.0,10.0,26.0,29,5,2017
2017-05-30,54.0,45.0,45.0,11.0,23.0,30,5,2017
2017-05-31,48.0,45.0,50.0,11.0,24.0,31,5,2017
2017-06-01,48.0,41.0,52.0,11.0,24.0,1,6,2017
2017-06-02,45.0,45.0,49.0,13.0,25.0,2,6,2017
2017-06-03,48.0,36.0,48.0,17.0,27.0,3,6,2017
2017-06-04,40.0,42.0,35.0,15.0,29.0,4,6,2017
2017-06-05,45.0,54.0,36.0,14.0,29.0,5,6,2017
2017-06-06,57.0,56.0,30.0,13.0,29.0,6,6,2017
2017-06-07,58.0,35.0,37.0,12.0,29.0,7,6,2017
2017-06-08,39.0,31.0,39.0,11.0,29.0,8,6,2017
2017-06-09,35.0,34.0,40.0,11.0,29.0,9,6,2017
2017-06-10,38.0,27.0,43.0,12.0,30.0,10,6,2017
2017-06-11,31.0,25.0,42.0,12.0,31.0,11,6,2017
2017-06-12,30.0,25.0,17.0,13.0,32.0,12,6,2017
2017-06-13,30.0,36.0,34.0,14.0,29.0,13,6,2017
2017-06-14,39.0,32.0,36.0,16.0,28.0,14,6,2017
2017-06-15,36.0,27.0,32.0,17.0,27.0,15,6,2017
2017-06-16,32.0,26.0,29.0,15.0,28.0,16,6,2017
2017-06-17,31.0,29.0,22.0,15.0,27.0,17,6,2017
2017-06-18,33.0,30.0,24.0,13.0,26.0,18,6,2017
2017-06-19,35.0,31.0,24.0,11.0,26.0,19,6,2017
2017-06-20,35.0,35.0,25.0,11.0,27.0,20,6,2017
2017-06-21,39.0,44.0,24.0,12.0,28.0,21,6,2017
2017-06-22,47.0,41.0,23.0,11.0,30.0,22,6,2017
2017-06-23,44.0,41.0,22.0,12.0,29.0,23,6,2017
2017-06-24,44.0,42.0,21.0,11.0,29.0,24,6,2017
2017-06-25,46.0,21.0,27.0,11.0,34.0,25,6,2017
2017-06-26,25.0,24.0,27.0,13.0,35.0,26,6,2017
2017-06-27,28.0,33.0,24.0,14.0,35.0,27,6,2017
2017-06-28,37.0,35.0,24.0,12.0,34.0,28,6,2017
2017-06-29,38.0,33.0,20.0,13.0,33.0,29,6,2017
2017-06-30,37.0,37.0,18.0,14.0,31.0,30,6,2017
2017-07-01,40.0,36.0,17.0,14.0,34.0,1,7,2017
2017-07-02,40.0,31.0,13.0,12.0,23.0,2,7,2017
2017-07-03,35.0,40.0,13.0,11.0,13.0,3,7,2017
2017-07-04,44.0,40.0,24.0,11.0,13.0,4,7,2017
2017-07-05,43.0,43.0,25.0,11.0,13.0,5,7,2017
2017-07-06,46.0,45.0,22.0,12.0,13.0,6,7,2017
2017-07-07,49.0,51.0,23.0,11.0,24.0,7,7,2017
2017-07-08,54.0,53.0,23.0,10.0,30.0,8,7,2017
2017-07-09,56.0,41.0,11.0,10.0,28.0,9,7,2017
2017-07-10,49.0,32.0,9.0,12.0,28.0,10,7,2017
2017-07-11,46.0,42.0,25.0,13.0,114.0,11,7,2017
2017-07-12,45.0,44.0,25.0,10.0,89.0,12,7,2017
2017-07-13,47.0,37.0,25.0,10.0,35.0,13,7,2017
2017-07-14,41.0,34.0,25.0,11.0,44.0,14,7,2017
2017-07-15,38.0,36.0,24.0,12.0,52.0,15,7,2017
2017-07-16,40.0,21.0,25.0,11.0,54.0,16,7,2017
2017-07-17,25.0,19.0,25.0,11.0,53.0,17,7,2017
2017-07-18,24.0,19.0,25.0,10.0,54.0,18,7,2017
2017-07-19,24.0,8.0,51.0,12.0,59.0,19,7,2017
2017-07-20,14.0,13.0,56.0,11.0,53.0,20,7,2017
2017-07-21,18.0,24.0,56.0,10.0,52.0,21,7,2017
2017-07-22,28.0,33.0,25.0,8.0,52.0,22,7,2017
2017-07-23,40.0,30.0,55.0,8.0,49.0,23,7,2017
2017-07-24,34.0,36.0,56.0,9.0,49.0,24,7,2017
2017-07-25,40.0,33.0,58.0,30.0,58.0,25,7,2017
2017-07-26,37.0,14.0,58.0,28.0,67.0,26,7,2017
2017-07-27,19.0,17.0,58.0,12.0,83.0,27,7,2017
2017-07-28,19.0,17.0,57.0,12.0,90.0,28,7,2017
2017-07-29,18.0,33.0,25.0,11.0,52.0,29,7,2017
2017-07-30,40.0,17.0,58.0,11.0,94.0,30,7,2017
2017-07-31,18.0,18.0,58.0,15.0,91.0,31,7,2017
2017-08-01,19.0,23.0,52.0,15.0,83.0,1,8,2017
2017-08-02,24.0,28.0,52.0,15.0,77.0,2,8,2017
2017-08-03,30.0,30.0,50.0,15.0,76.0,3,8,2017
2017-08-04,32.0,36.0,71.0,9.0,83.0,4,8,2017
2017-08-05,38.0,37.0,78.0,9.0,84.0,5,8,2017
2017-08-06,39.0,37.0,81.0,10.0,85.0,6,8,2017
2017-08-07,39.0,38.0,75.0,12.0,85.0,7,8,2017
2017-08-08,39.0,42.0,77.0,11.0,86.0,8,8,2017
2017-08-09,43.0,39.0,52.0,11.0,86.0,9,8,2017
2017-08-10,40.0,31.0,51.0,12.0,85.0,10,8,2017
2017-08-11,32.0,26.0,52.0,10.0,84.0,11,8,2017
2017-08-12,28.0,31.0,54.0,10.0,84.0,12,8,2017
2017-08-13,33.0,32.0,54.0,9.0,85.0,13,8,2017
2017-08-14,34.0,28.0,45.0,9.0,75.0,14,8,2017
2017-08-15,30.0,34.0,40.0,9.0,69.0,15,8,2017
2017-08-16,36.0,38.0,41.0,12.0,68.0,16,8,2017
2017-08-17,40.0,45.0,41.0,14.0,68.0,17,8,2017
2017-08-18,47.0,44.0,38.0,14.0,66.0,18,8,2017
2017-08-19,45.0,22.0,50.0,12.0,62.0,19,8,2017
2017-08-20,24.0,16.0,50.0,12.0,61.0,20,8,2017
2017-08-21,18.0,18.0,36.0,15.0,67.0,21,8,2017
2017-08-22,21.0,29.0,36.0,14.0,67.0,22,8,2017
2017-08-23,31.0,32.0,45.0,14.0,66.0,23,8,2017
2017-08-24,34.0,30.0,45.0,12.0,65.0,24,8,2017
2017-08-25,32.0,17.0,40.0,12.0,64.0,25,8,2017
2017-08-26,20.0,12.0,40.0,12.0,64.0,26,8,2017
2017-08-27,15.0,12.0,49.0,13.0,64.0,27,8,2017
2017-08-28,15.0,13.0,49.0,15.0,64.0,28,8,2017
2017-08-29,16.0,16.0,39.0,14.0,57.0,29,8,2017
2017-08-30,19.0,34.0,47.0,16.0,56.0,30,8,2017
2017-08-31,36.0,47.0,52.0,16.0,60.0,31,8,2017
2017-09-01,48.0,47.0,38.0,14.0,62.0,1,9,2017
2017-09-02,48.0,49.0,63.0,14.0,18.5,2,9,2017
2017-09-03,49.5,49.0,63.0,15.0,18.5,3,9,2017
2017-09-04,49.5,49.0,63.0,15.0,18.5,4,9,2017
2017-09-05,49.5,49.0,63.0,15.0,18.5,5,9,2017
2017-09-06,49.5,49.0,63.0,15.0,18.5,6,9,2017
2017-09-07,49.5,49.0,63.0,15.0,18.5,7,9,2017
2017-09-08,49.5,49.0,63.0,15.0,18.5,8,9,2017
2017-09-09,49.5,49.0,63.0,15.0,18.5,9,9,2017
2017-09-10,49.5,49.0,63.0,15.0,18.5,10,9,2017
2017-09-11,49.5,49.0,63.0,15.0,18.5,11,9,2017
2017-09-12,49.5,49.0,63.0,15.0,18.5,12,9,2017
2017-09-13,49.5,49.0,63.0,15.0,18.5,13,9,2017
2017-09-14,49.5,49.0,63.0,15.0,18.5,14,9,2017
2017-09-15,49.5,49.0,63.0,15.0,18.5,15,9,2017
2017-09-16,49.5,49.0,63.0,15.0,18.5,16,9,2017
2017-09-17,49.5,49.0,63.0,15.0,18.5,17,9,2017
2017-09-18,49.5,49.0,63.0,15.0,18.5,18,9,2017
2017-09-19,49.5,49.0,63.0,15.0,18.5,19,9,2017
2017-09-20,49.5,49.0,63.0,15.0,18.5,20,9,2017
2017-09-21,49.5,49.0,63.0,15.0,18.5,21,9,2017
2017-09-22,49.5,33.0,53.0,22.0,11.0,22,9,2017
2017-09-23,34.0,36.0,54.0,19.0,4.0,23,9,2017
2017-09-24,37.0,45.0,67.0,12.0,11.0,24,9,2017
2017-09-25,46.0,51.0,69.0,13.0,19.0,25,9,2017
2017-09-26,52.0,55.0,70.0,13.0,18.0,26,9,2017
2017-09-27,55.0,69.0,69.0,15.0,19.0,27,9,2017
2017-09-28,69.0,62.0,56.0,19.0,20.0,28,9,2017
2017-09-29,61.0,51.0,66.0,23.0,17.0,29,9,2017
2017-09-30,51.0,47.0,60.0,26.0,22.0,30,9,2017
2017-10-01,48.0,54.0,63.0,22.0,16.0,1,10,2017
2017-10-02,55.0,63.0,63.0,14.0,15.0,2,10,2017
2017-10-03,63.0,80.0,81.0,19.0,17.0,3,10,2017
2017-10-04,79.0,99.0,83.0,12.0,20.0,4,10,2017
2017-10-05,98.0,99.0,51.0,2.0,22.0,5,10,2017
2017-10-06,97.0,69.0,46.0,2.0,14.0,6,10,2017
2017-10-07,69.0,35.0,46.0,3.0,11.0,7,10,2017
2017-10-08,37.0,21.0,52.0,2.0,12.0,8,10,2017
2017-10-09,24.0,31.0,53.0,3.0,12.0,9,10,2017
2017-10-10,33.0,28.0,44.0,2.0,7.0,10,10,2017
2017-10-11,31.0,24.0,55.0,2.0,6.0,11,10,2017
2017-10-12,27.0,27.0,57.0,21.5,8.0,12,10,2017
2017-10-13,29.0,32.0,47.0,21.5,8.0,13,10,2017
2017-10-14,34.0,37.0,51.0,21.5,11.0,14,10,2017
2017-10-15,39.0,37.0,52.0,1.0,9.0,15,10,2017
2017-10-16,39.0,71.0,79.0,4.0,71.0,16,10,2017
2017-10-17,71.0,90.0,79.0,7.0,78.0,17,10,2017
2017-10-18,92.0,114.0,78.0,21.0,53.0,18,10,2017
2017-10-19,124.0,138.0,81.0,25.0,35.0,19,10,2017
2017-10-20,172.0,126.0,62.0,26.0,40.0,20,10,2017
2017-10-21,144.0,107.0,61.0,29.0,48.0,21,10,2017
2017-10-22,100.0,103.0,59.0,28.0,54.0,22,10,2017
2017-10-23,93.0,117.0,58.0,31.0,45.0,23,10,2017
2017-10-24,120.0,112.0,72.0,38.0,47.0,24,10,2017
2017-10-25,115.0,114.0,54.0,43.0,54.0,25,10,2017
2017-10-26,158.0,113.0,66.0,44.0,46.0,26,10,2017
2017-10-27,162.0,101.0,75.0,44.0,38.0,27,10,2017
2017-10-28,146.0,100.0,81.0,44.0,36.0,28,10,2017
2017-10-29,171.0,109.0,82.0,45.0,40.0,29,10,2017
2017-10-30,197.0,113.0,115.0,35.0,45.0,30,10,2017
2017-10-31,214.0,115.0,120.0,25.0,46.0,31,10,2017
2017-11-01,220.0,123.0,113.0,25.0,40.0,1,11,2017
2017-11-02,253.0,122.0,105.0,24.0,26.0,2,11,2017
2017-11-03,252.0,124.5,112.0,24.5,31.0,3,11,2017
2017-11-04,38.5,124.5,112.0,24.5,31.0,4,11,2017
2017-11-05,38.5,105.0,85.0,21.0,31.0,5,11,2017
2017-11-06,180.0,109.0,108.0,22.0,31.0,6,11,2017
2017-11-07,196.0,122.0,112.0,24.0,31.0,7,11,2017
2017-11-08,123.0,119.0,104.0,24.0,31.0,8,11,2017
2017-11-09,44.0,111.0,114.0,24.0,21.0,9,11,2017
2017-11-10,37.0,134.0,121.0,25.0,36.0,10,11,2017
2017-11-11,41.0,141.0,125.0,25.0,23.0,11,11,2017
2017-11-12,43.0,126.0,106.0,23.0,12.0,12,11,2017
2017-11-13,36.0,122.0,148.0,26.0,24.0,13,11,2017
2017-11-14,39.0,129.0,151.0,28.0,36.0,14,11,2017
2017-11-15,38.0,135.0,97.0,27.0,60.0,15,11,2017
2017-11-16,33.0,135.0,49.0,28.0,70.0,16,11,2017
2017-11-17,33.0,143.0,112.0,27.0,31.0,17,11,2017
2017-11-18,43.0,134.0,112.0,26.0,31.0,18,11,2017
2017-11-19,37.0,123.0,104.0,26.0,31.0,19,11,2017
2017-11-20,33.0,88.0,60.0,22.0,31.0,20,11,2017
2017-11-21,43.0,80.0,60.0,23.0,31.0,21,11,2017
2017-11-22,29.0,70.0,49.0,22.0,31.0,22,11,2017
2017-11-23,20.0,70.0,115.0,21.0,75.0,23,11,2017
2017-11-24,24.0,91.0,119.0,22.0,75.0,24,11,2017
2017-11-25,30.0,140.0,143.0,25.0,31.0,25,11,2017
2017-11-26,34.0,155.0,148.0,24.0,22.0,26,11,2017
2017-11-27,29.0,137.0,114.0,23.0,22.0,27,11,2017
2017-11-28,26.0,135.0,118.0,26.0,31.0,28,11,2017
2017-11-29,40.0,137.0,130.0,26.0,31.0,29,11,2017
2017-11-30,140.0,150.0,58.0,25.0,31.0,30,11,2017
2017-12-01,239.0,146.0,98.0,24.0,72.0,1,12,2017
2017-12-02,226.0,134.0,102.0,25.0,72.0,2,12,2017
2017-12-03,193.0,126.0,101.0,25.0,72.0,3,12,2017
2017-12-04,171.0,106.0,90.0,23.0,72.0,4,12,2017
2017-12-05,126.0,54.0,49.0,19.0,72.0,5,12,2017
2017-12-06,56.0,37.0,49.0,21.0,40.0,6,12,2017
2017-12-07,40.0,60.0,66.0,25.0,60.0,7,12,2017
2017-12-08,62.0,102.0,86.0,27.0,78.0,8,12,2017
2017-12-09,121.0,127.0,96.0,29.0,75.0,9,12,2017
2017-12-10,173.0,132.0,127.0,31.0,80.0,10,12,2017
2017-12-11,190.0,100.0,130.0,26.0,51.0,11,12,2017
2017-12-12,123.0,71.0,83.0,23.0,48.0,12,12,2017
2017-12-13,72.0,77.0,83.0,24.0,59.0,13,12,2017
2017-12-14,78.0,92.0,96.0,27.0,64.0,14,12,2017
2017-12-15,94.0,118.0,107.0,28.0,60.0,15,12,2017
2017-12-16,148.0,128.0,84.0,24.0,62.0,16,12,2017
2017-12-17,175.0,131.0,96.0,26.0,55.0,17,12,2017
2017-12-18,187.0,138.0,96.0,29.0,66.0,18,12,2017
2017-12-19,204.0,141.0,83.0,29.0,71.0,19,12,2017
2017-12-20,211.0,135.0,165.0,31.0,60.0,20,12,2017
2017-12-21,196.0,171.0,168.0,31.0,72.0,21,12,2017
2017-12-22,268.0,166.0,104.0,33.0,75.0,22,12,2017
2017-12-23,256.0,136.0,162.0,34.0,78.0,23,12,2017
2017-12-24,198.0,128.0,171.0,33.0,73.0,24,12,2017
2017-12-25,176.0,127.0,93.0,32.0,78.0,25,12,2017
2017-12-26,175.0,135.0,93.0,32.0,81.0,26,12,2017
2017-12-27,196.0,170.0,114.0,35.0,74.0,27,12,2017
2017-12-28,270.0,175.0,114.0,35.0,81.0,28,12,2017
2017-12-29,293.0,165.0,41.0,38.0,98.0,29,12,2017
2017-12-30,279.0,129.5,96.0,28.5,72.0,30,12,2017
2017-12-31,181.5,165.0,41.0,43.0,98.0,31,12,2017
2018-01-01,279.0,125.0,172.0,31.0,79.0,1,1,2018
2018-01-02,168.0,124.0,181.0,29.0,73.0,2,1,2018
2018-01-03,166.0,133.0,163.0,30.0,79.0,3,1,2018
2018-01-04,192.0,133.0,171.0,30.0,84.0,4,1,2018
2018-01-05,192.0,113.0,100.0,29.0,75.0,5,1,2018
2018-01-06,132.0,100.0,148.0,27.0,70.0,6,1,2018
2018-01-07,103.0,96.0,162.0,27.0,68.0,7,1,2018
2018-01-08,95.0,111.0,150.0,32.0,67.0,8,1,2018
2018-01-09,129.0,149.0,151.0,34.0,72.0,9,1,2018
2018-01-10,236.0,154.0,154.0,35.0,82.0,10,1,2018
2018-01-11,249.0,143.0,139.0,36.0,88.0,11,1,2018
2018-01-12,217.0,138.0,139.0,36.0,86.0,12,1,2018
2018-01-13,206.0,127.0,49.0,35.0,104.0,13,1,2018
2018-01-14,174.0,128.0,97.0,36.0,104.0,14,1,2018
2018-01-15,175.0,123.0,108.0,34.0,99.0,15,1,2018
2018-01-16,165.0,102.0,110.0,31.0,84.0,16,1,2018
2018-01-17,113.0,86.0,100.0,29.0,80.0,17,1,2018
2018-01-18,59.0,99.0,108.0,30.0,86.0,18,1,2018
2018-01-19,45.0,110.0,131.0,32.0,86.0,19,1,2018
2018-01-20,44.0,114.0,154.0,35.0,79.0,20,1,2018
2018-01-21,38.0,124.0,171.0,35.0,89.0,21,1,2018
2018-01-22,45.0,126.0,173.0,35.0,88.0,22,1,2018
2018-01-23,112.0,97.0,159.0,29.0,71.0,23,1,2018
2018-01-24,109.0,102.0,92.0,32.0,89.0,24,1,2018
2018-01-25,112.0,117.0,165.0,34.0,90.0,25,1,2018
2018-01-26,146.0,111.0,192.0,32.0,77.0,26,1,2018
2018-01-27,129.0,103.0,197.0,34.0,85.0,27,1,2018
2018-01-28,106.0,102.0,149.0,31.0,95.0,28,1,2018
2018-01-29,105.0,148.0,152.0,35.0,98.0,29,1,2018
2018-01-30,224.0,158.0,131.0,38.0,89.0,30,1,2018
2018-01-31,254.0,144.0,114.0,38.0,92.0,31,1,2018
2018-02-01,221.0,138.0,124.0,40.0,100.0,1,2,2018
2018-02-02,205.0,121.0,175.0,40.0,98.0,2,2,2018
2018-02-03,156.0,125.0,186.0,39.0,94.0,3,2,2018
2018-02-04,165.0,140.0,173.0,33.0,100.0,4,2,2018
2018-02-05,209.0,129.0,159.0,32.0,93.0,5,2,2018
2018-02-06,179.0,122.0,118.0,33.0,94.0,6,2,2018
2018-02-07,160.0,105.0,108.0,30.0,96.0,7,2,2018
2018-02-08,121.0,98.0,98.0,24.0,93.0,8,2,2018
2018-02-09,99.0,103.0,96.0,25.0,92.0,9,2,2018
2018-02-10,107.0,104.0,107.0,27.0,99.0,10,2,2018
2018-02-11,108.0,93.0,107.0,25.0,92.0,11,2,2018
2018-02-12,96.0,76.0,78.0,23.0,94.0,12,2,2018
2018-02-13,77.0,85.0,87.0,24.0,96.0,13,2,2018
2018-02-14,87.0,93.0,98.0,23.0,91.0,14,2,2018
2018-02-15,93.0,109.0,100.0,27.0,101.0,15,2,2018
2018-02-16,132.0,112.0,140.0,29.0,103.0,16,2,2018
2018-02-17,133.0,104.0,143.0,29.0,102.0,17,2,2018
2018-02-18,109.0,84.0,182.0,21.0,93.0,18,2,2018
2018-02-19,84.0,101.0,188.0,27.0,94.0,19,2,2018
2018-02-20,113.0,120.0,130.0,33.0,103.0,20,2,2018
2018-02-21,156.0,125.0,133.0,31.0,102.0,21,2,2018
2018-02-22,170.0,119.0,187.0,31.0,103.0,22,2,2018
2018-02-23,153.0,127.0,174.0,29.0,103.0,23,2,2018
2018-02-24,173.0,144.0,174.0,30.0,101.0,24,2,2018
2018-02-25,235.0,161.0,141.0,30.0,100.0,25,2,2018
2018-02-26,282.0,160.0,130.0,25.0,101.0,26,2,2018
2018-02-27,267.0,115.5,130.0,23.0,99.0,27,2,2018
2018-02-28,153.0,115.5,24.0,40.0,105.0,28,2,2018
2018-03-01,136.0,115.0,24.0,51.0,105.0,1,3,2018
2018-03-02,136.0,115.0,93.0,58.0,53.0,2,3,2018
2018-03-03,136.0,115.0,93.0,34.5,53.0,3,3,2018
2018-03-04,136.0,112.0,125.0,23.0,101.0,4,3,2018
2018-03-05,124.0,120.0,133.0,27.0,77.0,5,3,2018
2018-03-06,142.0,144.0,166.0,35.0,59.0,6,3,2018
2018-03-07,215.0,123.0,181.0,35.0,51.0,7,3,2018
2018-03-08,157.0,105.0,185.0,34.0,46.0,8,3,2018
2018-03-09,106.0,114.0,166.0,37.0,61.0,9,3,2018
2018-03-10,131.0,120.0,153.0,37.0,63.0,10,3,2018
2018-03-11,150.0,127.0,107.0,36.0,57.0,11,3,2018
2018-03-12,169.0,153.0,110.0,40.0,62.0,12,3,2018
2018-03-13,244.0,142.0,126.0,39.0,60.0,13,3,2018
2018-03-14,212.0,116.0,128.0,38.0,56.0,14,3,2018
2018-03-15,136.0,102.0,68.0,37.0,47.0,15,3,2018
2018-03-16,107.0,106.0,88.0,38.0,39.0,16,3,2018
2018-03-17,120.0,133.0,92.0,40.0,52.0,17,3,2018
2018-03-18,186.0,116.0,90.0,40.0,53.0,18,3,2018
2018-03-19,145.0,88.0,95.0,37.0,46.0,19,3,2018
2018-03-20,86.0,71.0,86.0,32.0,35.0,20,3,2018
2018-03-21,70.0,67.0,79.0,31.0,33.0,21,3,2018
2018-03-22,67.0,80.0,88.0,32.0,37.0,22,3,2018
2018-03-23,79.0,105.0,90.0,33.0,53.0,23,3,2018
2018-03-24,118.0,118.0,93.0,31.0,57.0,24,3,2018
2018-03-25,144.0,154.0,108.0,30.0,59.0,25,3,2018
2018-03-26,239.0,155.0,112.0,31.0,66.0,26,3,2018
2018-03-27,246.0,118.0,83.0,30.0,65.0,27,3,2018
2018-03-28,146.0,86.0,83.0,28.0,50.0,28,3,2018
2018-03-29,84.0,75.0,91.0,29.0,47.0,29,3,2018
2018-03-30,74.0,73.0,93.0,28.0,42.0,30,3,2018
2018-03-31,73.0,65.0,85.0,27.0,44.0,31,3,2018
2018-04-01,65.0,72.0,87.0,27.0,48.0,1,4,2018
2018-04-02,71.0,76.0,78.0,27.0,49.0,2,4,2018
2018-04-03,75.0,93.0,78.0,30.0,53.0,3,4,2018
2018-04-04,94.0,101.0,77.0,30.0,57.0,4,4,2018
2018-04-05,102.0,99.0,62.0,30.0,55.0,5,4,2018
2018-04-06,96.0,110.0,36.0,32.0,52.0,6,4,2018
2018-04-07,121.0,122.0,34.0,33.0,59.0,7,4,2018
2018-04-08,153.0,126.0,25.0,33.0,66.0,8,4,2018
2018-04-09,165.0,99.0,98.0,32.0,58.0,9,4,2018
2018-04-10,96.0,103.0,98.0,32.0,62.0,10,4,2018
2018-04-11,104.0,94.0,95.0,30.0,66.0,11,4,2018
2018-04-12,94.0,95.0,95.0,30.0,86.0,12,4,2018
2018-04-13,92.0,101.0,77.0,28.5,86.0,13,4,2018
2018-04-14,98.0,86.0,77.0,28.5,86.0,14,4,2018
2018-04-15,85.0,71.0,74.0,26.0,83.0,15,4,2018
2018-04-16,70.0,81.0,78.0,28.0,87.0,16,4,2018
2018-04-17,80.0,86.0,51.0,30.0,90.0,17,4,2018
2018-04-18,85.0,98.0,57.0,29.0,91.0,18,4,2018
2018-04-19,97.0,102.0,57.0,29.0,91.0,19,4,2018
2018-04-20,99.0,86.0,77.0,28.5,86.0,20,4,2018
2018-04-21,85.0,86.0,77.0,28.5,86.0,21,4,2018
2018-04-22,85.0,72.0,62.0,26.0,86.0,22,4,2018
2018-04-23,71.0,80.0,72.0,27.0,91.0,23,4,2018
2018-04-24,78.0,81.0,72.0,25.0,91.0,24,4,2018
2018-04-25,80.0,80.0,57.0,26.0,92.0,25,4,2018
2018-04-26,78.0,83.0,89.0,26.0,98.0,26,4,2018
2018-04-27,81.0,78.0,95.0,26.0,99.0,27,4,2018
2018-04-28,77.0,66.0,90.0,26.0,99.0,28,4,2018
2018-04-29,65.0,63.0,73.0,23.0,96.0,29,4,2018
2018-04-30,62.0,75.0,78.0,22.0,96.0,30,4,2018
2018-05-01,73.0,80.0,40.0,23.0,96.0,1,5,2018
2018-05-02,79.0,75.0,40.0,22.0,94.0,2,5,2018
2018-05-03,74.0,49.0,59.0,22.0,41.0,3,5,2018
2018-05-04,50.0,49.0,59.0,36.5,41.0,4,5,2018
2018-05-05,50.0,63.0,71.0,24.0,55.0,5,5,2018
2018-05-06,62.0,50.0,72.0,23.0,46.0,6,5,2018
2018-05-07,50.0,41.0,60.0,25.0,38.0,7,5,2018
2018-05-08,42.0,41.0,43.0,27.0,36.0,8,5,2018
2018-05-09,42.0,58.0,64.0,27.0,47.0,9,5,2018
2018-05-10,58.0,56.0,64.0,23.0,45.0,10,5,2018
2018-05-11,56.0,45.0,53.0,23.0,38.0,11,5,2018
2018-05-12,46.0,44.0,56.0,23.0,38.0,12,5,2018
2018-05-13,45.0,44.0,62.0,27.0,40.0,13,5,2018
2018-05-14,45.0,44.0,72.0,40.0,46.0,14,5,2018
2018-05-15,45.0,45.0,40.0,50.0,47.0,15,5,2018
2018-05-16,46.0,55.0,42.0,46.0,10.0,16,5,2018
2018-05-17,55.0,49.0,38.0,36.0,24.0,17,5,2018
2018-05-18,49.0,43.0,42.0,33.0,61.0,18,5,2018
2018-05-19,44.0,56.0,59.0,37.0,65.0,19,5,2018
2018-05-20,56.0,54.0,61.0,42.0,42.0,20,5,2018
2018-05-21,54.0,50.0,62.0,51.0,43.0,21,5,2018
2018-05-22,50.0,47.0,59.0,63.0,31.0,22,5,2018
2018-05-23,48.0,49.0,55.0,73.0,31.0,23,5,2018
2018-05-24,50.0,53.0,56.0,104.0,35.0,24,5,2018
2018-05-25,53.0,45.0,47.0,133.0,38.0,25,5,2018
2018-05-26,46.0,82.0,61.0,99.0,53.0,26,5,2018
2018-05-27,85.0,103.0,62.0,92.0,52.0,27,5,2018
2018-05-28,104.0,65.0,32.0,88.0,41.0,28,5,2018
2018-05-29,63.0,40.0,57.0,76.0,38.0,29,5,2018
2018-05-30,41.0,44.0,70.0,53.0,36.0,30,5,2018
2018-05-31,45.0,48.0,71.0,33.0,34.0,31,5,2018
2018-06-01,48.0,46.0,48.0,33.0,37.0,1,6,2018
2018-06-02,46.0,34.0,62.0,33.0,45.0,2,6,2018
2018-06-03,35.0,28.0,62.0,33.0,47.0,3,6,2018
2018-06-04,30.0,31.0,50.0,33.0,45.0,4,6,2018
2018-06-05,33.0,36.0,72.0,33.0,46.0,5,6,2018
2018-06-06,37.0,33.0,64.0,33.0,41.0,6,6,2018
2018-06-07,35.0,30.0,50.0,33.0,44.0,7,6,2018
2018-06-08,31.0,23.0,50.0,33.0,42.0,8,6,2018
2018-06-09,25.0,22.0,50.0,33.0,36.0,9,6,2018
2018-06-10,24.0,34.0,43.0,33.0,38.0,10,6,2018
2018-06-11,36.0,38.0,45.0,33.0,43.0,11,6,2018
2018-06-12,40.0,32.0,49.0,33.0,45.0,12,6,2018
2018-06-13,34.0,28.0,50.0,33.0,47.0,13,6,2018
2018-06-14,30.0,22.0,49.0,33.0,47.0,14,6,2018
2018-06-15,24.0,20.0,52.0,33.0,45.0,15,6,2018
2018-06-16,23.0,16.0,52.0,33.0,47.0,16,6,2018
2018-06-17,19.0,12.0,56.0,33.0,51.0,17,6,2018
2018-06-18,15.0,23.0,61.0,33.0,57.0,18,6,2018
2018-06-19,25.0,29.0,62.0,33.0,65.0,19,6,2018
2018-06-20,31.0,33.0,51.0,33.0,62.0,20,6,2018
2018-06-21,35.0,29.0,52.0,33.0,58.0,21,6,2018
2018-06-22,32.0,24.0,49.0,33.0,54.0,22,6,2018
2018-06-23,26.0,20.0,46.0,33.0,49.0,23,6,2018
2018-06-24,22.0,17.0,41.0,33.0,46.0,24,6,2018
2018-06-25,19.0,20.0,40.0,33.0,47.0,25,6,2018
2018-06-26,23.0,22.0,48.0,33.0,47.0,26,6,2018
2018-06-27,25.0,22.0,54.0,33.0,52.0,27,6,2018
2018-06-28,24.0,23.0,37.0,33.0,48.0,28,6,2018
2018-06-29,25.0,27.0,50.0,35.0,53.0,29,6,2018
2018-06-30,29.0,28.0,50.0,35.0,53.0,30,6,2018
2018-07-01,30.0,23.0,46.0,35.0,45.0,1,7,2018
2018-07-02,25.0,22.0,47.0,35.0,46.0,2,7,2018
2018-07-03,24.0,20.0,36.0,35.0,47.0,3,7,2018
2018-07-04,23.0,17.0,39.0,35.0,47.0,4,7,2018
2018-07-05,20.0,17.0,41.0,35.0,46.0,5,7,2018
2018-07-06,20.0,19.0,41.0,35.0,42.0,6,7,2018
2018-07-07,22.0,18.0,42.0,33.0,42.0,7,7,2018
2018-07-08,21.0,18.0,33.0,33.0,42.0,8,7,2018
2018-07-09,20.0,16.0,40.0,35.0,44.0,9,7,2018
2018-07-10,19.0,18.0,40.0,35.0,43.0,10,7,2018
2018-07-11,20.0,18.0,40.0,35.0,41.0,11,7,2018
2018-07-12,21.0,18.0,39.0,35.0,41.0,12,7,2018
2018-07-13,21.0,19.0,26.0,35.0,42.0,13,7,2018
2018-07-14,21.0,17.0,24.0,35.0,43.0,14,7,2018
2018-07-15,20.0,15.0,29.0,35.0,42.0,15,7,2018
2018-07-16,18.0,15.0,40.0,35.0,44.0,16,7,2018
2018-07-17,18.0,18.0,43.0,35.0,46.0,17,7,2018
2018-07-18,21.0,17.0,48.0,35.0,46.0,18,7,2018
2018-07-19,20.0,17.0,50.0,35.0,49.0,19,7,2018
2018-07-20,20.0,18.0,51.0,36.0,52.0,20,7,2018
2018-07-21,21.0,18.0,44.0,38.0,51.0,21,7,2018
2018-07-22,21.0,20.0,43.0,39.0,51.0,22,7,2018
2018-07-23,22.0,19.0,36.0,37.0,54.0,23,7,2018
2018-07-24,21.0,19.0,36.0,35.0,55.0,24,7,2018
2018-07-25,22.0,24.0,43.0,35.0,50.0,25,7,2018
2018-07-26,26.0,21.0,43.0,35.0,53.0,26,7,2018
2018-07-27,24.0,19.0,44.0,35.0,57.0,27,7,2018
2018-07-28,22.0,22.0,46.0,35.0,59.0,28,7,2018
2018-07-29,24.0,24.0,47.0,35.0,57.0,29,7,2018
2018-07-30,26.0,26.0,44.0,35.0,61.0,30,7,2018
2018-07-31,28.0,30.0,45.0,35.0,61.0,31,7,2018
2018-08-01,32.0,31.0,46.0,35.0,58.0,1,8,2018
2018-08-02,33.0,24.0,43.0,35.0,56.0,2,8,2018
2018-08-03,27.0,19.0,40.0,35.0,59.0,3,8,2018
2018-08-04,21.0,19.0,44.0,35.0,58.0,4,8,2018
2018-08-05,22.0,21.0,46.0,35.0,55.0,5,8,2018
2018-08-06,24.0,20.0,44.0,35.0,53.0,6,8,2018
2018-08-07,23.0,20.0,45.0,35.0,58.0,7,8,2018
2018-08-08,23.0,22.0,42.0,35.0,58.0,8,8,2018
2018-08-09,24.0,21.0,42.0,35.0,59.0,9,8,2018
2018-08-10,23.0,18.0,41.0,35.0,57.0,10,8,2018
2018-08-11,21.0,16.0,44.0,35.0,55.0,11,8,2018
2018-08-12,19.0,15.0,44.0,35.0,58.0,12,8,2018
2018-08-13,18.0,17.0,40.0,35.0,59.0,13,8,2018
2018-08-14,19.0,20.0,40.0,35.0,59.0,14,8,2018
2018-08-15,23.0,17.0,42.0,35.0,59.0,15,8,2018
2018-08-16,20.0,18.0,46.0,34.0,56.0,16,8,2018
2018-08-17,21.0,19.0,45.0,35.0,53.0,17,8,2018
2018-08-18,22.0,18.0,45.0,35.0,54.0,18,8,2018
2018-08-19,20.0,15.0,44.0,35.0,55.0,19,8,2018
2018-08-20,18.0,14.0,40.0,35.0,56.0,20,8,2018
2018-08-21,17.0,14.0,40.0,35.0,56.0,21,8,2018
2018-08-22,17.0,16.0,41.0,35.0,58.0,22,8,2018
2018-08-23,19.0,16.0,41.0,35.0,60.0,23,8,2018
2018-08-24,19.0,17.0,33.0,37.0,57.0,24,8,2018
2018-08-25,20.0,18.0,32.0,37.0,56.0,25,8,2018
2018-08-26,21.0,17.0,40.0,37.0,59.0,26,8,2018
2018-08-27,20.0,17.0,39.0,37.0,55.0,27,8,2018
2018-08-28,20.0,20.0,37.0,37.0,56.0,28,8,2018
2018-08-29,23.0,24.0,48.0,40.0,60.0,29,8,2018
2018-08-30,26.0,24.0,48.0,47.0,60.0,30,8,2018
2018-08-31,26.0,20.0,50.0,47.0,59.0,31,8,2018
2018-09-01,23.0,19.0,52.0,44.0,59.0,1,9,2018
2018-09-02,22.0,16.0,43.0,44.0,54.0,2,9,2018
2018-09-03,18.0,17.0,39.0,44.0,52.0,3,9,2018
2018-09-04,20.0,20.0,40.0,44.0,54.0,4,9,2018
2018-09-05,23.0,20.0,53.0,44.0,58.0,5,9,2018
2018-09-06,23.0,21.0,54.0,44.0,61.0,6,9,2018
2018-09-07,24.0,20.0,54.0,44.0,60.0,7,9,2018
2018-09-08,23.0,21.0,54.0,44.0,61.0,8,9,2018
2018-09-09,23.0,21.0,54.0,44.0,61.0,9,9,2018
2018-09-10,23.0,31.0,63.0,44.0,73.0,10,9,2018
2018-09-11,33.0,34.0,63.0,44.0,76.0,11,9,2018
2018-09-12,36.0,34.0,63.0,44.0,76.0,12,9,2018
2018-09-13,36.0,20.0,47.0,44.0,69.0,13,9,2018
2018-09-14,23.0,21.0,47.0,44.0,70.0,14,9,2018
2018-09-15,23.0,21.0,47.0,44.0,70.0,15,9,2018
2018-09-16,23.0,17.0,57.0,44.0,68.0,16,9,2018
2018-09-17,20.0,19.0,57.0,44.0,72.0,17,9,2018
2018-09-18,21.0,27.0,43.0,47.0,75.0,18,9,2018
2018-09-19,29.0,29.0,44.0,44.0,76.0,19,9,2018
2018-09-20,31.0,30.0,74.0,44.0,67.0,20,9,2018
2018-09-21,31.0,32.0,75.0,44.0,67.0,21,9,2018
2018-09-22,34.0,32.0,63.0,44.0,67.0,22,9,2018
2018-09-23,34.0,32.0,66.0,44.0,69.0,23,9,2018
2018-09-24,34.0,32.0,70.0,44.0,74.0,24,9,2018
2018-09-25,34.0,31.0,72.0,44.0,81.0,25,9,2018
2018-09-26,33.0,34.0,73.0,44.0,77.0,26,9,2018
2018-09-27,36.0,35.0,70.0,44.0,76.0,27,9,2018
2018-09-28,37.0,32.0,82.0,44.0,76.0,28,9,2018
2018-09-29,34.0,36.0,71.0,44.0,83.0,29,9,2018
2018-09-30,38.0,40.0,65.0,47.0,85.0,30,9,2018
2018-10-01,41.0,33.0,71.0,47.0,77.0,1,10,2018
2018-10-02,35.0,32.0,84.0,47.0,80.0,2,10,2018
2018-10-03,34.0,32.0,86.0,47.0,73.0,3,10,2018
2018-10-04,34.0,31.0,70.0,47.0,67.0,4,10,2018
2018-10-05,33.0,39.0,70.0,47.0,68.0,5,10,2018
2018-10-06,40.0,42.0,85.0,46.0,41.0,6,10,2018
2018-10-07,43.0,23.0,91.0,46.0,33.0,7,10,2018
2018-10-08,25.0,21.0,92.0,46.0,28.0,8,10,2018
2018-10-09,23.0,27.0,84.0,44.0,32.0,9,10,2018
2018-10-10,30.0,41.0,87.0,41.0,40.0,10,10,2018
2018-10-11,42.0,47.0,77.0,41.0,38.0,11,10,2018
2018-10-12,47.0,41.0,78.0,41.0,43.0,12,10,2018
2018-10-13,42.0,52.0,55.0,41.0,36.0,13,10,2018
2018-10-14,52.0,63.0,83.0,40.0,32.0,14,10,2018
2018-10-15,63.0,84.0,84.0,40.0,28.0,15,10,2018
2018-10-16,68.0,92.0,74.0,40.0,30.0,16,10,2018
2018-10-17,65.0,84.0,26.0,40.0,28.0,17,10,2018
2018-10-18,60.0,66.0,75.0,40.0,27.0,18,10,2018
2018-10-19,48.0,73.0,73.0,40.0,26.0,19,10,2018
2018-10-20,53.0,87.0,84.0,40.0,28.0,20,10,2018
2018-10-21,62.0,97.0,85.0,40.0,32.0,21,10,2018
2018-10-22,69.0,100.0,70.0,40.0,31.0,22,10,2018
2018-10-23,70.0,94.0,70.0,40.5,29.0,23,10,2018
2018-10-24,66.0,96.0,94.0,40.0,26.0,24,10,2018
2018-10-25,68.0,107.0,107.0,40.0,26.0,25,10,2018
2018-10-26,74.0,85.0,14.0,40.0,29.0,26,10,2018
2018-10-27,78.0,85.0,14.0,42.0,30.0,27,10,2018
2018-10-28,78.0,64.0,88.0,40.0,26.0,28,10,2018
2018-10-29,78.0,60.0,108.0,40.0,24.0,29,10,2018
2018-10-30,78.0,72.0,100.0,40.0,23.0,30,10,2018
2018-10-31,78.0,77.0,89.0,42.0,23.0,31,10,2018
2018-11-01,78.0,115.0,89.0,42.0,15.0,1,11,2018
2018-11-02,328.0,111.0,88.0,42.0,19.0,2,11,2018
2018-11-03,186.0,74.0,56.0,42.0,24.0,3,11,2018
2018-11-04,69.0,63.0,45.0,42.0,21.0,4,11,2018
2018-11-05,59.0,63.0,59.0,42.0,21.0,5,11,2018
2018-11-06,56.0,64.0,63.0,42.0,30.0,6,11,2018
2018-11-07,59.0,115.0,98.0,42.0,23.0,7,11,2018
2018-11-08,159.0,128.0,96.0,42.0,18.0,8,11,2018
2018-11-09,148.0,122.0,77.0,40.0,21.0,9,11,2018
2018-11-10,121.0,129.0,89.0,40.0,23.0,10,11,2018
2018-11-11,138.0,127.0,104.0,40.0,21.0,11,11,2018
2018-11-12,130.0,119.0,100.0,40.0,21.0,12,11,2018
2018-11-13,101.0,105.0,91.0,40.0,32.0,13,11,2018
2018-11-14,96.0,93.0,86.0,40.0,31.0,14,11,2018
2018-11-15,92.0,83.0,75.0,40.0,24.0,15,11,2018
2018-11-16,84.0,87.0,75.0,40.0,27.0,16,11,2018
2018-11-17,88.0,82.0,89.0,40.0,18.0,17,11,2018
2018-11-18,83.0,80.0,75.0,40.0,20.0,18,11,2018
2018-11-19,82.0,75.0,45.0,40.0,17.0,19,11,2018
2018-11-20,77.0,67.0,77.0,40.0,20.0,20,11,2018
2018-11-21,70.0,75.0,99.0,40.0,35.0,21,11,2018
2018-11-22,65.0,93.0,91.0,40.0,34.0,22,11,2018
2018-11-23,58.0,106.0,82.0,40.0,42.0,23,11,2018
2018-11-24,66.0,115.0,109.0,40.0,43.0,24,11,2018
2018-11-25,78.0,120.0,108.0,40.0,45.0,25,11,2018
2018-11-26,83.0,125.0,105.0,40.0,52.0,26,11,2018
2018-11-27,88.0,122.0,97.0,40.0,46.0,27,11,2018
2018-11-28,84.0,121.0,94.0,40.0,50.0,28,11,2018
2018-11-29,84.0,129.0,128.0,40.0,51.0,29,11,2018
2018-11-30,92.0,134.0,136.0,42.0,23.0,30,11,2018
2018-12-01,96.0,148.0,86.0,42.0,61.0,1,12,2018
2018-12-02,121.0,156.0,79.0,42.0,63.0,2,12,2018
2018-12-03,132.0,151.0,70.0,42.0,56.0,3,12,2018
2018-12-04,118.0,134.0,70.0,42.0,55.0,4,12,2018
2018-12-05,98.0,112.0,77.0,41.0,41.0,5,12,2018
2018-12-06,75.0,92.0,94.0,32.0,34.0,6,12,2018
2018-12-07,68.0,90.0,101.0,62.0,35.0,7,12,2018
2018-12-08,67.0,83.0,73.0,102.0,32.0,8,12,2018
2018-12-09,52.0,76.0,71.0,63.0,26.0,9,12,2018
2018-12-10,49.0,92.0,77.0,40.0,35.0,10,12,2018
2018-12-11,66.0,94.0,65.0,40.0,35.0,11,12,2018
2018-12-12,59.0,86.0,63.0,40.0,34.0,12,12,2018
2018-12-13,55.0,84.0,89.0,39.0,35.0,13,12,2018
2018-12-14,55.0,91.0,92.0,39.0,42.0,14,12,2018
2018-12-15,62.0,116.0,97.0,39.0,47.0,15,12,2018
2018-12-16,85.0,111.0,86.0,39.0,45.0,16,12,2018
2018-12-17,74.0,112.0,68.0,39.0,43.0,17,12,2018
2018-12-18,72.0,84.0,36.0,39.0,19.0,18,12,2018
2018-12-19,49.0,87.0,58.0,39.0,24.0,19,12,2018
2018-12-20,49.0,103.0,66.0,39.0,37.0,20,12,2018
2018-12-21,60.0,102.0,67.0,39.0,46.0,21,12,2018
2018-12-22,63.0,115.0,84.0,39.0,53.0,22,12,2018
2018-12-23,77.0,112.0,66.0,39.0,63.0,23,12,2018
2018-12-24,75.0,92.0,62.0,41.0,47.0,24,12,2018
2018-12-25,70.0,94.0,48.0,39.0,47.0,25,12,2018
2018-12-26,74.0,91.0,18.0,39.0,47.0,26,12,2018
2018-12-27,72.0,101.0,87.0,39.0,50.0,27,12,2018
2018-12-28,97.0,105.0,35.0,39.0,51.0,28,12,2018
2018-12-29,73.0,107.0,35.0,39.0,50.0,29,12,2018
2018-12-30,72.0,101.5,70.5,39.0,45.5,30,12,2018
2018-12-31,72.0,140.0,92.0,39.0,64.0,31,12,2018
2019-01-01,114.0,128.0,80.0,39.0,68.0,1,1,2019
2019-01-02,97.0,139.0,71.0,41.0,72.0,2,1,2019
2019-01-03,109.0,133.0,90.0,41.0,71.0,3,1,2019
2019-01-04,104.0,140.0,93.0,41.0,71.0,4,1,2019
2019-01-05,114.0,118.0,89.0,41.0,68.0,5,1,2019
2019-01-06,88.0,111.0,85.0,41.0,61.0,6,1,2019
2019-01-07,77.0,140.0,87.0,39.0,59.0,7,1,2019
2019-01-08,100.0,144.0,90.0,38.0,59.0,8,1,2019
2019-01-09,112.0,156.0,96.0,37.0,65.0,9,1,2019
2019-01-10,128.0,142.0,107.0,35.0,65.0,10,1,2019
2019-01-11,110.0,132.0,84.0,34.0,63.0,11,1,2019
2019-01-12,102.0,130.0,101.0,34.0,59.0,12,1,2019
2019-01-13,97.0,117.0,96.0,34.0,57.0,13,1,2019
2019-01-14,82.0,117.0,81.0,33.0,55.0,14,1,2019
2019-01-15,81.0,124.0,76.0,34.0,48.0,15,1,2019
2019-01-16,81.0,122.0,32.0,35.0,46.0,16,1,2019
2019-01-17,74.0,126.0,79.0,35.0,58.0,17,1,2019
2019-01-18,80.0,150.0,77.0,34.0,51.0,18,1,2019
2019-01-19,103.0,179.0,95.0,34.0,49.0,19,1,2019
2019-01-20,111.0,150.0,41.0,34.0,39.0,20,1,2019
2019-01-21,101.0,99.0,52.0,33.0,37.0,21,1,2019
2019-01-22,81.0,73.0,55.0,32.0,29.0,22,1,2019
2019-01-23,48.0,69.0,83.0,32.0,22.0,23,1,2019
2019-01-24,44.0,87.0,87.0,32.0,18.0,24,1,2019
2019-01-25,55.0,95.0,77.0,32.0,15.0,25,1,2019
2019-01-26,57.0,102.0,70.0,32.0,16.0,26,1,2019
2019-01-27,67.0,98.0,75.0,32.0,17.0,27,1,2019
2019-01-28,66.0,84.0,82.0,32.0,18.0,28,1,2019
2019-01-29,49.0,107.0,87.0,33.0,17.0,29,1,2019
2019-01-30,64.0,117.0,95.0,33.0,21.0,30,1,2019
2019-01-31,73.0,127.0,102.0,34.0,27.0,31,1,2019
2019-02-01,84.0,110.0,94.0,33.0,28.0,1,2,2019
2019-02-02,71.0,104.0,89.0,32.0,28.0,2,2,2019
2019-02-03,65.0,102.0,80.0,33.0,27.0,3,2,2019
2019-02-04,63.0,111.0,79.0,34.0,27.0,4,2,2019
2019-02-05,64.0,106.0,91.0,33.0,28.0,5,2,2019
2019-02-06,68.0,88.0,79.0,33.0,21.0,6,2,2019
2019-02-07,57.0,66.0,83.0,32.0,10.0,7,2,2019
2019-02-08,42.0,110.0,76.0,32.0,20.0,8,2,2019
2019-02-09,70.0,129.0,96.0,34.0,44.0,9,2,2019
2019-02-10,89.0,78.0,91.0,32.0,58.0,10,2,2019
2019-02-11,103.0,68.0,81.0,30.0,65.0,11,2,2019
2019-02-12,84.0,71.0,82.0,30.0,68.0,12,2,2019
2019-02-13,72.0,59.0,89.0,30.0,61.0,13,2,2019
2019-02-14,59.0,55.0,70.0,31.0,54.0,14,2,2019
2019-02-15,51.0,87.0,93.0,34.0,45.0,15,2,2019
2019-02-16,52.0,96.0,133.0,35.0,42.0,16,2,2019
2019-02-17,62.0,95.0,147.0,35.0,44.0,17,2,2019
2019-02-18,61.0,101.0,147.0,35.0,46.0,18,2,2019
2019-02-19,65.0,104.0,122.0,35.0,45.0,19,2,2019
2019-02-20,66.0,89.0,121.0,35.0,50.0,20,2,2019
2019-02-21,64.0,82.0,111.0,35.0,49.0,21,2,2019
2019-02-22,60.0,82.0,90.0,38.0,49.0,22,2,2019
2019-02-23,59.0,84.0,110.0,39.0,46.0,23,2,2019
2019-02-24,53.0,74.0,109.0,38.0,42.0,24,2,2019
2019-02-25,49.0,72.0,80.0,39.0,36.0,25,2,2019
2019-02-26,44.0,78.0,50.0,40.0,29.0,26,2,2019
2019-02-27,47.0,91.0,62.0,39.0,30.0,27,2,2019
2019-02-28,62.0,106.0,66.0,39.0,38.0,28,2,2019
2019-03-01,79.0,117.0,126.0,42.0,47.0,1,3,2019
2019-03-02,74.0,83.0,125.0,39.0,39.0,2,3,2019
2019-03-03,52.0,47.0,101.0,38.0,25.0,3,3,2019
2019-03-04,31.0,55.0,42.0,42.0,21.0,4,3,2019
2019-03-05,41.0,59.0,36.0,42.0,25.0,5,3,2019
2019-03-06,47.0,75.0,96.0,40.0,43.0,6,3,2019
2019-03-07,41.0,83.0,129.0,39.0,42.0,7,3,2019
2019-03-08,50.0,93.0,126.0,39.0,41.0,8,3,2019
2019-03-09,58.0,96.0,139.0,38.0,38.0,9,3,2019
2019-03-10,59.0,92.0,97.0,38.0,35.0,10,3,2019
2019-03-11,55.0,89.0,91.0,38.0,34.0,11,3,2019
2019-03-12,53.0,86.0,98.0,38.0,30.0,12,3,2019
2019-03-13,56.0,72.0,96.0,38.0,30.0,13,3,2019
2019-03-14,50.0,74.0,108.0,38.0,29.0,14,3,2019
2019-03-15,47.0,91.0,132.0,39.0,32.0,15,3,2019
2019-03-16,53.0,81.0,162.0,38.0,40.0,16,3,2019
2019-03-17,50.0,76.0,168.0,38.0,31.0,17,3,2019
2019-03-18,47.0,85.0,153.0,38.0,31.0,18,3,2019
2019-03-19,54.0,70.0,164.0,39.0,48.0,19,3,2019
2019-03-20,41.0,66.0,132.0,38.0,89.0,20,3,2019
2019-03-21,49.0,56.0,95.0,37.0,85.0,21,3,2019
2019-03-22,34.0,67.0,128.0,38.0,83.0,22,3,2019
2019-03-23,40.0,94.0,125.0,39.0,85.0,23,3,2019
2019-03-24,58.0,99.0,111.0,38.0,87.0,24,3,2019
2019-03-25,61.0,91.0,103.0,38.0,86.0,25,3,2019
2019-03-26,60.0,93.0,81.0,39.0,82.0,26,3,2019
2019-03-27,59.0,92.0,105.0,38.0,82.0,27,3,2019
2019-03-28,59.0,82.0,130.0,39.0,81.0,28,3,2019
2019-03-29,53.0,79.0,124.0,38.0,78.0,29,3,2019
2019-03-30,54.0,76.0,118.0,37.0,77.0,30,3,2019
2019-03-31,52.0,68.0,107.0,37.0,73.0,31,3,2019
2019-04-01,43.0,57.0,98.0,37.0,69.0,1,4,2019
2019-04-02,34.0,60.0,96.0,37.0,69.0,2,4,2019
2019-04-03,39.0,71.0,135.0,36.0,73.0,3,4,2019
2019-04-04,34.0,72.0,157.0,36.0,69.0,4,4,2019
2019-04-05,19.0,56.0,123.0,34.0,67.0,5,4,2019
2019-04-06,22.0,54.0,126.0,34.0,65.0,6,4,2019
2019-04-07,19.0,57.0,119.0,36.0,66.0,7,4,2019
2019-04-08,22.0,56.0,133.0,36.0,67.0,8,4,2019
2019-04-09,18.0,59.0,118.0,36.0,69.0,9,4,2019
2019-04-10,21.0,62.0,107.0,36.0,72.0,10,4,2019
2019-04-11,31.0,60.0,87.0,36.0,68.0,11,4,2019
2019-04-12,33.0,51.0,69.0,36.0,65.0,12,4,2019
2019-04-13,28.0,51.0,69.0,35.0,65.0,13,4,2019
2019-04-14,28.0,51.0,69.0,35.0,65.0,14,4,2019
2019-04-15,28.0,51.0,69.0,35.0,65.0,15,4,2019
2019-04-16,28.0,51.0,69.0,35.0,65.0,16,4,2019
2019-04-17,28.0,54.0,69.0,37.0,69.0,17,4,2019
2019-04-18,30.0,51.0,69.0,37.0,69.0,18,4,2019
2019-04-19,28.0,54.0,69.0,37.0,69.0,19,4,2019
2019-04-20,30.0,54.0,69.0,37.0,69.0,20,4,2019
2019-04-21,30.0,54.0,69.0,37.0,69.0,21,4,2019
2019-04-22,30.0,54.0,69.0,37.0,69.0,22,4,2019
2019-04-23,30.0,54.0,73.0,41.0,52.0,23,4,2019
2019-04-24,30.0,54.0,80.0,39.0,52.0,24,4,2019
2019-04-25,40.0,57.0,60.0,37.0,20.0,25,4,2019
2019-04-26,45.0,63.0,74.0,36.0,18.0,26,4,2019
2019-04-27,38.0,68.0,75.0,35.0,24.0,27,4,2019
2019-04-28,35.0,66.0,62.0,33.0,6.0,28,4,2019
2019-04-29,34.0,65.0,37.0,33.0,43.0,29,4,2019
2019-04-30,35.0,62.0,33.0,33.0,73.0,30,4,2019
2019-05-01,33.0,62.0,46.0,33.0,64.0,1,5,2019
2019-05-02,34.0,60.0,39.0,33.0,60.0,2,5,2019
2019-05-03,32.0,55.0,33.0,33.0,57.0,3,5,2019
2019-05-04,33.0,54.0,39.0,33.0,56.0,4,5,2019
2019-05-05,35.0,50.0,47.0,33.0,57.0,5,5,2019
2019-05-06,33.0,52.0,38.0,33.0,55.0,6,5,2019
2019-05-07,36.0,44.0,53.0,33.0,33.0,7,5,2019
2019-05-08,50.0,37.0,62.0,33.0,54.0,8,5,2019
2019-05-09,33.0,32.0,63.0,33.0,54.0,9,5,2019
2019-05-10,31.0,33.0,57.0,35.0,53.0,10,5,2019
2019-05-11,32.0,36.0,70.0,35.0,55.0,11,5,2019
2019-05-12,33.0,42.0,65.0,35.0,55.0,12,5,2019
2019-05-13,30.0,46.0,61.0,35.0,54.0,13,5,2019
2019-05-14,31.0,53.0,67.0,35.0,57.0,14,5,2019
2019-05-15,33.0,54.0,61.0,35.0,59.0,15,5,2019
2019-05-16,41.0,55.0,52.0,34.0,58.0,16,5,2019
2019-05-17,38.0,59.0,48.0,34.0,57.0,17,5,2019
2019-05-18,34.0,56.0,56.0,34.0,52.0,18,5,2019
2019-05-19,32.0,42.0,74.0,33.0,48.0,19,5,2019
2019-05-20,27.0,46.0,73.0,33.0,54.0,20,5,2019
2019-05-21,27.0,48.0,71.0,33.0,51.0,21,5,2019
2019-05-22,31.0,49.0,65.0,33.0,53.0,22,5,2019
2019-05-23,30.0,49.0,63.0,35.0,51.0,23,5,2019
2019-05-24,29.0,56.0,63.0,35.0,52.0,24,5,2019
2019-05-25,30.0,54.0,74.0,35.0,51.0,25,5,2019
2019-05-26,34.0,51.0,70.0,35.0,52.0,26,5,2019
2019-05-27,31.0,64.0,62.0,35.0,54.0,27,5,2019
2019-05-28,34.0,57.0,58.0,35.0,54.0,28,5,2019
2019-05-29,43.0,50.0,64.0,34.0,56.0,29,5,2019
2019-05-30,34.0,48.0,68.0,34.0,52.0,30,5,2019
2019-05-31,32.0,43.0,52.0,34.0,52.0,31,5,2019
2019-06-01,31.0,40.0,58.0,35.0,52.0,1,6,2019
2019-06-02,32.0,40.0,40.0,34.0,52.0,2,6,2019
2019-06-03,33.0,37.0,51.0,34.0,53.0,3,6,2019
2019-06-04,32.0,40.0,48.0,34.0,53.0,4,6,2019
2019-06-05,33.0,44.0,48.0,34.0,55.0,5,6,2019
2019-06-06,34.0,45.0,59.0,34.0,56.0,6,6,2019
2019-06-07,34.0,45.0,78.0,34.0,70.0,7,6,2019
2019-06-08,38.0,38.0,63.0,34.0,68.0,8,6,2019
2019-06-09,35.0,38.0,30.0,34.0,73.0,9,6,2019
2019-06-10,36.0,36.0,53.0,34.0,77.0,10,6,2019
2019-06-11,34.0,33.0,44.0,32.0,69.0,11,6,2019
2019-06-12,31.0,29.0,6.0,34.0,64.0,12,6,2019
2019-06-13,27.0,34.0,7.0,34.0,64.0,13,6,2019
2019-06-14,32.0,39.0,8.0,34.0,64.0,14,6,2019
2019-06-15,37.0,39.0,8.0,34.0,64.0,15,6,2019
2019-06-16,37.0,39.0,8.0,34.0,56.0,16,6,2019
2019-06-17,37.0,29.0,6.0,34.0,47.0,17,6,2019
2019-06-18,26.0,31.0,6.0,34.0,46.0,18,6,2019
2019-06-19,28.0,29.0,17.0,32.0,45.0,19,6,2019
2019-06-20,27.0,29.0,43.0,34.0,46.0,20,6,2019
2019-06-21,27.0,30.0,38.0,34.0,44.0,21,6,2019
2019-06-22,27.0,31.0,37.0,34.0,41.0,22,6,2019
2019-06-23,29.0,34.0,39.0,34.0,47.0,23,6,2019
2019-06-24,32.0,35.0,37.0,34.0,47.0,24,6,2019
2019-06-25,31.0,37.0,39.0,34.0,42.0,25,6,2019
2019-06-26,27.0,36.0,39.0,34.0,43.0,26,6,2019
2019-06-27,25.0,39.0,30.0,34.0,42.0,27,6,2019
2019-06-28,28.0,35.0,30.0,34.0,43.0,28,6,2019
2019-06-29,25.0,33.0,34.0,34.0,40.0,29,6,2019
2019-06-30,23.0,34.0,31.0,34.0,41.0,30,6,2019
2019-07-01,24.0,34.0,31.0,33.0,40.0,1,7,2019
2019-07-02,24.0,42.0,30.0,34.0,37.0,2,7,2019
2019-07-03,30.0,43.0,33.0,34.0,37.0,3,7,2019
2019-07-04,31.0,38.0,33.0,34.0,37.0,4,7,2019
2019-07-05,28.0,32.0,30.0,34.0,39.0,5,7,2019
2019-07-06,22.0,29.0,30.0,34.0,38.0,6,7,2019
2019-07-07,20.0,40.0,29.0,34.0,38.0,7,7,2019
2019-07-08,31.0,41.0,29.0,34.0,38.0,8,7,2019
2019-07-09,29.0,39.0,30.0,34.0,36.0,9,7,2019
2019-07-10,28.0,39.0,30.0,34.0,36.0,10,7,2019
2019-07-11,28.0,45.0,29.0,34.0,36.0,11,7,2019
2019-07-12,28.0,44.0,31.0,33.0,33.0,12,7,2019
2019-07-13,29.0,37.0,31.0,34.0,30.0,13,7,2019
2019-07-14,26.0,41.0,35.0,34.0,31.0,14,7,2019
2019-07-15,29.0,40.0,31.0,34.0,30.0,15,7,2019
2019-07-16,29.0,41.0,30.0,34.0,30.0,16,7,2019
2019-07-17,29.0,41.0,38.0,34.0,30.0,17,7,2019
2019-07-18,30.0,42.0,37.0,34.0,32.0,18,7,2019
2019-07-19,31.0,49.0,45.0,34.0,43.0,19,7,2019
2019-07-20,37.0,52.0,61.0,34.0,47.0,20,7,2019
2019-07-21,38.0,41.0,86.0,34.0,42.0,21,7,2019
2019-07-22,29.0,40.0,34.0,34.0,36.0,22,7,2019
2019-07-23,28.0,42.0,41.0,34.0,32.0,23,7,2019
2019-07-24,30.0,47.0,58.0,34.0,37.0,24,7,2019
2019-07-25,36.0,50.0,58.0,34.0,42.0,25,7,2019
2019-07-26,38.0,36.0,55.0,34.0,40.0,26,7,2019
2019-07-27,25.0,36.0,63.0,34.0,37.0,27,7,2019
2019-07-28,26.0,37.0,57.0,34.0,36.0,28,7,2019
2019-07-29,26.0,36.0,55.0,34.0,36.0,29,7,2019
2019-07-30,25.0,36.0,57.0,34.0,34.0,30,7,2019
2019-07-31,25.0,40.0,55.0,34.0,34.0,31,7,2019
2019-08-01,29.0,39.0,48.0,34.0,37.0,1,8,2019
2019-08-02,28.0,30.0,28.0,34.0,43.0,2,8,2019
2019-08-03,25.0,27.0,31.0,34.0,43.0,3,8,2019
2019-08-04,24.0,27.0,27.0,34.0,44.0,4,8,2019
2019-08-05,24.0,27.0,28.0,34.0,43.0,5,8,2019
2019-08-06,24.0,28.0,27.0,34.0,43.0,6,8,2019
2019-08-07,25.0,31.0,33.0,34.0,41.0,7,8,2019
2019-08-08,31.0,30.0,34.0,34.0,37.0,8,8,2019
2019-08-09,31.0,26.0,32.0,34.0,40.0,9,8,2019
2019-08-10,27.0,39.0,31.0,34.0,42.0,10,8,2019
2019-08-11,41.0,23.0,26.0,34.0,38.0,11,8,2019
2019-08-12,24.0,22.0,31.0,34.0,39.0,12,8,2019
2019-08-13,23.0,33.0,34.0,34.0,45.0,13,8,2019
2019-08-14,34.0,33.0,30.0,34.0,40.0,14,8,2019
2019-08-15,34.0,26.0,30.0,34.0,41.0,15,8,2019
2019-08-16,27.0,28.0,35.0,34.0,39.0,16,8,2019
2019-08-17,29.0,30.0,36.0,34.0,39.0,17,8,2019
2019-08-18,32.0,30.0,38.0,34.0,41.0,18,8,2019
2019-08-19,32.0,38.0,45.0,25.0,44.0,19,8,2019
2019-08-20,39.0,33.0,36.0,31.0,45.0,20,8,2019
2019-08-21,34.0,33.0,32.0,34.0,43.0,21,8,2019
2019-08-22,35.0,33.0,27.0,34.0,42.0,22,8,2019
2019-08-23,35.0,32.0,32.0,34.0,40.0,23,8,2019
2019-08-24,34.0,35.0,38.0,34.0,39.0,24,8,2019
2019-08-25,37.0,39.0,37.0,34.0,39.0,25,8,2019
2019-08-26,41.0,36.0,34.0,34.0,42.0,26,8,2019
2019-08-27,38.0,31.0,35.0,34.0,44.0,27,8,2019
2019-08-28,32.0,32.0,36.0,35.0,40.0,28,8,2019
2019-08-29,34.0,32.0,31.0,47.0,42.0,29,8,2019
2019-08-30,33.0,33.0,29.0,51.0,40.0,30,8,2019
2019-08-31,35.0,23.0,30.0,54.0,39.0,31,8,2019
2019-09-01,24.0,26.0,26.0,53.0,36.0,1,9,2019
2019-09-02,27.0,34.0,30.0,64.0,34.0,2,9,2019
2019-09-03,34.0,33.0,29.0,83.0,41.0,3,9,2019
2019-09-04,34.0,40.0,29.0,24.0,42.0,4,9,2019
2019-09-05,42.0,32.0,28.0,18.0,38.0,5,9,2019
2019-09-06,33.0,35.0,29.0,12.0,39.0,6,9,2019
2019-09-07,36.0,34.0,29.0,13.0,40.0,7,9,2019
2019-09-08,36.0,34.0,29.0,12.0,43.0,8,9,2019
2019-09-09,36.0,33.0,28.0,9.0,39.0,9,9,2019
2019-09-10,34.0,32.0,30.0,8.0,38.0,10,9,2019
2019-09-11,33.0,39.0,29.0,10.0,37.0,11,9,2019
2019-09-12,41.0,29.0,29.0,10.0,33.0,12,9,2019
2019-09-13,30.0,30.0,29.0,13.0,37.0,13,9,2019
2019-09-14,31.0,35.0,35.0,17.0,33.0,14,9,2019
2019-09-15,36.0,35.0,33.0,14.0,38.0,15,9,2019
2019-09-16,36.0,24.0,32.0,7.0,37.0,16,9,2019
2019-09-17,24.0,36.0,32.0,9.0,43.0,17,9,2019
2019-09-18,37.0,35.0,42.0,13.0,57.0,18,9,2019
2019-09-19,36.0,42.0,32.0,14.0,55.0,19,9,2019
2019-09-20,44.0,35.0,40.0,14.0,47.0,20,9,2019
2019-09-21,37.0,30.0,36.0,16.0,41.0,21,9,2019
2019-09-22,31.0,29.0,45.0,14.0,42.0,22,9,2019
2019-09-23,30.0,29.0,39.0,8.0,43.0,23,9,2019
2019-09-24,30.0,29.0,33.0,7.0,52.0,24,9,2019
2019-09-25,30.0,29.0,33.0,7.0,52.0,25,9,2019
2019-09-26,30.0,29.0,33.0,7.0,52.0,26,9,2019
2019-09-27,30.0,29.0,33.0,7.0,52.0,27,9,2019
2019-09-28,30.0,29.0,33.0,7.0,52.0,28,9,2019
2019-09-29,30.0,29.0,33.0,7.0,52.0,29,9,2019
2019-09-30,30.0,29.0,33.0,7.0,52.0,30,9,2019
2019-10-01,30.0,29.0,33.0,7.0,52.0,1,10,2019
2019-10-02,30.0,29.0,33.0,7.0,52.0,2,10,2019
2019-10-03,30.0,29.0,33.0,7.0,52.0,3,10,2019
2019-10-04,30.0,29.0,33.0,7.0,52.0,4,10,2019
2019-10-05,30.0,29.0,33.0,7.0,52.0,5,10,2019
2019-10-06,30.0,29.0,33.0,7.0,52.0,6,10,2019
2019-10-07,30.0,29.0,33.0,7.0,52.0,7,10,2019
2019-10-08,30.0,29.0,33.0,7.0,52.0,8,10,2019
2019-10-09,30.0,29.0,33.0,7.0,52.0,9,10,2019
2019-10-10,30.0,29.0,33.0,7.0,52.0,10,10,2019
2019-10-11,30.0,29.0,33.0,7.0,52.0,11,10,2019
2019-10-12,30.0,29.0,33.0,7.0,52.0,12,10,2019
2019-10-13,30.0,29.0,33.0,7.0,52.0,13,10,2019
2019-10-14,30.0,29.0,33.0,7.0,52.0,14,10,2019
2019-10-15,30.0,29.0,33.0,7.0,52.0,15,10,2019
2019-10-16,30.0,29.0,33.0,7.0,52.0,16,10,2019
2019-10-17,30.0,29.0,33.0,7.0,52.0,17,10,2019
2019-10-18,30.0,29.0,33.0,7.0,52.0,18,10,2019
2019-10-19,30.0,29.0,27.0,57.0,17.0,19,10,2019
2019-10-20,30.0,27.0,46.0,58.0,24.0,20,10,2019
2019-10-21,29.0,26.0,41.0,58.0,32.0,21,10,2019
2019-10-22,46.0,27.0,36.0,57.0,36.0,22,10,2019
2019-10-23,29.0,25.0,30.0,57.0,40.0,23,10,2019
2019-10-24,28.0,16.0,35.0,57.0,18.0,24,10,2019
2019-10-25,21.0,16.0,36.0,56.0,18.0,25,10,2019
2019-10-26,21.0,16.0,46.0,57.0,12.0,26,10,2019
2019-10-27,21.0,60.0,38.0,58.0,11.0,27,10,2019
2019-10-28,63.0,42.0,49.0,58.0,28.0,28,10,2019
2019-10-29,45.0,39.0,58.0,58.0,43.0,29,10,2019
2019-10-30,43.0,42.0,59.0,58.0,41.0,30,10,2019
2019-10-31,45.0,42.0,59.0,58.0,41.0,31,10,2019
2019-11-01,45.0,36.0,43.0,58.0,46.0,1,11,2019
2019-11-02,32.0,41.0,52.0,56.0,54.0,2,11,2019
2019-11-03,44.0,29.0,42.0,55.0,49.0,3,11,2019
2019-11-04,33.0,31.0,46.0,57.0,76.0,4,11,2019
2019-11-05,35.0,55.0,22.0,58.0,94.0,5,11,2019
2019-11-06,57.0,59.0,18.0,57.0,92.0,6,11,2019
2019-11-07,61.0,38.0,40.0,56.0,76.0,7,11,2019
2019-11-08,41.0,42.0,48.0,56.0,73.0,8,11,2019
2019-11-09,45.0,48.0,51.0,55.0,71.0,9,11,2019
2019-11-10,51.0,80.0,53.0,55.0,82.0,10,11,2019
2019-11-11,81.0,95.0,64.0,58.0,87.0,11,11,2019
2019-11-12,94.0,105.0,62.0,58.0,87.0,12,11,2019
2019-11-13,111.0,100.0,68.0,58.0,84.0,13,11,2019
2019-11-14,101.0,106.0,62.0,51.0,90.0,14,11,2019
2019-11-15,115.0,109.0,71.0,54.0,90.0,15,11,2019
2019-11-16,121.0,115.0,69.0,58.0,91.0,16,11,2019
2019-11-17,138.0,95.0,83.0,58.0,81.0,17,11,2019
2019-11-18,95.0,122.0,66.0,52.0,98.0,18,11,2019
2019-11-19,159.0,129.0,72.0,55.0,101.0,19,11,2019
2019-11-20,178.0,122.0,27.0,58.0,104.0,20,11,2019
2019-11-21,161.0,122.0,56.0,58.0,97.0,21,11,2019
2019-11-22,159.0,129.0,72.0,58.0,97.0,22,11,2019
2019-11-23,180.0,142.0,67.0,58.0,99.0,23,11,2019
2019-11-24,215.0,150.0,64.0,58.0,100.0,24,11,2019
2019-11-25,237.0,151.0,63.0,58.0,97.0,25,11,2019
2019-11-26,240.0,143.0,61.0,58.0,93.0,26,11,2019
2019-11-27,218.0,130.0,58.0,58.0,96.0,27,11,2019
2019-11-28,181.0,120.0,58.0,58.0,95.0,28,11,2019
2019-11-29,153.0,116.0,30.0,58.0,99.0,29,11,2019
2019-11-30,144.0,106.0,58.0,58.0,91.0,30,11,2019
2019-12-01,137.5,117.0,51.0,58.0,80.0,1,12,2019
2019-12-02,144.0,94.0,48.0,58.0,83.0,2,12,2019
2019-12-03,98.0,98.0,66.0,58.0,86.0,3,12,2019
2019-12-04,99.0,122.0,79.0,58.0,91.0,4,12,2019
2019-12-05,160.0,129.0,69.0,58.0,95.0,5,12,2019
2019-12-06,180.0,138.0,69.0,57.0,92.0,6,12,2019
2019-12-07,202.0,126.0,56.0,56.0,89.0,7,12,2019
2019-12-08,170.0,128.0,50.0,58.0,93.0,8,12,2019
2019-12-09,177.0,113.0,38.0,58.0,97.0,9,12,2019
2019-12-10,133.0,112.0,38.0,58.0,94.0,10,12,2019
2019-12-11,130.0,112.0,38.0,58.0,95.0,11,12,2019
2019-12-12,131.0,99.0,24.0,58.0,86.0,12,12,2019
2019-12-13,102.0,92.0,34.0,58.0,82.0,13,12,2019
2019-12-14,91.0,105.0,39.0,58.0,91.0,14,12,2019
2019-12-15,110.0,112.0,44.0,58.0,93.0,15,12,2019
2019-12-16,131.0,111.0,51.0,58.0,86.0,16,12,2019
2019-12-17,125.0,116.0,54.0,57.0,80.0,17,12,2019
2019-12-18,133.0,132.0,39.0,57.0,95.0,18,12,2019
2019-12-19,187.0,131.0,27.0,58.0,97.0,19,12,2019
2019-12-20,184.0,137.0,48.0,58.0,72.0,20,12,2019
2019-12-21,201.0,134.0,44.0,57.0,57.0,21,12,2019
2019-12-22,191.0,132.0,45.0,58.0,55.0,22,12,2019
2019-12-23,189.0,130.0,30.0,58.0,52.0,23,12,2019
2019-12-24,182.0,114.0,38.0,58.0,51.0,24,12,2019
2019-12-25,135.0,105.0,26.0,58.0,44.0,25,12,2019
2019-12-26,111.0,94.0,28.0,58.0,35.0,26,12,2019
2019-12-27,95.0,116.0,41.0,58.0,43.0,27,12,2019
2019-12-28,140.0,120.0,31.0,58.0,41.0,28,12,2019
2019-12-29,152.0,116.0,41.0,58.0,86.0,29,12,2019
2019-12-30,137.5,116.0,41.0,58.0,86.0,30,12,2019
2019-12-31,137.5,87.0,27.0,56.0,45.0,31,12,2019
2021-01-01,216.0,130.0,48.0,61.0,51.0,1,1,2021
2021-01-02,199.0,135.0,36.0,52.0,51.0,2,1,2021
2021-01-03,212.0,139.0,48.0,101.0,51.0,3,1,2021
2021-01-04,226.0,127.0,48.0,101.0,51.0,4,1,2021
2021-01-05,193.0,120.0,12.0,63.0,104.0,5,1,2021
2021-01-06,171.0,116.0,28.0,61.0,51.0,6,1,2021
2021-01-07,162.0,92.0,28.0,49.0,51.0,7,1,2021
2021-01-08,118.0,75.0,12.0,46.0,51.0,8,1,2021
2021-01-09,76.0,95.0,26.0,59.0,51.0,9,1,2021
2021-01-10,107.0,98.0,32.0,60.0,51.0,10,1,2021
2021-01-11,107.0,91.0,32.0,52.0,51.0,11,1,2021
2021-01-12,93.0,104.0,36.0,53.0,51.0,12,1,2021
2021-01-13,123.0,103.0,36.0,36.0,51.0,13,1,2021
2021-01-14,121.0,105.0,36.0,39.0,51.0,14,1,2021
2021-01-15,123.0,107.0,46.0,43.0,51.0,15,1,2021
2021-01-16,125.0,107.0,46.0,49.0,51.0,16,1,2021
2021-01-17,126.0,108.0,46.0,43.0,51.0,17,1,2021
2021-01-18,131.0,114.0,40.0,41.0,51.0,18,1,2021
2021-01-19,151.0,117.0,36.0,51.0,51.0,19,1,2021
2021-01-20,159.0,100.0,30.0,46.0,51.0,20,1,2021
2021-01-21,114.0,106.0,46.0,47.0,51.0,21,1,2021
2021-01-22,127.0,124.0,46.0,55.0,51.0,22,1,2021
2021-01-23,183.0,120.0,46.0,53.0,51.0,23,1,2021
2021-01-24,168.0,107.0,46.0,47.0,104.0,24,1,2021
2021-01-25,127.0,122.0,38.0,38.0,51.0,25,1,2021
2021-01-26,171.0,114.0,44.0,50.0,51.0,26,1,2021
2021-01-27,185.0,112.0,46.0,52.0,51.0,27,1,2021
2021-01-28,158.0,127.0,46.0,49.0,51.0,28,1,2021
2021-01-29,194.0,122.0,42.0,43.0,51.0,29,1,2021
2021-01-30,177.0,113.0,46.0,47.0,51.0,30,1,2021
2021-01-31,148.0,113.0,46.0,50.0,51.0,31,1,2021
2021-02-01,145.0,120.0,42.0,51.0,51.0,1,2,2021
2021-02-02,171.0,119.0,42.0,37.0,51.0,2,2,2021
2021-02-03,168.0,124.0,38.0,39.0,51.0,3,2,2021
2021-02-04,183.0,123.0,36.0,26.0,51.0,4,2,2021
2021-02-05,181.0,116.0,46.0,44.0,51.0,5,2,2021
2021-02-06,156.0,105.0,46.0,50.0,51.0,6,2,2021
2021-02-07,119.0,118.0,51.0,44.0,51.0,7,2,2021
2021-02-08,161.0,114.0,51.0,31.0,51.0,8,2,2021
2021-02-09,149.0,110.0,46.0,43.0,51.0,9,2,2021
2021-02-10,137.0,120.0,48.0,41.0,51.0,10,2,2021
2021-02-11,170.0,123.0,55.0,43.0,51.0,11,2,2021
2021-02-12,177.0,138.0,57.0,62.0,77.0,12,2,2021
2021-02-13,225.0,155.0,75.0,54.0,51.0,13,2,2021
2021-02-14,279.0,143.0,75.0,47.0,51.0,14,2,2021
2021-02-15,240.0,126.0,48.0,50.0,51.0,15,2,2021
2021-02-16,190.0,118.0,30.0,51.0,51.0,16,2,2021
2021-02-17,143.0,111.0,30.0,39.0,51.0,17,2,2021
2021-02-18,139.0,92.0,32.0,32.0,51.0,18,2,2021
2021-02-19,105.0,105.0,36.0,38.0,51.0,19,2,2021
2021-02-20,138.0,113.0,46.0,41.0,51.0,20,2,2021
2021-02-21,147.0,110.0,46.0,44.0,51.0,21,2,2021
2021-02-22,137.0,115.0,34.0,57.0,51.0,22,2,2021
2021-02-23,155.0,118.0,42.0,52.0,51.0,23,2,2021
2021-02-24,164.0,121.0,65.0,33.0,51.0,24,2,2021
2021-02-25,174.0,109.0,96.0,53.0,51.0,25,2,2021
2021-02-26,124.0,97.0,96.0,70.0,104.0,26,2,2021
2021-02-27,95.0,96.0,46.0,54.0,51.0,27,2,2021
2021-02-28,102.0,93.0,110.0,68.0,51.0,28,2,2021
2021-03-01,92.0,90.0,110.0,81.0,118.0,1,3,2021
2021-03-02,107.0,100.0,80.0,69.0,81.0,2,3,2021
2021-03-03,130.0,103.0,71.0,79.0,51.0,3,3,2021
2021-03-04,106.0,105.0,71.0,93.0,118.0,4,3,2021
2021-03-05,112.0,106.0,69.0,88.0,81.0,5,3,2021
2021-03-06,104.0,114.0,69.0,189.0,51.0,6,3,2021
2021-03-07,146.0,103.0,90.0,140.0,81.0,7,3,2021
2021-03-08,113.0,97.0,90.0,88.0,51.0,8,3,2021
2021-03-09,91.0,103.0,88.0,85.0,81.0,9,3,2021
2021-03-10,103.0,103.0,53.0,88.0,133.0,10,3,2021
2021-03-11,105.0,101.0,14.0,75.0,104.0,11,3,2021
2021-03-12,99.0,109.0,73.0,68.0,81.0,12,3,2021
2021-03-13,119.0,111.0,73.0,78.0,81.0,13,3,2021
2021-03-14,126.0,94.0,63.0,81.0,51.0,14,3,2021
2021-03-15,90.0,98.0,71.0,66.0,118.0,15,3,2021
2021-03-16,103.0,114.0,71.0,104.0,81.0,16,3,2021
2021-03-17,141.0,118.0,80.0,120.0,51.0,17,3,2021
2021-03-18,148.0,108.0,94.0,102.0,51.0,18,3,2021
2021-03-19,124.0,107.0,94.0,98.0,77.0,19,3,2021
2021-03-20,119.0,100.0,80.0,84.0,118.0,20,3,2021
2021-03-21,125.0,105.0,80.0,77.0,81.0,21,3,2021
2021-03-22,132.0,109.0,73.0,75.0,81.0,22,3,2021
2021-03-23,113.0,117.0,73.0,87.0,104.0,23,3,2021
2021-03-24,148.0,122.0,75.0,89.0,77.0,24,3,2021
2021-03-25,167.0,138.0,75.0,71.0,81.0,25,3,2021
2021-03-26,200.0,133.0,80.0,65.0,104.0,26,3,2021
2021-03-27,184.0,123.0,80.0,79.0,51.0,27,3,2021
2021-03-28,155.0,116.0,80.0,70.0,81.0,28,3,2021
2021-03-29,140.0,112.0,76.0,62.0,77.0,29,3,2021
2021-03-30,132.0,102.0,76.0,97.0,85.0,30,3,2021
2021-03-31,101.0,103.0,73.0,99.0,104.0,31,3,2021
2021-04-01,121.0,86.0,71.0,44.0,104.0,1,4,2021
2021-04-02,91.0,80.0,63.0,69.0,104.0,2,4,2021
2021-04-03,79.0,88.0,71.0,85.0,104.0,3,4,2021
2021-04-04,96.0,105.0,71.0,88.0,104.0,4,4,2021
2021-04-05,109.0,101.0,61.0,67.0,104.0,5,4,2021
2021-04-06,97.0,102.0,67.0,43.0,104.0,6,4,2021
2021-04-07,98.0,110.0,57.0,36.0,51.0,7,4,2021
2021-04-08,116.0,104.0,82.0,32.0,104.0,8,4,2021
2021-04-09,102.0,105.0,82.0,35.0,51.0,9,4,2021
2021-04-10,104.0,122.0,59.0,42.0,51.0,10,4,2021
2021-04-11,136.0,112.0,76.0,40.0,104.0,11,4,2021
2021-04-12,111.0,96.0,76.0,40.0,104.0,12,4,2021
2021-04-13,92.0,93.0,63.0,36.0,104.0,13,4,2021
2021-04-14,89.0,92.0,63.0,33.0,104.0,14,4,2021
2021-04-15,88.0,90.0,59.0,33.0,104.0,15,4,2021
