date,pm25,pm10,o3,no2,co
2015-07-09, ,24,37,12,20
2015-07-10,21,25,37,12,24
2015-07-11,23,29,10,13,30
2015-07-12,37,34,28,14,30
2015-07-13,37,40,26,13,28
2015-07-14,38,47,21,13,28
2015-07-15,39,46,22,14,25
2015-07-16,34,71,22,14,22
2015-07-17,31,34,27,13,9
2015-07-18,31,26,27,13,9
2015-07-19,31,22,28,10,12
2015-07-20,26,22,22,17,15
2015-07-21,24,20,22,18,12
2015-07-22,20,21,27,16,13
2015-07-23,21,22,17,19,14
2015-07-24,21,21,29,18,11
2015-07-25,20,21,31,13,10
2015-07-26,24,21,26,13,11
2015-07-27,23,19,30,18,10
2015-07-28,22,21,24,16,10
2015-07-29,25,19,29,19,9
2015-07-30,23,19,17,16,12
2015-07-31,21,19,17,15,11
2015-08-01,20,23,31,11,8
2015-08-02,23,21,31,11,13
2015-08-03,26,21,19,16,35
2015-08-04,23,22,19,14,36
2015-08-05,21,23, ,14, 
2015-08-06, ,18, ,15, 
2015-08-07,14,21, ,17, 
2015-08-08,18, , , , 
2015-08-09,,,,,
2015-08-10,,,,,
2015-08-11,,,,,
2015-08-12,,,,,
2015-08-13, ,59,38,26,21
2015-08-14,44,63,38,26,21
2015-08-15,43,64, ,27, 
2015-08-16,,,,,
2015-08-17, ,56,48,23,10
2015-08-18,47,57,51,23,11
2015-08-19,49, , , , 
2015-08-20,,,,,
2015-08-21,,,,,
2015-08-22,,,,,
2015-08-23, ,31,34,38,19
2015-08-24,18,32,27,33,18
2015-08-25,23,34,50,26,21
2015-08-26,26,37,30,24,17
2015-08-27,31,34,19,23,20
2015-08-28,25,34,10,26,20
2015-08-29,23, ,10,26, 
2015-08-30,23,36,48,27,25
2015-08-31,36,37,47,31,26
2015-09-01,39, , , , 
2015-09-02,,,,,
2015-09-03, ,47,42,20,23
2015-09-04,55,52,33,31,6
2015-09-05,68,54,28,35,4
2015-09-06,74, , , , 
2015-09-07, ,41,32,21, 
2015-09-08,50,41,32,21, 
2015-09-09,50, , , , 
2015-09-10, ,29,22,18, 
2015-09-11,38,30,23,18, 
2015-09-12,38, , , , 
2015-09-13, ,41,37,10,4
2015-09-14,34,40,14,11,4
2015-09-15,32,37,16,21,10
2015-09-16,30,37,14,22,10
2015-09-17,31, ,29,9, 
2015-09-18,25,35,27,18, 
2015-09-19,22,35,19,22, 
2015-09-20,21,38,14,19,9
2015-09-21,25,40,20,20,8
2015-09-22,25,39,13, , 
2015-09-23,19,36,9,24,7
2015-09-24,24,38,18,25,21
2015-09-25,35, , , , 
2015-09-26,,,,,
2015-09-27, ,33,13,21,19
2015-09-28,28,33,13,19,19
2015-09-29,28,39,23,25,19
2015-09-30,54,41,22,35,19
2015-10-01,60,30,36,19,18
2015-10-02,28,28,13,28,19
2015-10-03,16,29,13,36,20
2015-10-04,14,20,19,20,21
2015-10-05,21,24,8,28,19
2015-10-06,33,41,38,46,13
2015-10-07,54,47,40,53,11
2015-10-08,55,46,41,43,10
2015-10-09,32,41,41,27,10
2015-10-10,24,34,36,22,10
2015-10-11,18,33,29,24,10
2015-10-12,14,36,10,31,11
2015-10-13,16,38,10,32,12
2015-10-14,19,43,33,41,12
2015-10-15,28,44,35,45,11
2015-10-16,70,37,35,43,11
2015-10-17,87,42,9,45,12
2015-10-18,90,39,32,36,11
2015-10-19,57,46,41,46,12
2015-10-20,61,51,22,44,12
2015-10-21,70,54,19,43,13
2015-10-22,73,49,41,31,11
2015-10-23,66,52,38,37,11
2015-10-24,73,45,15,38,18
2015-10-25,66,43,41,35,16
2015-10-26,56,42,41,36,15
2015-10-27,54,39,10,41,16
2015-10-28,59,51,41,40,7
2015-10-29,57,51,44,40,9
2015-10-30,52,48,43,40,10
2015-10-31,48,53,41,48,7
2015-11-01,51,58,19,47,8
2015-11-02,53,56,34,58,6
2015-11-03,48,52,46,51,5
2015-11-04,46,50,46,48,5
2015-11-05,44,53,42,46,6
2015-11-06,57,53,49,57,11
2015-11-07,57,54,48,48,35
2015-11-08,53,60,41,46,40
2015-11-09,52,53,40,39,14
2015-11-10,48,57,47,45,19
2015-11-11,54,58,47,45,6
2015-11-12,60,88,46,38, 
2015-11-13,153,88,46,38, 
2015-11-14,153, , , , 
2015-11-15, , ,44,57,44
2015-11-16, ,97,40,14,41
2015-11-17,78,108,44,9,32
2015-11-18,83,130,41, ,33
2015-11-19,93,116,33, ,31
2015-11-20,87,99,26, ,24
2015-11-21,72,89,29, ,27
2015-11-22,63,75,27, ,29
2015-11-23,51,42,24, ,29
2015-11-24,41,62,33, ,16
2015-11-25,57,74,41, ,22
2015-11-26,81,81,39, ,18
2015-11-27,108,80,50, ,21
2015-11-28,112,81,16, ,18
2015-11-29,118,82,40, ,35
2015-11-30,119,78,32, ,38
2015-12-01,99,75,33, ,42
2015-12-02,93,75,29,7,17
2015-12-03,84,71,44,7,7
2015-12-04,78,73,43,8,1
2015-12-05,85, , ,9,88
2015-12-06, ,119,37,7,52
2015-12-07,189,123,37, ,41
2015-12-08,97,128,37, ,39
2015-12-09,78,99,42,7,33
2015-12-10,74,93,36,7,33
2015-12-11,61,107,34, ,25
2015-12-12,57, , , , 
2015-12-13, ,115,12, ,50
2015-12-14,58,101,30, ,43
2015-12-15,53,111,38, ,32
2015-12-16,57,139,40, ,44
2015-12-17,67,149,26, ,37
2015-12-18,62,138,47, ,28
2015-12-19,54,115,40, ,29
2015-12-20,60,128,50, ,18
2015-12-21,68,90,28, ,29
2015-12-22,52,92,48, ,29
2015-12-23,53,105,46, ,29
2015-12-24,58,109,50, , 
2015-12-25,64,124,53, , 
2015-12-26,77,130,53, , 
2015-12-27,83,135,31, ,73
2015-12-28,86,137,8, ,88
2015-12-29,87, , , , 
2015-12-30,,,,,
2015-12-31,,,,,
2016-01-01,,,,,
2016-01-02,,,,,
2016-01-03, ,116,43,19,38
2016-01-04,73,117,10,43,88
2016-01-05,72,126,34,54,54
2016-01-06,77,128,31,55,59
2016-01-07,80,127,26,55, 
2016-01-08,81,123,46,54,29
2016-01-09,76,122,46,43,29
2016-01-10,75,119,48,36, 
2016-01-11,80,118,48,53, 
2016-01-12,81,118,53,54, 
2016-01-13,78,118,53,47, 
2016-01-14,79,99,48,17, 
2016-01-15,63,95,35,7, 
2016-01-16,65,82,27, , 
2016-01-17,60,79,34, , 
2016-01-18,55,88,55, ,59
2016-01-19,60,99,77, ,59
2016-01-20,55,105,72, ,59
2016-01-21,67,104,74, , 
2016-01-22,68,115,77, , 
2016-01-23,73,125,31, , 
2016-01-24,82,118,72, , 
2016-01-25,78,104,72, , 
2016-01-26,67,96,89, , 
2016-01-27,59,102,86, , 
2016-01-28,62,107,60, , 
2016-01-29,68, , , , 
2016-01-30, ,127,82, , 
2016-01-31,86,110,75, , 
2016-02-01,73,101,70, , 
2016-02-02,65,102,58, , 
2016-02-03,63,106,79, , 
2016-02-04,67,120,96, , 
2016-02-05,82,109,59, , 
2016-02-06,68,96,36, , 
2016-02-07,60,90,75, , 
2016-02-08,59,107,122, , 
2016-02-09,68,111,87, , 
2016-02-10,71,90,65, , 
2016-02-11,57,72,78, , 
2016-02-12,49,70,80, , 
2016-02-13,49,80,80,9, 
2016-02-14,51,104,100,9, 
2016-02-15,61,104,100,21, 
2016-02-16,63,98,98,16,104
2016-02-17,77,103,98,7,80
2016-02-18,76,86,92,7,59
2016-02-19,63,74,92,6, 
2016-02-20,62,73,96,6, 
2016-02-21,61,70,96,5, 
2016-02-22,56,90,113,7, 
2016-02-23,69,100,152,6, 
2016-02-24,73,74,152,5, 
2016-02-25,58,81,119,6, 
2016-02-26,65,96,75,7, 
2016-02-27,74,98,74,5, 
2016-02-28,77,102,94,5, 
2016-02-29,76,91,94, , 
2016-03-01,66,77,80,7, 
2016-03-02,57,69,80,8, 
2016-03-03,55,48,78,12, 
2016-03-04,29,58,80,15, 
2016-03-05,36,72,80,13, 
2016-03-06,45,67,84,13, 
2016-03-07,36,82,119,15, 
2016-03-08,46,90,119,14, 
2016-03-09,53,84,92,14, 
2016-03-10,47,96,113,15, 
2016-03-11,64,90,131,11,89
2016-03-12,55,72,149,9,59
2016-03-13,41,54,149, ,74
2016-03-14,33,51,128, ,59
2016-03-15,34,69,143, , 
2016-03-16,41,68,134, , 
2016-03-17,42,74,94, , 
2016-03-18,48,81,94,60, 
2016-03-19,49,90,76,39, 
2016-03-20,51,91,119,28, 
2016-03-21,52,98,120,32, 
2016-03-22,57,108,119,37, 
2016-03-23,67,122,110,42,62
2016-03-24,76,109,177,33,59
2016-03-25,65,79,182,23, 
2016-03-26,49,78,182, , 
2016-03-27,48,92,155,19, 
2016-03-28,53,99,155,21, 
2016-03-29,57,87,200,25,78
2016-03-30,52,83,164,27,59
2016-03-31,50,68,155,23, 
2016-04-01,42,65,158,24, 
2016-04-02,41,72,152,22, 
2016-04-03,42,72,133,19, 
2016-04-04,48,78,137,19, 
2016-04-05,47,70,114,21, 
2016-04-06,46,75,131,19, 
2016-04-07,46,71,149,17, 
2016-04-08,43,69,99,15, 
2016-04-09,40,75,118,20, 
2016-04-10,43,76,121,18, 
2016-04-11,40,68,132,20, 
2016-04-12,40,68,158,20, 
2016-04-13,40,70,122,23, 
2016-04-14,38,74,154,22, 
2016-04-15,40,69,188,20, 
2016-04-16,38,61,115,21, 
2016-04-17,37,53,119,21, 
2016-04-18,36,63,117,19, 
2016-04-19,40,82,122,24, 
2016-04-20,49,86,153,24, 
2016-04-21,51,75,191,19, 
2016-04-22,41,64,200,16, 
2016-04-23,31,50,176,15, 
2016-04-24,27,55,116,15, 
2016-04-25,30,54,136,17, 
2016-04-26,28,58,146,19, 
2016-04-27,28,69,128,21, 
2016-04-28,33,75,125,21, 
2016-04-29,40,66,134, , 
2016-04-30,38,61,155, , 
2016-05-01,36,54,185,16, 
2016-05-02,31,56,143,17, 
2016-05-03,34,60,152,19, 
2016-05-04,34,59,105,14, 
2016-05-05,34,48,112,15, 
2016-05-06,33,43,127,16, 
2016-05-07,30,57,146, , 
2016-05-08,34,55,122, , 
2016-05-09,36,52,107,22, 
2016-05-10,33,58,133,27, 
2016-05-11,31,49,140,25, 
2016-05-12,26,42,143,22, 
2016-05-13,24,45, ,22, 
2016-05-14,27, , ,21, 
2016-05-15, ,53,93,16, 
2016-05-16,37,55,113,15, 
2016-05-17,37,58,113,15, 
2016-05-18,41,58,97,13, 
2016-05-19,39,58,100,7, 
2016-05-20,30,64,111,7, 
2016-05-21,25,45,113,7, 
2016-05-22,22,39,107, , 
2016-05-23,23,26,85, , 
2016-05-24, ,39,90,8, 
2016-05-25,29,45,92,7, 
2016-05-26,30,48,82,7, 
2016-05-27,36,58,84,7, 
2016-05-28,39,57,84,9, 
2016-05-29,32,54,92,7, 
2016-05-30,30,52,113,8, 
2016-05-31,31,55,128,10, 
2016-06-01,32,62,90,12, 
2016-06-02,40,63,100, , 
2016-06-03,45,66,87,9, 
2016-06-04,51, ,48,9, 
2016-06-05,50,60,50,15, 
2016-06-06,49,71,86,16, 
2016-06-07,46,71,81,15, 
2016-06-08,48,55,91,10, 
2016-06-09,39,58,96,10, 
2016-06-10,37,60,90,10,104
2016-06-11,41,58,94,9,104
2016-06-12,43,51,88,7, 
2016-06-13,33,51,100,10,59
2016-06-14,35,57,102,13,59
2016-06-15,38,69,110,14, 
2016-06-16,43,75,113, , 
2016-06-17,47,77,113, , 
2016-06-18, ,60, ,19, 
2016-06-19,52,57,53,17, 
2016-06-20,44,50,72,16, 
2016-06-21,33,41,77,14, 
2016-06-22,28,36,80,15, 
2016-06-23,28,52,70,17, 
2016-06-24,27,52,67,19, 
2016-06-25,28,34,68, , 
2016-06-26,27,33,78, , 
2016-06-27,27,35,84,17, 
2016-06-28,25,37,82,17, 
2016-06-29,28,35,82,15, 
2016-06-30,29,37,68,16, 
2016-07-01,29,37,64,16, 
2016-07-02,28,45,62, , 
2016-07-03,76,60,43, , 
2016-07-04,152,55,46,14, 
2016-07-05,55,60,58,14, 
2016-07-06,58,62,58, , 
2016-07-07,60,56,72,16, 
2016-07-08,55,54,72,16, 
2016-07-09,53, , , , 
2016-07-10,,,,,
2016-07-11, ,55,77,14, 
2016-07-12,54,56,64,16, 
2016-07-13,54,57,32,19, 
2016-07-14,55, , , , 
2016-07-15,,,,,
2016-07-16,,,,,
2016-07-17, , ,31,35, 
2016-07-18, , ,42,22,104
2016-07-19, ,27,44,16,104
2016-07-20,26,29,49, , 
2016-07-21,27,30,50,19, 
2016-07-22,29,36,38,18, 
2016-07-23,35,51,47,17, 
2016-07-24,47,42,52,14, 
2016-07-25,40,38,54,15, 
2016-07-26,37,38,46,17, 
2016-07-27,36,37,44,18, 
2016-07-28,40, ,41,19,59
2016-07-29,45,17,48,19,59
2016-07-30,20,18,40, , 
2016-07-31,20,14,67,16, 
2016-08-01,17,15,72,16, 
2016-08-02,18,14,56,19, 
2016-08-03,17,15,46,17, 
2016-08-04,17,15,44,17,104
2016-08-05,18,13,56,17,104
2016-08-06,17,14,48,16, 
2016-08-07, ,17,48,20, 
2016-08-08,21,24,54,21, 
2016-08-09,26,26,56,19, 
2016-08-10,27,20,48,19,59
2016-08-11,23,19,67,16,72
2016-08-12,21,24,79,15,83
2016-08-13,25,27,84,14,59
2016-08-14,28,28,78,12, 
2016-08-15,29,22,95,12, 
2016-08-16,24,21,96,14, 
2016-08-17,23,18,80,15,104
2016-08-18,21,21,78,14,77
2016-08-19,25,29,75,14,59
2016-08-20,33,31,76, , 
2016-08-21,36,29,42,14, 
2016-08-22,33,24,42,17, 
2016-08-23,27,21,42,19, 
2016-08-24,21,28,41,16, 
2016-08-25,21,33,43,16, 
2016-08-26,23,23,44, , 
2016-08-27,15,17,45,14, 
2016-08-28,12,19,46,14, 
2016-08-29,15,23,36,16, 
2016-08-30,16,26,41,16, 
2016-08-31,17,28,44, , 
2016-09-01,17,26,49, , 
2016-09-02,17,25,50, , 
2016-09-03,17, , , , 
2016-09-04, ,39,64,12, 
2016-09-05,22,38,64,12, 
2016-09-06,24,40,64,15, 
2016-09-07,27,36,64,18, 
2016-09-08,27,34,65,21, 
2016-09-09, ,36,74,20, 
2016-09-10,22,35,76,17, 
2016-09-11,20,35,73,16, 
2016-09-12,18,36,74,38, 
2016-09-13,21,33,64,60, 
2016-09-14,19,31,50,45, 
2016-09-15,16,22,34,24, 
2016-09-16,9,24,29,26, 
2016-09-17,14,17,54,26, 
2016-09-18,13,14,60,21, 
2016-09-19,12,21,60,22, 
2016-09-20,15,18,49,24, 
2016-09-21,14,20,50,26, 
2016-09-22,16,35,50, , 
2016-09-23,20,43,59, , 
2016-09-24,20,46,73,22, 
2016-09-25,21,52,66,22, 
2016-09-26,28,44,55,24, 
2016-09-27,29,39,65,24, 
2016-09-28,27,44,70,23, 
2016-09-29,26,37,73,23, 
2016-09-30,27,35,58,27, 
2016-10-01,24,27,54,27, 
2016-10-02,20,19,34,28, 
2016-10-03,16,19,45,29, 
2016-10-04,13,24,52,26, 
2016-10-05,14,26,53,27, 
2016-10-06,18,31,54,27, 
2016-10-07,20,33,46,26, 
2016-10-08,20,34,44, , 
2016-10-09,22,35,46,24, 
2016-10-10,22,52,58,26, 
2016-10-11,32,61,61,23, 
2016-10-12,36,68,47,26, 
2016-10-13,40,73,46,28, 
2016-10-14,42,78,51,30, 
2016-10-15,41,84,54,33, 
2016-10-16,40,74,10,28, 
2016-10-17,39,90,67,32,37
2016-10-18,47,99,71,35,43
2016-10-19,52,88,53,34,43
2016-10-20,49,83,60,33,39
2016-10-21,46,93,69,36,36
2016-10-22,54,97,71,33,29
2016-10-23,58,98,30,25,35
2016-10-24,57,87,30,28,38
2016-10-25,53,85,56,30,39
2016-10-26,50,88,86,33,33
2016-10-27,52,93,90,35,30
2016-10-28,53,112,93,39,38
2016-10-29,64,115,96,38,28
2016-10-30,69,115,87,38,26
2016-10-31,72,98,18,26,24
2016-11-01,55,92,27,28,30
2016-11-02,53,101,32,33,26
2016-11-03,59,99,31,38,30
2016-11-04,54,96,32,40,23
2016-11-05,53,99,33,42,25
2016-11-06,53,104,83,45,33
2016-11-07,60,117,110,46,36
2016-11-08,70,120,113,48,39
2016-11-09,70,111,95,49,49
2016-11-10,67,115,113,49,42
2016-11-11,75,130,98,50,47
2016-11-12,84,132,98,52,49
2016-11-13,81,129,137,44,29
2016-11-14,76,126,137,38,19
2016-11-15,99,136,128,49,30
2016-11-16,97,134,114,47,28
2016-11-17,86,126,114,45,33
2016-11-18,77,132,92,53,31
2016-11-19,79,141,115,55,27
2016-11-20,88,143,118,55,23
2016-11-21,95,139,110,55,23
2016-11-22,92,136,114,55,30
2016-11-23,88,151,120,58,36
2016-11-24,93,164,124,60,24
2016-11-25,106,174,106,66,31
2016-11-26,130,181,77,72,46
2016-11-27,140,189,92,68,56
2016-11-28,162,157,100,58,19
2016-11-29,117,133,102,57,20
2016-11-30,86,142,100,60,33
2016-12-01,100,148,84,61,36
2016-12-02,105,139,79,58,30
2016-12-03,92,118,80,49,31
2016-12-04,71,110,77,45,37
2016-12-05,65,119,89,47,38
2016-12-06,75,125,102,51,33
2016-12-07,78,130,104,51,38
2016-12-08,82,127,86,53,39
2016-12-09,80,123,70,53,38
2016-12-10,78,116,72,52,16
2016-12-11,76, , , , 
2016-12-12, ,125,69,52,24
2016-12-13,80,115,56,53,32
2016-12-14,68,105,57,46,25
2016-12-15,58,105,52,42,30
2016-12-16,58,113,84,46,30
2016-12-17,71,107,85,46,26
2016-12-18,71,91,80,40,32
2016-12-19,56,107,78,47,23
2016-12-20,67,137,79,57,16
2016-12-21,96,138,78,59,51
2016-12-22,98,129,82,60,91
2016-12-23,85,124,82,49,103
2016-12-24,78, , ,42, 
2016-12-25, ,128,98,51,102
2016-12-26,85,144,101,54,96
2016-12-27,95,138,89,52,106
2016-12-28,90,138,99,51,96
2016-12-29,90,157,101,53,98
2016-12-30,108,157,84,56,81
2016-12-31,106,140,62,58,58
2017-01-01,93,130,76,57,47
2017-01-02,110,129,80,46,40
2017-01-03,108,119,79,38,44
2017-01-04,77,126,83,39,43
2017-01-05,80,132,90,47,44
2017-01-06,91,125,93,42,45
2017-01-07,83,104,69,34,42
2017-01-08,64,87,73,30,40
2017-01-09,56,89,53,26,45
2017-01-10,54,103,77,30,41
2017-01-11,64,112,79,36,40
2017-01-12,74,131,64,42,50
2017-01-13,92,133,64,45,47
2017-01-14,94,132,54,33,48
2017-01-15,94,109,73,28,44
2017-01-16,73,110,74,34,45
2017-01-17,70,108,75,37,42
2017-01-18,68,108,81,40,37
2017-01-19,68,116,76,40,41
2017-01-20,75,125,69,44,41
2017-01-21,81,118,72,40,37
2017-01-22,75,114,60,39,43
2017-01-23,71,120,65,38,42
2017-01-24,77,132,65,45,43
2017-01-25,88,127,37,44,45
2017-01-26,82,100,42,30,40
2017-01-27,61,95,42,31,42
2017-01-28,57,110,29,37,33
2017-01-29,69,118,53,42,26
2017-01-30,76,116,75,44,24
2017-01-31,77,111,76,43,22
2017-02-01,69,121,74,48,34
2017-02-02,77,129,62,51,39
2017-02-03,87,119,62,42,36
2017-02-04,72,114,48,37, 
2017-02-05,63, , , , 
2017-02-06, ,104,74,32,37
2017-02-07,62,112,74,37,37
2017-02-08,69,112,46,35,39
2017-02-09,66,103,46,31,36
2017-02-10,59,102,34,35,35
2017-02-11,59,106,26,38,36
2017-02-12,61,107,83, ,27
2017-02-13,60,111,86,41,24
2017-02-14,63,123,76,38,30
2017-02-15,71,125,46,39,34
2017-02-16,74,124,103,41,36
2017-02-17,73,130,108,41,42
2017-02-18,74,115,26,44,35
2017-02-19,62,109,71,44,30
2017-02-20,59,107,73,74,25
2017-02-21,60, , ,95, 
2017-02-22, ,98,55,34,84
2017-02-23,57,101,76,33,80
2017-02-24,57,106,77,33,80
2017-02-25,59,105,82,37,80
2017-02-26,60,110,84,41,82
2017-02-27,65,127,69,47,86
2017-02-28,75,128,71,50,82
2017-03-01,78,131,71,28,83
2017-03-02,83,107,82,26,31
2017-03-03,67,109,82,36,29
2017-03-04,67,111,64,32,29
2017-03-05,58,109,88,30,27
2017-03-06,59,101,90,32,25
2017-03-07,56,95,78,30,24
2017-03-08,52,83,61,27,23
2017-03-09,49,76,67,27,22
2017-03-10,42,74,70,22,29
2017-03-11,41,78,82,23,31
2017-03-12,45,104,96,29,35
2017-03-13,64,109,99,32,34
2017-03-14,68,104,92,36,33
2017-03-15,63,105,80,38,31
2017-03-16,61,86,74,31,32
2017-03-17,48,86,88,29,35
2017-03-18,50,93,70,26,33
2017-03-19,52,90,74,27,31
2017-03-20,51,93,68,35,34
2017-03-21,51,96,66,36,36
2017-03-22,50,105,82,35,36
2017-03-23,60,116,92,38,38
2017-03-24,71,107,95,34,34
2017-03-25,66,96,73,21,31
2017-03-26,60, , ,13, 
2017-03-27,,,,,
2017-03-28,,,,,
2017-03-29,,,,,
2017-03-30, ,96,73,13,31
2017-03-31,60, , , , 
2017-04-01,,,,,
2017-04-02,,,,,
2017-04-03,,,,,
2017-04-04,,,,,
2017-04-05,,,,,
2017-04-06,,,,,
2017-04-07,,,,,
2017-04-08,,,,,
2017-04-09,,,,,
2017-04-10,,,,,
2017-04-11,,,,,
2017-04-12,,,,,
2017-04-13,,,,,
2017-04-14,,,,,
2017-04-15,,,,,
2017-04-16,,,,,
2017-04-17, ,101,52,6,35
2017-04-18,50,86,52,43,35
2017-04-19,43,74,39,32, 
2017-04-20,38,67,29,21,29
2017-04-21,34,59,36,15,30
2017-04-22,31,68,38,18,31
2017-04-23,33,71,49,16,36
2017-04-24,38,67,56,15,44
2017-04-25,40,81,44,18,45
2017-04-26,47,93,46,21,44
2017-04-27,49,90,51,19,45
2017-04-28,45,81,58,20,54
2017-04-29,43,92,51,15,82
2017-04-30,45,96,48,19,83
2017-05-01,49,99,56,24,83
2017-05-02,52,96,66,21,81
2017-05-03,49,90,44,19,83
2017-05-04,47,88,35,17,87
2017-05-05,44,86,37,19,87
2017-05-06,45,81,38,19,86
2017-05-07,41,79,28,18,90
2017-05-08,37,80,43,30,56
2017-05-09,34,71,45,32,25
2017-05-10,34,67,26,22,25
2017-05-11,33,69,42,23,25
2017-05-12,33,77,50,22,25
2017-05-13,34,78,21,25,27
2017-05-14,35,61,31,28,25
2017-05-15,29,56,39,23,25
2017-05-16,24,65,43,18,25
2017-05-17,25,65,47,18,26
2017-05-18,29,67,34,18,26
2017-05-19,38,61,37,16,42
2017-05-20,34,50,38,14,54
2017-05-21,39,54,32,16,45
2017-05-22,54,63,18,14,28
2017-05-23,64,69,37,13,28
2017-05-24,70,72,37,16,31
2017-05-25,74,70,36,16,33
2017-05-26,71,60,46,15,33
2017-05-27,62,50,48,10,33
2017-05-28,52,47,32,9,34
2017-05-29,50,52,34,10,26
2017-05-30,54,45,45,11,23
2017-05-31,48,45,50,11,24
2017-06-01,48,41,52,11,24
2017-06-02,45,45,49,13,25
2017-06-03,48,36,48,17,27
2017-06-04,40,42,35,15,29
2017-06-05,45,54,36,14,29
2017-06-06,57,56,30,13,29
2017-06-07,58,35,37,12,29
2017-06-08,39,31,39,11,29
2017-06-09,35,34,40,11,29
2017-06-10,38,27,43,12,30
2017-06-11,31,25,42,12,31
2017-06-12,30,25,17,13,32
2017-06-13,30,36,34,14,29
2017-06-14,39,32,36,16,28
2017-06-15,36,27,32,17,27
2017-06-16,32,26,29,15,28
2017-06-17,31,29,22,15,27
2017-06-18,33,30,24,13,26
2017-06-19,35,31,24,11,26
2017-06-20,35,35,25,11,27
2017-06-21,39,44,24,12,28
2017-06-22,47,41,23,11,30
2017-06-23,44,41,22,12,29
2017-06-24,44,42,21,11,29
2017-06-25,46,21,27,11,34
2017-06-26,25,24,27,13,35
2017-06-27,28,33,24,14,35
2017-06-28,37,35,24,12,34
2017-06-29,38,33,20,13,33
2017-06-30,37,37,18,14,31
2017-07-01,40,36,17,14,34
2017-07-02,40,31,13,12,23
2017-07-03,35,40,13,11,13
2017-07-04,44,40,24,11,13
2017-07-05,43,43,25,11,13
2017-07-06,46,45,22,12,13
2017-07-07,49,51,23,11,24
2017-07-08,54,53,23,10,30
2017-07-09,56,41,11,10,28
2017-07-10,49,32,9,12,28
2017-07-11,46,42,25,13,114
2017-07-12,45,44,25,10,89
2017-07-13,47,37, ,10,35
2017-07-14,41,34,25,11,44
2017-07-15,38,36,24,12,52
2017-07-16,40,21, ,11,54
2017-07-17,25,19, ,11,53
2017-07-18,24,19, ,10,54
2017-07-19,24,8,51,12,59
2017-07-20,14,13,56,11,53
2017-07-21,18,24,56,10,52
2017-07-22,28, , ,8, 
2017-07-23, ,30,55,8,49
2017-07-24,34,36,56,9,49
2017-07-25,40,33,58,30,58
2017-07-26,37,14,58,28,67
2017-07-27,19,17,58,12,83
2017-07-28,19,17,57,12,90
2017-07-29,18, , , , 
2017-07-30, ,17,58, ,94
2017-07-31,18,18,58,15,91
2017-08-01,19,23,52,15,83
2017-08-02,24,28,52,15,77
2017-08-03,30,30,50,15,76
2017-08-04,32,36,71,9,83
2017-08-05,38,37,78,9,84
2017-08-06,39,37,81,10,85
2017-08-07,39,38,75, ,85
2017-08-08,39,42,77,11,86
2017-08-09,43,39,52,11,86
2017-08-10,40,31,51, ,85
2017-08-11,32,26,52,10,84
2017-08-12,28,31,54,10,84
2017-08-13,33,32,54,9,85
2017-08-14,34,28,45,9,75
2017-08-15,30,34,40,9,69
2017-08-16,36,38,41,12,68
2017-08-17,40,45,41,14,68
2017-08-18,47,44,38,14,66
2017-08-19,45,22,50,12,62
2017-08-20,24,16,50,12,61
2017-08-21,18,18,36,15,67
2017-08-22,21,29,36,14,67
2017-08-23,31,32,45,14,66
2017-08-24,34,30,45, ,65
2017-08-25,32,17,40,12,64
2017-08-26,20,12,40,12,64
2017-08-27,15,12,49,13,64
2017-08-28,15,13,49,15,64
2017-08-29,16,16,39,14,57
2017-08-30,19,34,47,16,56
2017-08-31,36,47,52,16,60
2017-09-01,48,47,38,14,62
2017-09-02,48, , ,14, 
2017-09-03,,,,,
2017-09-04,,,,,
2017-09-05,,,,,
2017-09-06,,,,,
2017-09-07,,,,,
2017-09-08,,,,,
2017-09-09,,,,,
2017-09-10,,,,,
2017-09-11,,,,,
2017-09-12,,,,,
2017-09-13,,,,,
2017-09-14,,,,,
2017-09-15,,,,,
2017-09-16,,,,,
2017-09-17,,,,,
2017-09-18,,,,,
2017-09-19,,,,,
2017-09-20,,,,,
2017-09-21, , , ,15, 
2017-09-22, ,33,53,22,11
2017-09-23,34,36,54,19,4
2017-09-24,37,45,67,12,11
2017-09-25,46,51,69,13,19
2017-09-26,52,55,70,13,18
2017-09-27,55,69,69,15,19
2017-09-28,69,62,56,19,20
2017-09-29,61,51,66,23,17
2017-09-30,51,47,60,26,22
2017-10-01,48,54,63,22,16
2017-10-02,55,63,63,14,15
2017-10-03,63,80,81,19,17
2017-10-04,79,99,83,12,20
2017-10-05,98,99,51,2,22
2017-10-06,97,69,46,2,14
2017-10-07,69,35,46,3,11
2017-10-08,37,21,52,2,12
2017-10-09,24,31,53,3,12
2017-10-10,33,28,44,2,7
2017-10-11,31,24,55,2,6
2017-10-12,27,27,57, ,8
2017-10-13,29,32,47, ,8
2017-10-14,34,37,51, ,11
2017-10-15,39,37,52,1,9
2017-10-16,39,71,79,4,71
2017-10-17,71,90,79,7,78
2017-10-18,92,114,78,21,53
2017-10-19,124,138,81,25,35
2017-10-20,172,126,62,26,40
2017-10-21,144,107,61,29,48
2017-10-22,100,103,59,28,54
2017-10-23,93,117,58,31,45
2017-10-24,120,112,72,38,47
2017-10-25,115,114,54,43,54
2017-10-26,158,113,66,44,46
2017-10-27,162,101,75,44,38
2017-10-28,146,100,81,44,36
2017-10-29,171,109,82,45,40
2017-10-30,197,113,115,35,45
2017-10-31,214,115,120,25,46
2017-11-01,220,123,113,25,40
2017-11-02,253,122,105,24,26
2017-11-03,252, , , , 
2017-11-04,,,,,
2017-11-05, ,105,85,21,31
2017-11-06,180,109,108,22,31
2017-11-07,196,122,112,24, 
2017-11-08,123,119,104,24, 
2017-11-09,44,111,114,24,21
2017-11-10,37,134,121,25,36
2017-11-11,41,141,125,25,23
2017-11-12,43,126,106,23,12
2017-11-13,36,122,148,26,24
2017-11-14,39,129,151,28,36
2017-11-15,38,135,97,27,60
2017-11-16,33,135,49,28,70
2017-11-17,33,143,112,27, 
2017-11-18,43,134,112,26, 
2017-11-19,37,123,104,26, 
2017-11-20,33,88,60,22, 
2017-11-21,43,80,60,23, 
2017-11-22,29,70,49,22, 
2017-11-23,20,70,115,21,75
2017-11-24,24,91,119,22,75
2017-11-25,30,140,143,25, 
2017-11-26,34,155,148,24,22
2017-11-27,29,137,114,23,22
2017-11-28,26,135,118,26, 
2017-11-29,40,137,130,26, 
2017-11-30,140,150,58,25, 
2017-12-01,239,146,98,24, 
2017-12-02,226,134,102,25, 
2017-12-03,193,126,101,25, 
2017-12-04,171,106,90,23, 
2017-12-05,126,54,49,19, 
2017-12-06,56,37,49,21,40
2017-12-07,40,60,66,25,60
2017-12-08,62,102,86,27,78
2017-12-09,121,127,96,29,75
2017-12-10,173,132,127,31,80
2017-12-11,190,100,130,26,51
2017-12-12,123,71,83,23,48
2017-12-13,72,77,83,24,59
2017-12-14,78,92,96,27,64
2017-12-15,94,118,107,28,60
2017-12-16,148,128,84,24,62
2017-12-17,175,131,96,26,55
2017-12-18,187,138,96,29,66
2017-12-19,204,141,83,29,71
2017-12-20,211,135,165,31,60
2017-12-21,196,171,168,31,72
2017-12-22,268,166,104,33,75
2017-12-23,256,136,162,34,78
2017-12-24,198,128,171,33,73
2017-12-25,176,127,93,32,78
2017-12-26,175,135,93,32,81
2017-12-27,196,170,114,35,74
2017-12-28,270,175,114,35,81
2017-12-29,293,165,41,38,98
2017-12-30,279, , , , 
2017-12-31, ,165,41,43,98
2018-01-01,279,125,172,31,79
2018-01-02,168,124,181,29,73
2018-01-03,166,133,163,30,79
2018-01-04,192,133,171,30,84
2018-01-05,192,113,100,29,75
2018-01-06,132,100,148,27,70
2018-01-07,103,96,162,27,68
2018-01-08,95,111,150,32,67
2018-01-09,129,149,151,34,72
2018-01-10,236,154,154,35,82
2018-01-11,249,143,139,36,88
2018-01-12,217,138,139,36,86
2018-01-13,206,127,49,35,104
2018-01-14,174,128,97,36,104
2018-01-15,175,123,108,34,99
2018-01-16,165,102,110,31,84
2018-01-17,113,86,100,29,80
2018-01-18,59,99,108,30,86
2018-01-19,45,110,131,32,86
2018-01-20,44,114,154,35,79
2018-01-21,38,124,171,35,89
2018-01-22,45,126,173,35,88
2018-01-23,112,97,159,29,71
2018-01-24,109,102,92,32,89
2018-01-25,112,117,165,34,90
2018-01-26,146,111,192,32,77
2018-01-27,129,103,197,34,85
2018-01-28,106,102,149,31,95
2018-01-29,105,148,152,35,98
2018-01-30,224,158,131,38,89
2018-01-31,254,144,114,38,92
2018-02-01,221,138,124,40,100
2018-02-02,205,121,175,40,98
2018-02-03,156,125,186,39,94
2018-02-04,165,140,173,33,100
2018-02-05,209,129,159,32,93
2018-02-06,179,122,118,33,94
2018-02-07,160,105,108,30,96
2018-02-08,121,98,98,24,93
2018-02-09,99,103,96,25,92
2018-02-10,107,104,107,27,99
2018-02-11,108,93,107,25,92
2018-02-12,96,76,78,23,94
2018-02-13,77,85,87,24,96
2018-02-14,87,93,98,23,91
2018-02-15,93,109,100,27,101
2018-02-16,132,112,140,29,103
2018-02-17,133,104,143,29,102
2018-02-18,109,84,182,21,93
2018-02-19,84,101,188,27,94
2018-02-20,113,120,130,33,103
2018-02-21,156,125,133,31,102
2018-02-22,170,119,187,31,103
2018-02-23,153,127,174,29,103
2018-02-24,173,144,174,30,101
2018-02-25,235,161,141,30,100
2018-02-26,282,160,130,25,101
2018-02-27,267, , ,23, 
2018-02-28, , ,24,40,105
2018-03-01, , ,24,51,105
2018-03-02, , , ,58, 
2018-03-03,,,,,
2018-03-04, ,112,125,23,101
2018-03-05,124,120,133,27,77
2018-03-06,142,144,166,35,59
2018-03-07,215,123,181,35,51
2018-03-08,157,105,185,34,46
2018-03-09,106,114,166,37,61
2018-03-10,131,120,153,37,63
2018-03-11,150,127,107,36,57
2018-03-12,169,153,110,40,62
2018-03-13,244,142,126,39,60
2018-03-14,212,116,128,38,56
2018-03-15,136,102,68,37,47
2018-03-16,107,106,88,38,39
2018-03-17,120,133,92,40,52
2018-03-18,186,116,90,40,53
2018-03-19,145,88,95,37,46
2018-03-20,86,71,86,32,35
2018-03-21,70,67,79,31,33
2018-03-22,67,80,88,32,37
2018-03-23,79,105,90,33,53
2018-03-24,118,118,93,31,57
2018-03-25,144,154,108,30,59
2018-03-26,239,155,112,31,66
2018-03-27,246,118,83,30,65
2018-03-28,146,86,83,28,50
2018-03-29,84,75,91,29,47
2018-03-30,74,73,93,28,42
2018-03-31,73,65,85,27,44
2018-04-01,65,72,87,27,48
2018-04-02,71,76,78,27,49
2018-04-03,75,93,78,30,53
2018-04-04,94,101,77,30,57
2018-04-05,102,99,62,30,55
2018-04-06,96,110,36,32,52
2018-04-07,121,122,34,33,59
2018-04-08,153,126,25,33,66
2018-04-09,165,99,98,32,58
2018-04-10,96,103,98,32,62
2018-04-11,104,94,95,30,66
2018-04-12,94,95,95,30, 
2018-04-13,92,101,77, , 
2018-04-14,98, , , , 
2018-04-15, ,71,74,26,83
2018-04-16,70,81,78,28,87
2018-04-17,80,86,51,30,90
2018-04-18,85,98,57,29,91
2018-04-19,97,102,57,29,91
2018-04-20,99, , , , 
2018-04-21,,,,,
2018-04-22, ,72,62,26,86
2018-04-23,71,80,72,27,91
2018-04-24,78,81,72,25,91
2018-04-25,80,80,57,26,92
2018-04-26,78,83,89,26,98
2018-04-27,81,78,95,26,99
2018-04-28,77,66,90,26,99
2018-04-29,65,63,73,23,96
2018-04-30,62,75,78,22,96
2018-05-01,73,80,40,23,96
2018-05-02,79,75,40,22,94
2018-05-03,74, , ,22, 
2018-05-04,,,,,
2018-05-05, ,63,71,24,55
2018-05-06,62,50,72,23,46
2018-05-07,50,41,60,25,38
2018-05-08,42,41,43,27,36
2018-05-09,42,58,64,27,47
2018-05-10,58,56,64,23,45
2018-05-11,56,45,53,23,38
2018-05-12,46,44,56,23,38
2018-05-13,45,44,62,27,40
2018-05-14,45,44,72,40,46
2018-05-15,45,45,40,50,47
2018-05-16,46,55,42,46,10
2018-05-17,55,49,38,36,24
2018-05-18,49,43,42,33,61
2018-05-19,44,56,59,37,65
2018-05-20,56,54,61,42,42
2018-05-21,54,50,62,51,43
2018-05-22,50,47,59,63,31
2018-05-23,48,49,55,73,31
2018-05-24,50,53,56,104,35
2018-05-25,53,45,47,133,38
2018-05-26,46,82,61,99,53
2018-05-27,85,103,62,92,52
2018-05-28,104,65,32,88,41
2018-05-29,63,40,57,76,38
2018-05-30,41,44,70,53,36
2018-05-31,45,48,71,33,34
2018-06-01,48,46,48,33,37
2018-06-02,46,34,62,33,45
2018-06-03,35,28,62,33,47
2018-06-04,30,31,50,33,45
2018-06-05,33,36,72,33,46
2018-06-06,37,33,64,33,41
2018-06-07,35,30,50,33,44
2018-06-08,31,23,50,33,42
2018-06-09,25,22,50,33,36
2018-06-10,24,34,43,33,38
2018-06-11,36,38,45,33,43
2018-06-12,40,32,49,33,45
2018-06-13,34,28,50,33,47
2018-06-14,30,22,49,33,47
2018-06-15,24,20,52,33,45
2018-06-16,23,16,52,33,47
2018-06-17,19,12,56,33,51
2018-06-18,15,23,61,33,57
2018-06-19,25,29,62,33,65
2018-06-20,31,33,51,33,62
2018-06-21,35,29,52,33,58
2018-06-22,32,24,49,33,54
2018-06-23,26,20,46,33,49
2018-06-24,22,17,41,33,46
2018-06-25,19,20,40,33,47
2018-06-26,23,22,48,33,47
2018-06-27,25,22,54,33,52
2018-06-28,24,23,37,33,48
2018-06-29,25,27,50,35,53
2018-06-30,29,28,50,35,53
2018-07-01,30,23,46,35,45
2018-07-02,25,22,47,35,46
2018-07-03,24,20,36,35,47
2018-07-04,23,17,39,35,47
2018-07-05,20,17,41,35,46
2018-07-06,20,19,41,35,42
2018-07-07,22,18,42,33,42
2018-07-08,21,18,33,33,42
2018-07-09,20,16,40,35,44
2018-07-10,19,18,40,35,43
2018-07-11,20,18,40,35,41
2018-07-12,21,18,39,35,41
2018-07-13,21,19,26,35,42
2018-07-14,21,17,24,35,43
2018-07-15,20,15,29,35,42
2018-07-16,18,15,40,35,44
2018-07-17,18,18,43,35,46
2018-07-18,21,17,48,35,46
2018-07-19,20,17,50,35,49
2018-07-20,20,18,51,36,52
2018-07-21,21,18,44,38,51
2018-07-22,21,20,43,39,51
2018-07-23,22,19,36,37,54
2018-07-24,21,19,36,35,55
2018-07-25,22,24,43,35,50
2018-07-26,26,21,43,35,53
2018-07-27,24,19,44,35,57
2018-07-28,22,22,46,35,59
2018-07-29,24,24,47,35,57
2018-07-30,26,26,44,35,61
2018-07-31,28,30,45,35,61
2018-08-01,32,31,46,35,58
2018-08-02,33,24,43,35,56
2018-08-03,27,19,40,35,59
2018-08-04,21,19,44,35,58
2018-08-05,22,21,46,35,55
2018-08-06,24,20,44,35,53
2018-08-07,23,20,45,35,58
2018-08-08,23,22,42,35,58
2018-08-09,24,21,42,35,59
2018-08-10,23,18,41,35,57
2018-08-11,21,16,44,35,55
2018-08-12,19,15,44,35,58
2018-08-13,18,17,40,35,59
2018-08-14,19,20,40,35,59
2018-08-15,23,17,42,35,59
2018-08-16,20,18,46,34,56
2018-08-17,21,19,45,35,53
2018-08-18,22,18,45,35,54
2018-08-19,20,15,44,35,55
2018-08-20,18,14,40,35,56
2018-08-21,17,14,40,35,56
2018-08-22,17,16,41,35,58
2018-08-23,19,16,41,35,60
2018-08-24,19,17,33,37,57
2018-08-25,20,18,32,37,56
2018-08-26,21,17,40,37,59
2018-08-27,20,17,39,37,55
2018-08-28,20,20,37,37,56
2018-08-29,23,24,48,40,60
2018-08-30,26,24,48,47,60
2018-08-31,26,20,50,47,59
2018-09-01,23,19,52,44,59
2018-09-02,22,16,43,44,54
2018-09-03,18,17,39,44,52
2018-09-04,20,20,40,44,54
2018-09-05,23,20,53,44,58
2018-09-06,23,21,54,44,61
2018-09-07,24,20,54,44,60
2018-09-08,23,21,54,44,61
2018-09-09,23,21,54,44,61
2018-09-10,23,31,63,44,73
2018-09-11,33,34,63,44,76
2018-09-12,36,34,63,44,76
2018-09-13,36,20,47,44,69
2018-09-14,23,21,47,44,70
2018-09-15,23,21,47,44,70
2018-09-16,23,17,57,44,68
2018-09-17,20,19,57,44,72
2018-09-18,21,27,43,47,75
2018-09-19,29,29,44,44,76
2018-09-20,31,30,74,44,67
2018-09-21,31,32,75,44,67
2018-09-22,34,32,63,44,67
2018-09-23,34,32,66,44,69
2018-09-24,34,32,70,44,74
2018-09-25,34,31,72,44,81
2018-09-26,33,34,73,44,77
2018-09-27,36,35,70,44,76
2018-09-28,37,32,82,44,76
2018-09-29,34,36,71,44,83
2018-09-30,38,40,65,47,85
2018-10-01,41,33,71,47,77
2018-10-02,35,32,84,47,80
2018-10-03,34,32,86,47,73
2018-10-04,34,31,70,47,67
2018-10-05,33,39,70,47,68
2018-10-06,40,42,85,46,41
2018-10-07,43,23,91,46,33
2018-10-08,25,21,92,46,28
2018-10-09,23,27,84,44,32
2018-10-10,30,41,87,41,40
2018-10-11,42,47,77,41,38
2018-10-12,47,41,78,41,43
2018-10-13,42,52,55,41,36
2018-10-14,52,63,83,40,32
2018-10-15,63,84,84,40,28
2018-10-16,68,92,74,40,30
2018-10-17,65,84,26,40,28
2018-10-18,60,66,75,40,27
2018-10-19,48,73,73,40,26
2018-10-20,53,87,84,40,28
2018-10-21,62,97,85,40,32
2018-10-22,69,100,70,40,31
2018-10-23,70,94,70, ,29
2018-10-24,66,96,94,40,26
2018-10-25,68,107,107,40,26
2018-10-26,74,85,14,40,29
2018-10-27,78,85,14,42,30
2018-10-28,78,64,88,40,26
2018-10-29,78,60,108,40,24
2018-10-30,78,72,100,40,23
2018-10-31,78,77,89,42,23
2018-11-01,78,115,89,42,15
2018-11-02,328,111,88,42,19
2018-11-03,186,74,56,42,24
2018-11-04,69,63,45,42,21
2018-11-05,59,63,59,42,21
2018-11-06,56,64,63,42,30
2018-11-07,59,115,98,42,23
2018-11-08,159,128,96,42,18
2018-11-09,148,122,77,40,21
2018-11-10,121,129,89,40,23
2018-11-11,138,127,104,40,21
2018-11-12,130,119,100,40,21
2018-11-13,101,105,91,40,32
2018-11-14,96,93,86,40,31
2018-11-15,92,83,75,40,24
2018-11-16,84,87,75,40,27
2018-11-17,88,82,89,40,18
2018-11-18,83,80,75,40,20
2018-11-19,82,75,45,40,17
2018-11-20,77,67,77,40,20
2018-11-21,70,75,99,40,35
2018-11-22,65,93,91,40,34
2018-11-23,58,106,82,40,42
2018-11-24,66,115,109,40,43
2018-11-25,78,120,108,40,45
2018-11-26,83,125,105,40,52
2018-11-27,88,122,97,40,46
2018-11-28,84,121,94,40,50
2018-11-29,84,129,128,40,51
2018-11-30,92,134,136,42,23
2018-12-01,96,148,86,42,61
2018-12-02,121,156,79,42,63
2018-12-03,132,151,70,42,56
2018-12-04,118,134,70,42,55
2018-12-05,98,112,77,41,41
2018-12-06,75,92,94,32,34
2018-12-07,68,90,101,62,35
2018-12-08,67,83,73,102,32
2018-12-09,52,76,71,63,26
2018-12-10,49,92,77,40,35
2018-12-11,66,94,65,40,35
2018-12-12,59,86,63,40,34
2018-12-13,55,84,89,39,35
2018-12-14,55,91,92,39,42
2018-12-15,62,116,97,39,47
2018-12-16,85,111,86,39,45
2018-12-17,74,112,68,39,43
2018-12-18,72,84,36,39,19
2018-12-19,49,87,58,39,24
2018-12-20,49,103,66,39,37
2018-12-21,60,102,67,39,46
2018-12-22,63,115,84,39,53
2018-12-23,77,112,66,39,63
2018-12-24,75,92,62,41,47
2018-12-25,70,94,48,39,47
2018-12-26,74,91,18,39,47
2018-12-27,72,101,87,39,50
2018-12-28,97,105,35,39,51
2018-12-29,73,107,35,39,50
2018-12-30,72, , , , 
2018-12-31, ,140,92,39,64
2019-01-01,114,128,80,39,68
2019-01-02,97,139,71,41,72
2019-01-03,109,133,90,41,71
2019-01-04,104,140,93,41,71
2019-01-05,114,118,89,41,68
2019-01-06,88,111,85,41,61
2019-01-07,77,140,87,39,59
2019-01-08,100,144,90,38,59
2019-01-09,112,156,96,37,65
2019-01-10,128,142,107,35,65
2019-01-11,110,132,84,34,63
2019-01-12,102,130,101,34,59
2019-01-13,97,117,96,34,57
2019-01-14,82,117,81,33,55
2019-01-15,81,124,76,34,48
2019-01-16,81,122,32,35,46
2019-01-17,74,126,79,35,58
2019-01-18,80,150,77,34,51
2019-01-19,103,179,95,34,49
2019-01-20,111,150,41,34,39
2019-01-21,101,99,52,33,37
2019-01-22,81,73,55,32,29
2019-01-23,48,69,83,32,22
2019-01-24,44,87,87,32,18
2019-01-25,55,95,77,32,15
2019-01-26,57,102,70,32,16
2019-01-27,67,98,75,32,17
2019-01-28,66,84,82,32,18
2019-01-29,49,107,87,33,17
2019-01-30,64,117,95,33,21
2019-01-31,73,127,102,34,27
2019-02-01,84,110,94,33,28
2019-02-02,71,104,89,32,28
2019-02-03,65,102,80,33,27
2019-02-04,63,111,79,34,27
2019-02-05,64,106,91,33,28
2019-02-06,68,88,79,33,21
2019-02-07,57,66,83,32,10
2019-02-08,42,110,76,32,20
2019-02-09,70,129,96,34,44
2019-02-10,89,78,91,32,58
2019-02-11,103,68,81,30,65
2019-02-12,84,71,82,30,68
2019-02-13,72,59,89,30,61
2019-02-14,59,55,70,31,54
2019-02-15,51,87,93,34,45
2019-02-16,52,96,133,35,42
2019-02-17,62,95,147,35,44
2019-02-18,61,101,147,35,46
2019-02-19,65,104,122,35,45
2019-02-20,66,89,121,35,50
2019-02-21,64,82,111,35,49
2019-02-22,60,82,90,38,49
2019-02-23,59,84,110,39,46
2019-02-24,53,74,109,38,42
2019-02-25,49,72,80,39,36
2019-02-26,44,78,50,40,29
2019-02-27,47,91,62,39,30
2019-02-28,62,106,66,39,38
2019-03-01,79,117,126,42,47
2019-03-02,74,83,125,39,39
2019-03-03,52,47,101,38,25
2019-03-04,31,55,42,42,21
2019-03-05,41,59,36,42,25
2019-03-06,47,75,96,40,43
2019-03-07,41,83,129,39,42
2019-03-08,50,93,126,39,41
2019-03-09,58,96,139,38,38
2019-03-10,59,92,97,38,35
2019-03-11,55,89,91,38,34
2019-03-12,53,86,98,38,30
2019-03-13,56,72,96,38,30
2019-03-14,50,74,108,38,29
2019-03-15,47,91,132,39,32
2019-03-16,53,81,162,38,40
2019-03-17,50,76,168,38,31
2019-03-18,47,85,153,38,31
2019-03-19,54,70,164,39,48
2019-03-20,41,66,132,38,89
2019-03-21,49,56,95,37,85
2019-03-22,34,67,128,38,83
2019-03-23,40,94,125,39,85
2019-03-24,58,99,111,38,87
2019-03-25,61,91,103,38,86
2019-03-26,60,93,81,39,82
2019-03-27,59,92,105,38,82
2019-03-28,59,82,130,39,81
2019-03-29,53,79,124,38,78
2019-03-30,54,76,118,37,77
2019-03-31,52,68,107,37,73
2019-04-01,43,57,98,37,69
2019-04-02,34,60,96,37,69
2019-04-03,39,71,135,36,73
2019-04-04,34,72,157,36,69
2019-04-05,19,56,123,34,67
2019-04-06,22,54,126,34,65
2019-04-07,19,57,119,36,66
2019-04-08,22,56,133,36,67
2019-04-09,18,59,118,36,69
2019-04-10,21,62,107,36,72
2019-04-11,31,60,87,36,68
2019-04-12,33,51,69,36,65
2019-04-13,28,51,69,35,65
2019-04-14,28,51,69,35,65
2019-04-15,28,51,69,35,65
2019-04-16,28,51,69,35,65
2019-04-17,28,54,69,37,69
2019-04-18,30,51,69,37,69
2019-04-19,28,54,69,37,69
2019-04-20,30,54,69,37,69
2019-04-21,30,54,69,37,69
2019-04-22,30,54,69,37,69
2019-04-23,30,54,73,41,52
2019-04-24,30,54,80,39,52
2019-04-25,40,57,60,37,20
2019-04-26,45,63,74,36,18
2019-04-27,38,68,75,35,24
2019-04-28,35,66,62,33,6
2019-04-29,34,65,37,33,43
2019-04-30,35,62,33,33,73
2019-05-01,33,62,46,33,64
2019-05-02,34,60,39,33,60
2019-05-03,32,55,33,33,57
2019-05-04,33,54,39,33,56
2019-05-05,35,50,47,33,57
2019-05-06,33,52,38,33,55
2019-05-07,36,44,53,33,33
2019-05-08,50,37,62,33,54
2019-05-09,33,32,63,33,54
2019-05-10,31,33,57,35,53
2019-05-11,32,36,70,35,55
2019-05-12,33,42,65,35,55
2019-05-13,30,46,61,35,54
2019-05-14,31,53,67,35,57
2019-05-15,33,54,61,35,59
2019-05-16,41,55,52,34,58
2019-05-17,38,59,48,34,57
2019-05-18,34,56,56,34,52
2019-05-19,32,42,74,33,48
2019-05-20,27,46,73,33,54
2019-05-21,27,48,71,33,51
2019-05-22,31,49,65,33,53
2019-05-23,30,49,63,35,51
2019-05-24,29,56,63,35,52
2019-05-25,30,54,74,35,51
2019-05-26,34,51,70,35,52
2019-05-27,31,64,62,35,54
2019-05-28,34,57,58,35,54
2019-05-29,43,50,64,34,56
2019-05-30,34,48,68,34,52
2019-05-31,32,43,52,34,52
2019-06-01,31,40,58,35,52
2019-06-02,32,40,40,34,52
2019-06-03,33,37,51,34,53
2019-06-04,32,40,48,34,53
2019-06-05,33,44,48,34,55
2019-06-06,34,45,59,34,56
2019-06-07,34,45,78,34,70
2019-06-08,38,38,63,34,68
2019-06-09,35,38,30,34,73
2019-06-10,36,36,53,34,77
2019-06-11,34,33,44,32,69
2019-06-12,31,29,6,34,64
2019-06-13,27,34,7,34,64
2019-06-14,32,39,8,34,64
2019-06-15,37,39,8,34,64
2019-06-16,37,39,8,34,56
2019-06-17,37,29,6,34,47
2019-06-18,26,31,6,34,46
2019-06-19,28,29,17,32,45
2019-06-20,27,29,43,34,46
2019-06-21,27,30,38,34,44
2019-06-22,27,31,37,34,41
2019-06-23,29,34,39,34,47
2019-06-24,32,35,37,34,47
2019-06-25,31,37,39,34,42
2019-06-26,27,36,39,34,43
2019-06-27,25,39,30,34,42
2019-06-28,28,35,30,34,43
2019-06-29,25,33,34,34,40
2019-06-30,23,34,31,34,41
2019-07-01,24,34,31,33,40
2019-07-02,24,42,30,34,37
2019-07-03,30,43,33,34,37
2019-07-04,31,38,33,34,37
2019-07-05,28,32,30,34,39
2019-07-06,22,29,30,34,38
2019-07-07,20,40,29,34,38
2019-07-08,31,41,29,34,38
2019-07-09,29,39,30,34,36
2019-07-10,28,39,30,34,36
2019-07-11,28,45,29,34,36
2019-07-12,28,44,31,33,33
2019-07-13,29,37,31,34,30
2019-07-14,26,41,35,34,31
2019-07-15,29,40,31,34,30
2019-07-16,29,41,30,34,30
2019-07-17,29,41,38,34,30
2019-07-18,30,42,37,34,32
2019-07-19,31,49,45,34,43
2019-07-20,37,52,61,34,47
2019-07-21,38,41,86,34,42
2019-07-22,29,40,34,34,36
2019-07-23,28,42,41,34,32
2019-07-24,30,47,58,34,37
2019-07-25,36,50,58,34,42
2019-07-26,38,36,55,34,40
2019-07-27,25,36,63,34,37
2019-07-28,26,37,57,34,36
2019-07-29,26,36,55,34,36
2019-07-30,25,36,57,34,34
2019-07-31,25,40,55,34,34
2019-08-01,29,39,48,34,37
2019-08-02,28,30,28,34,43
2019-08-03,25,27,31,34,43
2019-08-04,24,27,27,34,44
2019-08-05,24,27,28,34,43
2019-08-06,24,28,27,34,43
2019-08-07,25,31,33,34,41
2019-08-08,31,30,34,34,37
2019-08-09,31,26,32,34,40
2019-08-10,27,39,31,34,42
2019-08-11,41,23,26,34,38
2019-08-12,24,22,31,34,39
2019-08-13,23,33,34,34,45
2019-08-14,34,33,30,34,40
2019-08-15,34,26,30,34,41
2019-08-16,27,28,35,34,39
2019-08-17,29,30,36,34,39
2019-08-18,32,30,38,34,41
2019-08-19,32,38,45,25,44
2019-08-20,39,33,36,31,45
2019-08-21,34,33,32,34,43
2019-08-22,35,33,27,34,42
2019-08-23,35,32,32,34,40
2019-08-24,34,35,38,34,39
2019-08-25,37,39,37,34,39
2019-08-26,41,36,34,34,42
2019-08-27,38,31,35,34,44
2019-08-28,32,32,36,35,40
2019-08-29,34,32,31,47,42
2019-08-30,33,33,29,51,40
2019-08-31,35,23,30,54,39
2019-09-01,24,26,26,53,36
2019-09-02,27,34,30,64,34
2019-09-03,34,33,29,83,41
2019-09-04,34,40,29,24,42
2019-09-05,42,32,28,18,38
2019-09-06,33,35,29,12,39
2019-09-07,36,34,29,13,40
2019-09-08,36,34,29,12,43
2019-09-09,36,33,28,9,39
2019-09-10,34,32,30,8,38
2019-09-11,33,39,29,10,37
2019-09-12,41,29,29,10,33
2019-09-13,30,30,29,13,37
2019-09-14,31,35,35,17,33
2019-09-15,36,35,33,14,38
2019-09-16,36,24,32,7,37
2019-09-17,24,36,32,9,43
2019-09-18,37,35,42,13,57
2019-09-19,36,42,32,14,55
2019-09-20,44,35,40,14,47
2019-09-21,37,30,36,16,41
2019-09-22,31,29,45,14,42
2019-09-23,30,29,39,8,43
2019-09-24,30,29,33,7,52
2019-09-25,30,29,33,7,52
2019-09-26,30,29,33,7,52
2019-09-27,30,29,33,7,52
2019-09-28,30,29,33,7,52
2019-09-29,30,29,33,7,52
2019-09-30,30,29,33,7,52
2019-10-01,30,29,33,7,52
2019-10-02,30,29,33,7,52
2019-10-03,30,29,33,7,52
2019-10-04,30,29,33,7,52
2019-10-05,30,29,33,7,52
2019-10-06,30,29,33,7,52
2019-10-07,30,29,33,7,52
2019-10-08,30,29,33,7,52
2019-10-09,30,29,33,7,52
2019-10-10,30,29,33,7,52
2019-10-11,30,29,33,7,52
2019-10-12,30,29,33,7,52
2019-10-13,30,29,33,7,52
2019-10-14,30,29,33,7,52
2019-10-15,30,29,33,7,52
2019-10-16,30,29,33,7,52
2019-10-17,30,29,33,7,52
2019-10-18,30,29,33,7,52
2019-10-19,30,29,27,57,17
2019-10-20,30,27,46,58,24
2019-10-21,29,26,41,58,32
2019-10-22,46,27,36,57,36
2019-10-23,29,25,30,57,40
2019-10-24,28,16,35,57,18
2019-10-25,21,16,36,56,18
2019-10-26,21,16,46,57,12
2019-10-27,21,60,38,58,11
2019-10-28,63,42,49,58,28
2019-10-29,45,39,58,58,43
2019-10-30,43,42,59,58,41
2019-10-31,45,42,59,58,41
2019-11-01,45,36,43,58,46
2019-11-02,32,41,52,56,54
2019-11-03,44,29,42,55,49
2019-11-04,33,31,46,57,76
2019-11-05,35,55,22,58,94
2019-11-06,57,59,18,57,92
2019-11-07,61,38,40,56,76
2019-11-08,41,42,48,56,73
2019-11-09,45,48,51,55,71
2019-11-10,51,80,53,55,82
2019-11-11,81,95,64,58,87
2019-11-12,94,105,62,58,87
2019-11-13,111,100,68,58,84
2019-11-14,101,106,62,51,90
2019-11-15,115,109,71,54,90
2019-11-16,121,115,69,58,91
2019-11-17,138,95,83,58,81
2019-11-18,95,122,66,52,98
2019-11-19,159,129,72,55,101
2019-11-20,178,122,27,58,104
2019-11-21,161,122,56,58,97
2019-11-22,159,129,72,58,97
2019-11-23,180,142,67,58,99
2019-11-24,215,150,64, ,100
2019-11-25,237,151,63,58,97
2019-11-26,240,143,61,58,93
2019-11-27,218,130,58,58,96
2019-11-28,181,120,58,58,95
2019-11-29,153,116,30,58,99
2019-11-30,144, , , , 
2019-12-01, ,117,51,58,80
2019-12-02,144,94,48,58,83
2019-12-03,98,98,66,58,86
2019-12-04,99,122,79,58,91
2019-12-05,160,129,69,58,95
2019-12-06,180,138,69,57,92
2019-12-07,202,126,56,56,89
2019-12-08,170,128,50,58,93
2019-12-09,177,113,38,58,97
2019-12-10,133,112,38,58,94
2019-12-11,130,112,38,58,95
2019-12-12,131,99,24,58,86
2019-12-13,102,92,34,58,82
2019-12-14,91,105,39,58,91
2019-12-15,110,112,44,58,93
2019-12-16,131,111,51,58,86
2019-12-17,125,116,54,57,80
2019-12-18,133,132,39,57,95
2019-12-19,187,131,27,58,97
2019-12-20,184,137,48,58,72
2019-12-21,201,134,44,57,57
2019-12-22,191,132,45,58,55
2019-12-23,189,130,30, ,52
2019-12-24,182,114,38, ,51
2019-12-25,135,105,26, ,44
2019-12-26,111,94,28, ,35
2019-12-27,95,116,41,58,43
2019-12-28,140,120,31, ,41
2019-12-29,152, , , , 
2019-12-30,,,,,
2019-12-31, ,87,27,56,45
2020-01-01,89,106,33,57,38
2020-01-02,121,104,24,58,39
2020-01-03,115,96,31,58,45
2020-01-04,139,115,58,58,44
2020-01-05,156,114,60,58,43
2020-01-06,136,118,42,58,50
2020-01-07,146,101,22,58,40
2020-01-08,108,92,27,58,32
2020-01-09,93,111,45,58,31
2020-01-10,128,127,53,57,42
2020-01-11,173,132,60,57,48
2020-01-12,188,121,66,58,43
2020-01-13,155,94,51,58,27
2020-01-14,97,87,82,58,24
2020-01-15,87,82,73,58,17
2020-01-16,82,77,66,58,20
2020-01-17,78,113,68,58,34
2020-01-18,134,130,60,58,39
2020-01-19,184,122,64,50,39
2020-01-20,159,113,79,30,40
2020-01-21,132,106,59,31,31
2020-01-22,114,117,56,41,38
2020-01-23,144,135,34,38,51
2020-01-24,195,135,54,65,69
2020-01-25,194,131,55,78,56
2020-01-26,183,117,59,74,51
2020-01-27,146,89,40,73,24
2020-01-28,95,66,49,57,23
2020-01-29,67,88,63,51,28
2020-01-30,88,111,92,43,35
2020-01-31,129,119,65,21,34
2020-02-01,150,110,64,19,21
2020-02-02,125,101,59,19,30
2020-02-03,107,96,63,67,21
2020-02-04,100,109,68,55,35
2020-02-05,127,122,74,46,33
2020-02-06,160,105,74,28,25
2020-02-07,111,105,58,13,25
2020-02-08,110,105,54,12,20
2020-02-09,110,93,43,34,18
2020-02-10,92,94,42,44,30
2020-02-11,93,117,44,49,45
2020-02-12,145,133,44,38,47
2020-02-13,189,137,63,33,36
2020-02-14,200,119,73,30,30
2020-02-15,150,127,67,29,34
2020-02-16,172,142,66, ,36
2020-02-17,213,137,69, ,32
2020-02-18,200,124,74, ,20
2020-02-19,165,130,85, ,27
2020-02-20,182,129,72, ,16
2020-02-21,178,116,62, ,32
2020-02-22,141,123,95, ,37
2020-02-23,162,133,69,29,45
2020-02-24,191,133,47,29,47
2020-02-25,191,113,69, ,40
2020-02-26,133,122,69, ,41
2020-02-27,160,135,77, ,55
2020-02-28,195,123,74, ,48
2020-02-29,163,118,72, ,13
2020-03-01,146,110,54, ,57
2020-03-02,123,96,43,29,53
2020-03-03,100,92,58,29,56
2020-03-04,91,104,52,29,59
2020-03-05,107,96,39,29,54
2020-03-06,96,65,49,29,53
2020-03-07,68,100,67,29,55
2020-03-08,106,104,52,29,61
2020-03-09,106,97,45,29,56
2020-03-10,96,63,43,29,51
2020-03-11,64,62,52,29,52
2020-03-12,63,69,61,29,50
2020-03-13,70,100,64, ,52
2020-03-14,105,108,65, ,59
2020-03-15,119,111,72, ,55
2020-03-16,126,106,86, ,54
2020-03-17,114,104,74, ,54
2020-03-18,106,87,64, ,48
2020-03-19,87,73,49, ,44
2020-03-20,73,81,52, ,45
2020-03-21,81,71,53, ,46
2020-03-22,72,61,55, ,45
2020-03-23,62,66,68, ,42
2020-03-24,69,71,64, ,46
2020-03-25,76,48,58, ,50
2020-03-26,50,50,41, ,50
2020-03-27,51,57,42, ,58
2020-03-28,59,45,22, ,56
2020-03-29,47, , , , 
2020-03-30,,,,,
2020-03-31, ,52,59, ,53
2020-04-01,53,49,56, ,47
2020-04-02,51,66,60, ,47
2020-04-03,66,77,66, ,50
2020-04-04,77,70,77, ,50
2020-04-05,71,58,64, ,42
2020-04-06,59,60,56, ,43
2020-04-07,61,66,52, ,41
2020-04-08,67,74,57, ,43
2020-04-09,74,72,64, ,46
2020-04-10,73,78,74, ,48
2020-04-11,78,73,62, ,50
2020-04-12,73,68,60, ,47
2020-04-13,69,70,60, ,49
2020-04-14,71,71,62, ,50
2020-04-15,72,57,54, ,49
2020-04-16,59,50,65, ,45
2020-04-17,52,53,56, ,45
2020-04-18,55,56,56, ,45
2020-04-19,57,43,54, ,46
2020-04-20,45,54,50, ,47
2020-04-21,56,53,50, ,39
2020-04-22,55,62,56, ,39
2020-04-23,63,51,45, ,40
2020-04-24,53,43,30, ,41
2020-04-25,45,47,53, ,38
2020-04-26,49,47,49, ,35
2020-04-27,49,55,46, ,39
2020-04-28,57,65,54, ,43
2020-04-29,66,53,44, ,44
2020-04-30,55,49,33, ,45
2020-05-01,51,49,25, ,45
2020-05-02,51,49,25, ,45
2020-05-03,51,49,25, ,45
2020-05-04,51,49,25, ,45
2020-05-05,51,49,25, ,45
2020-05-06,51,49,25, ,45
2020-05-07,51,49,25, ,45
2020-05-08,51,49,25, ,45
2020-05-09,51,49,25, ,45
2020-05-10,51,49,25, ,45
2020-05-11,51,49,25, ,45
2020-05-12,51,49,25, ,45
2020-05-13,51,49,25, ,45
2020-05-14,51,49,25, ,45
2020-05-15,51,49,25, ,45
2020-05-16,51, , , , 
2020-05-17,,,,,
2020-05-18,,,,,
2020-05-19,,,,,
2020-05-20,,,,,
2020-05-21,,,,,
2020-05-22,,,,,
2020-05-23,,,,,
2020-05-24,,,,,
2020-05-25,,,,,
2020-05-26,,,,,
2020-05-27,,,,,
2020-05-28,,,,,
2020-05-29,,,,,
2020-05-30,,,,,
2020-05-31,,,,,
2020-06-01,,,,,
2020-06-02,,,,,
2020-06-03,,,,,
2020-06-04,,,,,
2020-06-05,,,,,
2020-06-06,,,,,
2020-06-07,,,,,
2020-06-08,,,,,
2020-06-09,,,,,
2020-06-10,,,,,
2020-06-11,,,,,
2020-06-12,,,,,
2020-06-13,,,,,
2020-06-14,,,,,
2020-06-15,,,,,
2020-06-16,,,,,
2020-06-17,,,,,
2020-06-18,,,,,
2020-06-19,,,,,
2020-06-20,,,,,
2020-06-21,,,,,
2020-06-22,,,,,
2020-06-23, ,45,12,41, 
2020-06-24,47,41,9,41,22
2020-06-25,47,21,10,24,33
2020-06-26,25,28,37, , 
2020-06-27,27,43,10,45,28
2020-06-28,55,25,20,25,44
2020-06-29,29,19,22,25,42
2020-06-30,21,25,27,25,38
2020-07-01,27,25,26,23,44
2020-07-02,25,25, , , 
2020-07-03,25,23,30,15,50
2020-07-04,26,24,32,17,51
2020-07-05,23,25,32, , 
2020-07-06,25,19,32, , 
2020-07-07, ,29,32, ,51
2020-07-08,30,30,10, ,51
2020-07-09,26,26,12, , 
2020-07-10,25,24,12, , 
2020-07-11,24,22,26, , 
2020-07-12,23,27,26, ,51
2020-07-13,27,23,24, ,51
2020-07-14,25,18,26, , 
2020-07-15, ,17,30, , 
2020-07-16, ,19,34, , 
2020-07-17, , ,34, , 
2020-07-18, ,21,28, , 
2020-07-19, ,21,28, , 
2020-07-20,22,22,28, , 
2020-07-21,22,29,28, , 
2020-07-22,38,28,28, ,51
2020-07-23,45,17,28, , 
2020-07-24, ,23,32, ,51
2020-07-25,22,20,32, , 
2020-07-26,22,17,28, ,51
2020-07-27,13,16,30, ,51
2020-07-28,17,18,30, ,51
2020-07-29,15,20,26, ,51
2020-07-30,18,27,34, ,51
2020-07-31,27,31,34, ,51
2020-08-01,28,21,28, , 
2020-08-02,27,30,36, ,51
2020-08-03,29,30,36, , 
2020-08-04,26,26,28, ,51
2020-08-05,23,24,29, , 
2020-08-06,23,25,30, , 
2020-08-07,24,26,32, , 
2020-08-08,25,28,32, , 
2020-08-09,28,30,32, , 
2020-08-10,30,24,30, , 
2020-08-11,23,24,30, , 
2020-08-12,23,24,32, , 
2020-08-13,23,23,32, , 
2020-08-14,22,22,32, , 
2020-08-15,22,25,34, , 
2020-08-16,25,25,34, , 
2020-08-17,24,24,28, ,51
2020-08-18,23,25,26, , 
2020-08-19,25,25,26, , 
2020-08-20,25,25,26, ,51
2020-08-21,26,24,26, , 
2020-08-22,27,23,26, , 
2020-08-23,25,24,26, ,51
2020-08-24,23,29,26, , 
2020-08-25,30,29,26, , 
2020-08-26,30,26,24, ,51
2020-08-27,27,23,26, , 
2020-08-28,23,22,40, ,51
2020-08-29,21,27,44, , 
2020-08-30,28,31,44, , 
2020-08-31,31,29,30, , 
2020-09-01,27,26,30, ,51
2020-09-02,26,30,36, ,51
2020-09-03,31,34,36, ,51
2020-09-04,36,41,36, ,51
2020-09-05,45,38,46, ,51
2020-09-06,40,33,46, ,51
2020-09-07,34,27,36, ,51
2020-09-08,26,29,42, ,51
2020-09-09,29,30,42, ,51
2020-09-10,30,30,44, ,51
2020-09-11,30,27,44, ,51
2020-09-12,27,25,36, ,51
2020-09-13,24,27,32, , 
2020-09-14,25,25,32, ,51
2020-09-15,24,27,34, ,51
2020-09-16,25,26,34, ,51
2020-09-17,26,25,34, ,51
2020-09-18,24,25,32, , 
2020-09-19,25,43,34, ,51
2020-09-20,58,42,34, ,51
2020-09-21,48,31,42,33, 
2020-09-22,40,27,42,34, 
2020-09-23,23,22,42,35, 
2020-09-24,23,27,42,37, 
2020-09-25,30,27,30,34, 
2020-09-26,25,32,34,36, 
2020-09-27,30,39,34,37,51
2020-09-28,38,36,30,34,51
2020-09-29,38,37,34,33,51
2020-09-30,36,40,40,31,51
2020-10-01,40,38,40,32,51
2020-10-02,37,45,34,36,51
2020-10-03,44,52,44,39,51
2020-10-04,51,54,44,40,51
2020-10-05,54,55,40,38,51
2020-10-06,55,58,36,37,51
2020-10-07,58,62,36,37,51
2020-10-08,62,70,32,41,51
2020-10-09,72,65,30,32,51
2020-10-10,67,46,30,24, 
2020-10-11,45,59,26,24,51
2020-10-12,60,75,26,21, 
2020-10-13,76,61,22,23,51
2020-10-14,61,49,21,24,51
2020-10-15,49,26,36,17,51
2020-10-16,25,36,36,14,51
2020-10-17,36,56,32,13, 
2020-10-18,56,55,18,12,51
2020-10-19,50,44,26,14,51
2020-10-20,40,46,26,25,51
2020-10-21,46,52,12,52, 
2020-10-22,50,46,26,62, 
2020-10-23,36,38,32,29,51
2020-10-24,28,36,32,48,51
2020-10-25,34,31,28,38, 
2020-10-26,30,27,51,35, 
2020-10-27,25,32,51,38,51
2020-10-28,30,40,11,43,51
2020-10-29,39,62,16,50,51
2020-10-30,63,66,34,47, 
2020-10-31,67,54,34,34,51
2020-11-01,54,53,59,36,51
2020-11-02,53,50,61,40,51
2020-11-03,49,49,61,40, 
2020-11-04,48,48,59,39,51
2020-11-05,48,58,59,38, 
2020-11-06,60,56,59,34,51
2020-11-07,56,49,59,31,51
2020-11-08,48,64,63,35,51
2020-11-09,63,70,69,36, 
2020-11-10,70,96,75,36,51
2020-11-11,123,121,75,34, 
2020-11-12,173,117,65,33,51
2020-11-13,160,109,61,35, 
2020-11-14,134,115,69,37, 
2020-11-15,153,116,73,24, 
2020-11-16,155,96,73,40,51
2020-11-17,104,96,46,43,51
2020-11-18,101,96,34, , 
2020-11-19,103,83,32,43,51
2020-11-20,85,73,32,43,51
2020-11-21,73,69,48,38,51
2020-11-22,69,78,48,37,51
2020-11-23,79,86,51,47,51
2020-11-24,88,113,57,60, 
2020-11-25,153,117,57,55,51
2020-11-26,162,110,57,51, 
2020-11-27,136,91,55, , 
2020-11-28,103,84,55,21, 
2020-11-29,85,109,51,32,51
2020-11-30,135,111,44,36,51
2020-12-01,140,111,57,41, 
2020-12-02,141,117,57,38,51
2020-12-03,160,119,57,45, 
2020-12-04,175,122,55,46,51
2020-12-05,183,112,55,35, 
2020-12-06,145,114,53,38,51
2020-12-07,150,119,53,42,51
2020-12-08,164,122,48,40,51
2020-12-09,173,110,53,36,51
2020-12-10,137,105,53,41,51
2020-12-11,121,113,51,51, 
2020-12-12,147,107,51,53, 
2020-12-13,128,110,30,49, 
2020-12-14,138,116,8,51,51
2020-12-15,157,116,44,56,51
2020-12-16,160,119,44,54,51
2020-12-17,166,113,42,47,51
2020-12-18,147,116,48,40, 
2020-12-19,158,130,84,38, 
2020-12-20,206,129,84,39,51
2020-12-21,201,132,45,31, 
2020-12-22,201,127,50,30,51
2020-12-23,191,135,53,58, 
2020-12-24,219,138,53,48,51
2020-12-25,226,139,55,37,51
2020-12-26,230,152,96,36, 
2020-12-27,270,138,96,39,51
2020-12-28,226,116,48,37,51
2020-12-29,155,126,48,47,51
2020-12-30,186,139,48,51,51
2020-12-31,224,135,48,57,51
2021-01-01,216,130,48,61, 
2021-01-02,199,135,36,52,51
2021-01-03,212,139,48,101,51
2021-01-04,226,127,48,101, 
2021-01-05,193,120,12,63,104
2021-01-06,171,116,28,61,51
2021-01-07,162,92,28,49,51
2021-01-08,118,75,12,46, 
2021-01-09,76,95,26,59,51
2021-01-10,107,98,32,60,51
2021-01-11,107,91,32,52,51
2021-01-12,93,104,36,53, 
2021-01-13,123,103,36,36,51
2021-01-14,121,105,36,39, 
2021-01-15,123,107,46,43,51
2021-01-16,125,107,46,49,51
2021-01-17,126,108,46,43,51
2021-01-18,131,114,40,41,51
2021-01-19,151,117,36,51,51
2021-01-20,159,100,30,46,51
2021-01-21,114,106,46,47, 
2021-01-22,127,124,46,55, 
2021-01-23,183,120,46,53,51
2021-01-24,168,107,46,47,104
2021-01-25,127,122,38,38,51
2021-01-26,171,114,44,50, 
2021-01-27,185,112,46,52,51
2021-01-28,158,127,46,49,51
2021-01-29,194,122,42,43,51
2021-01-30,177,113,46,47,51
2021-01-31,148,113,46,50,51
2021-02-01,145,120,42,51, 
2021-02-02,171,119,42,37,51
2021-02-03,168,124,38,39,51
2021-02-04,183,123,36,26,51
2021-02-05,181,116, , , 
2021-02-06,156,105,46,50, 
2021-02-07,119,118,51,44,51
2021-02-08,161,114,51,31, 
2021-02-09,149,110,46,43,51
2021-02-10,137,120,48,41,51
2021-02-11,170,123,55,43, 
2021-02-12,177,138,57,62,77
2021-02-13,225,155,75,54, 
2021-02-14,279,143,75,47, 
2021-02-15,240,126,48,50,51
2021-02-16,190,118,30,51, 
2021-02-17,143,111,30,39,51
2021-02-18,139,92,32,32,51
2021-02-19,105,105,36,38,51
2021-02-20,138,113,46,41, 
2021-02-21,147,110,46,44,51
2021-02-22,137,115,34,57,51
2021-02-23,155,118,42,52,51
2021-02-24,164,121,65,33,51
2021-02-25,174,109,96,53,51
2021-02-26,124,97,96,70,104
2021-02-27,95,96,46,54, 
2021-02-28,102,93,110,68,51
2021-03-01,92,90,110,81,118
2021-03-02,107,100,80,69, 
2021-03-03,130,103,71,79,51
2021-03-04,106,105,71,93,118
2021-03-05,112,106,69,88, 
2021-03-06,104,114,69,189,51
2021-03-07,146,103,90,140, 
2021-03-08,113,97,90,88,51
2021-03-09,91,103,88,85, 
2021-03-10,103,103,53,88,133
2021-03-11,105,101,14,75,104
2021-03-12,99,109,73,68, 
2021-03-13,119,111,73,78, 
2021-03-14,126,94,63,81,51
2021-03-15,90,98,71,66,118
2021-03-16,103,114,71,104, 
2021-03-17,141,118,80,120,51
2021-03-18,148,108,94,102,51
2021-03-19,124,107,94,98,77
2021-03-20,119,100,80,84,118
2021-03-21,125,105,80,77, 
2021-03-22,132,109,73,75, 
2021-03-23,113,117,73,87,104
2021-03-24,148,122,75,89,77
2021-03-25,167,138,75,71, 
2021-03-26,200,133,80,65,104
2021-03-27,184,123,80,79,51
2021-03-28,155,116,80,70, 
2021-03-29,140,112,76,62,77
2021-03-30,132,102,76,97,85
2021-03-31,101,103,73,99,104
2021-04-01,121,86,71,44,104
2021-04-02,91,80,63,69,104
2021-04-03,79,88,71,85,104
2021-04-04,96,105,71,88, 
2021-04-05,109,101,61,67,104
2021-04-06,97,102, ,43, 
2021-04-07,98,110,57,36,51
2021-04-08,116,104,82,32, 
2021-04-09,102,105,82,35,51
2021-04-10,104,122,59,42,51
2021-04-11,136,112,76,40, 
2021-04-12,111,96,76,40, 
2021-04-13,92,93,63,36, 
2021-04-14,89,92,63,33, 
2021-04-15,88,90,59,33, 
