date, pm25, pm10, o3, no2, co
16-04-21,86, , , , 
15-04-21,88,90,59,33, 
14-04-21,89,92,63,33, 
13-04-21,92,93,63,36, 
12-04-21,111,96,76,40, 
11-04-21,136,112,76,40, 
10-04-21,104,122,59,42,51
09-04-21,102,105,82,35,51
08-04-21,116,104,82,32, 
07-04-21,98,110,57,36,51
06-04-21,97,102, ,43, 
05-04-21,109,101,61,67,104
04-04-21,96,105,71,88, 
03-04-21,79,88,71,85,104
02-04-21,91,80,63,69,104
01-04-21,121,86,71,44,104
31-03-21,101,103,73,99,104
30-03-21,132,102,76,97,85
29-03-21,140,112,76,62,77
28-03-21,155,116,80,70, 
27-03-21,184,123,80,79,51
26-03-21,200,133,80,65,104
25-03-21,167,138,75,71, 
24-03-21,148,122,75,89,77
23-03-21,113,117,73,87,104
22-03-21,132,109,73,75, 
21-03-21,125,105,80,77, 
20-03-21,119,100,80,84,118
19-03-21,124,107,94,98,77
18-03-21,148,108,94,102,51
17-03-21,141,118,80,120,51
16-03-21,103,114,71,104, 
15-03-21,90,98,71,66,118
14-03-21,126,94,63,81,51
13-03-21,119,111,73,78, 
12-03-21,99,109,73,68, 
11-03-21,105,101,14,75,104
10-03-21,103,103,53,88,133
09-03-21,91,103,88,85, 
08-03-21,113,97,90,88,51
07-03-21,146,103,90,140, 
06-03-21,104,114,69,189,51
05-03-21,112,106,69,88, 
04-03-21,106,105,71,93,118
03-03-21,130,103,71,79,51
02-03-21,107,100,80,69, 
01-03-21,92,90,110,81,118
28-02-21,102,93,110,68,51
27-02-21,95,96,46,54, 
26-02-21,124,97,96,70,104
25-02-21,174,109,96,53,51
24-02-21,164,121,65,33,51
23-02-21,155,118,42,52,51
22-02-21,137,115,34,57,51
21-02-21,147,110,46,44,51
20-02-21,138,113,46,41, 
19-02-21,105,105,36,38,51
18-02-21,139,92,32,32,51
17-02-21,143,111,30,39,51
16-02-21,190,118,30,51, 
15-02-21,240,126,48,50,51
14-02-21,279,143,75,47, 
13-02-21,225,155,75,54, 
12-02-21,177,138,57,62,77
11-02-21,170,123,55,43, 
10-02-21,137,120,48,41,51
09-02-21,149,110,46,43,51
08-02-21,161,114,51,31, 
07-02-21,119,118,51,44,51
06-02-21,156,105,46,50, 
05-02-21,181,116, , , 
04-02-21,183,123,36,26,51
03-02-21,168,124,38,39,51
02-02-21,171,119,42,37,51
01-02-21,145,120,42,51, 
31-01-21,148,113,46,50,51
30-01-21,177,113,46,47,51
29-01-21,194,122,42,43,51
28-01-21,158,127,46,49,51
27-01-21,185,112,46,52,51
26-01-21,171,114,44,50, 
25-01-21,127,122,38,38,51
24-01-21,168,107,46,47,104
23-01-21,183,120,46,53,51
22-01-21,127,124,46,55, 
21-01-21,114,106,46,47, 
20-01-21,159,100,30,46,51
19-01-21,151,117,36,51,51
18-01-21,131,114,40,41,51
17-01-21,126,108,46,43,51
16-01-21,125,107,46,49,51
15-01-21,123,107,46,43,51
14-01-21,121,105,36,39, 
13-01-21,123,103,36,36,51
12-01-21,93,104,36,53, 
11-01-21,107,91,32,52,51
10-01-21,107,98,32,60,51
09-01-21,76,95,26,59,51
08-01-21,118,75,12,46, 
07-01-21,162,92,28,49,51
06-01-21,171,116,28,61,51
05-01-21,193,120,12,63,104
04-01-21,226,127,48,101, 
03-01-21,212,139,48,101,51
02-01-21,199,135,36,52,51
01-01-21,216,130,48,61, 
31-12-20,224,135,48,57,51
30-12-20,186,139,48,51,51
29-12-20,155,126,48,47,51
28-12-20,226,116,48,37,51
27-12-20,270,138,96,39,51
26-12-20,230,152,96,36, 
25-12-20,226,139,55,37,51
24-12-20,219,138,53,48,51
23-12-20,191,135,53,58, 
22-12-20,201,127,50,30,51
21-12-20,201,132,45,31, 
20-12-20,206,129,84,39,51
19-12-20,158,130,84,38, 
18-12-20,147,116,48,40, 
17-12-20,166,113,42,47,51
16-12-20,160,119,44,54,51
15-12-20,157,116,44,56,51
14-12-20,138,116,8,51,51
13-12-20,128,110,30,49, 
12-12-20,147,107,51,53, 
11-12-20,121,113,51,51, 
10-12-20,137,105,53,41,51
09-12-20,173,110,53,36,51
08-12-20,164,122,48,40,51
07-12-20,150,119,53,42,51
06-12-20,145,114,53,38,51
05-12-20,183,112,55,35, 
04-12-20,175,122,55,46,51
03-12-20,160,119,57,45, 
02-12-20,141,117,57,38,51
01-12-20,140,111,57,41, 
30-11-20,135,111,44,36,51
29-11-20,85,109,51,32,51
28-11-20,103,84,55,21, 
27-11-20,136,91,55, , 
26-11-20,162,110,57,51, 
25-11-20,153,117,57,55,51
24-11-20,88,113,57,60, 
23-11-20,79,86,51,47,51
22-11-20,69,78,48,37,51
21-11-20,73,69,48,38,51
20-11-20,85,73,32,43,51
19-11-20,103,83,32,43,51
18-11-20,101,96,34, , 
17-11-20,104,96,46,43,51
16-11-20,155,96,73,40,51
15-11-20,153,116,73,24, 
14-11-20,134,115,69,37, 
13-11-20,160,109,61,35, 
12-11-20,173,117,65,33,51
11-11-20,123,121,75,34, 
10-11-20,70,96,75,36,51
09-11-20,63,70,69,36, 
08-11-20,48,64,63,35,51
07-11-20,56,49,59,31,51
06-11-20,60,56,59,34,51
05-11-20,48,58,59,38, 
04-11-20,48,48,59,39,51
03-11-20,49,49,61,40, 
02-11-20,53,50,61,40,51
01-11-20,54,53,59,36,51
31-10-20,67,54,34,34,51
30-10-20,63,66,34,47, 
29-10-20,39,62,16,50,51
28-10-20,30,40,11,43,51
27-10-20,25,32,51,38,51
26-10-20,30,27,51,35, 
25-10-20,34,31,28,38, 
24-10-20,28,36,32,48,51
23-10-20,36,38,32,29,51
22-10-20,50,46,26,62, 
21-10-20,46,52,12,52, 
20-10-20,40,46,26,25,51
19-10-20,50,44,26,14,51
18-10-20,56,55,18,12,51
17-10-20,36,56,32,13, 
16-10-20,25,36,36,14,51
15-10-20,49,26,36,17,51
14-10-20,61,49,21,24,51
13-10-20,76,61,22,23,51
12-10-20,60,75,26,21, 
11-10-20,45,59,26,24,51
10-10-20,67,46,30,24, 
09-10-20,72,65,30,32,51
08-10-20,62,70,32,41,51
07-10-20,58,62,36,37,51
06-10-20,55,58,36,37,51
05-10-20,54,55,40,38,51
04-10-20,51,54,44,40,51
03-10-20,44,52,44,39,51
02-10-20,37,45,34,36,51
01-10-20,40,38,40,32,51
30-09-20,36,40,40,31,51
29-09-20,38,37,34,33,51
28-09-20,38,36,30,34,51
27-09-20,30,39,34,37,51
26-09-20,25,32,34,36, 
25-09-20,30,27,30,34, 
24-09-20,23,27,42,37, 
23-09-20,23,22,42,35, 
22-09-20,40,27,42,34, 
21-09-20,48,31,42,33, 
20-09-20,58,42,34, ,51
19-09-20,25,43,34, ,51
18-09-20,24,25,32, , 
17-09-20,26,25,34, ,51
16-09-20,25,26,34, ,51
15-09-20,24,27,34, ,51
14-09-20,25,25,32, ,51
13-09-20,24,27,32, , 
12-09-20,27,25,36, ,51
11-09-20,30,27,44, ,51
10-09-20,30,30,44, ,51
09-09-20,29,30,42, ,51
08-09-20,26,29,42, ,51
07-09-20,34,27,36, ,51
06-09-20,40,33,46, ,51
05-09-20,45,38,46, ,51
04-09-20,36,41,36, ,51
03-09-20,31,34,36, ,51
02-09-20,26,30,36, ,51
01-09-20,27,26,30, ,51
31-08-20,31,29,30, , 
30-08-20,28,31,44, , 
29-08-20,21,27,44, , 
28-08-20,23,22,40, ,51
27-08-20,27,23,26, , 
26-08-20,30,26,24, ,51
25-08-20,30,29,26, , 
24-08-20,23,29,26, , 
23-08-20,25,24,26, ,51
22-08-20,27,23,26, , 
21-08-20,26,24,26, , 
20-08-20,25,25,26, ,51
19-08-20,25,25,26, , 
18-08-20,23,25,26, , 
17-08-20,24,24,28, ,51
16-08-20,25,25,34, , 
15-08-20,22,25,34, , 
14-08-20,22,22,32, , 
13-08-20,23,23,32, , 
12-08-20,23,24,32, , 
11-08-20,23,24,30, , 
10-08-20,30,24,30, , 
09-08-20,28,30,32, , 
08-08-20,25,28,32, , 
07-08-20,24,26,32, , 
06-08-20,23,25,30, , 
05-08-20,23,24,29, , 
04-08-20,26,26,28, ,51
03-08-20,29,30,36, , 
02-08-20,27,30,36, ,51
01-08-20,28,21,28, , 
31-07-20,27,31,34, ,51
30-07-20,18,27,34, ,51
29-07-20,15,20,26, ,51
28-07-20,17,18,30, ,51
27-07-20,13,16,30, ,51
26-07-20,22,17,28, ,51
25-07-20,22,20,32, , 
24-07-20, ,23,32, ,51
23-07-20,45,17,28, , 
22-07-20,38,28,28, ,51
21-07-20,22,29,28, , 
20-07-20,22,22,28, , 
19-07-20, ,21,28, , 
18-07-20, ,21,28, , 
17-07-20, , ,34, , 
16-07-20, ,19,34, , 
15-07-20, ,17,30, , 
14-07-20,25,18,26, , 
13-07-20,27,23,24, ,51
12-07-20,23,27,26, ,51
11-07-20,24,22,26, , 
10-07-20,25,24,12, , 
09-07-20,26,26,12, , 
08-07-20,30,30,10, ,51
07-07-20, ,29,32, ,51
06-07-20,25,19,32, , 
05-07-20,23,25,32, , 
04-07-20,26,24,32,17,51
03-07-20,25,23,30,15,50
02-07-20,25,25, , , 
01-07-20,27,25,26,23,44
30-06-20,21,25,27,25,38
29-06-20,29,19,22,25,42
28-06-20,55,25,20,25,44
27-06-20,27,43,10,45,28
26-06-20,25,28,37, , 
25-06-20,47,21,10,24,33
24-06-20,47,41,9,41,22
23-06-20, ,45,12,41, 
16-05-20,51, , , , 
15-05-20,51,49,25, ,45
14-05-20,51,49,25, ,45
13-05-20,51,49,25, ,45
12-05-20,51,49,25, ,45
11-05-20,51,49,25, ,45
10-05-20,51,49,25, ,45
09-05-20,51,49,25, ,45
08-05-20,51,49,25, ,45
07-05-20,51,49,25, ,45
06-05-20,51,49,25, ,45
05-05-20,51,49,25, ,45
04-05-20,51,49,25, ,45
03-05-20,51,49,25, ,45
02-05-20,51,49,25, ,45
01-05-20,51,49,25, ,45
30-04-20,55,49,33, ,45
29-04-20,66,53,44, ,44
28-04-20,57,65,54, ,43
27-04-20,49,55,46, ,39
26-04-20,49,47,49, ,35
25-04-20,45,47,53, ,38
24-04-20,53,43,30, ,41
23-04-20,63,51,45, ,40
22-04-20,55,62,56, ,39
21-04-20,56,53,50, ,39
20-04-20,45,54,50, ,47
19-04-20,57,43,54, ,46
18-04-20,55,56,56, ,45
17-04-20,52,53,56, ,45
16-04-20,59,50,65, ,45
15-04-20,72,57,54, ,49
14-04-20,71,71,62, ,50
13-04-20,69,70,60, ,49
12-04-20,73,68,60, ,47
11-04-20,78,73,62, ,50
10-04-20,73,78,74, ,48
09-04-20,74,72,64, ,46
08-04-20,67,74,57, ,43
07-04-20,61,66,52, ,41
06-04-20,59,60,56, ,43
05-04-20,71,58,64, ,42
04-04-20,77,70,77, ,50
03-04-20,66,77,66, ,50
02-04-20,51,66,60, ,47
01-04-20,53,49,56, ,47
31-03-20, ,52,59, ,53
29-03-20,47, , , , 
28-03-20,59,45,22, ,56
27-03-20,51,57,42, ,58
26-03-20,50,50,41, ,50
25-03-20,76,48,58, ,50
24-03-20,69,71,64, ,46
23-03-20,62,66,68, ,42
22-03-20,72,61,55, ,45
21-03-20,81,71,53, ,46
20-03-20,73,81,52, ,45
19-03-20,87,73,49, ,44
18-03-20,106,87,64, ,48
17-03-20,114,104,74, ,54
16-03-20,126,106,86, ,54
15-03-20,119,111,72, ,55
14-03-20,105,108,65, ,59
13-03-20,70,100,64, ,52
12-03-20,63,69,61,29,50
11-03-20,64,62,52,29,52
10-03-20,96,63,43,29,51
09-03-20,106,97,45,29,56
08-03-20,106,104,52,29,61
07-03-20,68,100,67,29,55
06-03-20,96,65,49,29,53
05-03-20,107,96,39,29,54
04-03-20,91,104,52,29,59
03-03-20,100,92,58,29,56
02-03-20,123,96,43,29,53
01-03-20,146,110,54, ,57
29-02-20,163,118,72, ,13
28-02-20,195,123,74, ,48
27-02-20,160,135,77, ,55
26-02-20,133,122,69, ,41
25-02-20,191,113,69, ,40
24-02-20,191,133,47,29,47
23-02-20,162,133,69,29,45
22-02-20,141,123,95, ,37
21-02-20,178,116,62, ,32
20-02-20,182,129,72, ,16
19-02-20,165,130,85, ,27
18-02-20,200,124,74, ,20
17-02-20,213,137,69, ,32
16-02-20,172,142,66, ,36
15-02-20,150,127,67,29,34
14-02-20,200,119,73,30,30
13-02-20,189,137,63,33,36
12-02-20,145,133,44,38,47
11-02-20,93,117,44,49,45
10-02-20,92,94,42,44,30
09-02-20,110,93,43,34,18
08-02-20,110,105,54,12,20
07-02-20,111,105,58,13,25
06-02-20,160,105,74,28,25
05-02-20,127,122,74,46,33
04-02-20,100,109,68,55,35
03-02-20,107,96,63,67,21
02-02-20,125,101,59,19,30
01-02-20,150,110,64,19,21
31-01-20,129,119,65,21,34
30-01-20,88,111,92,43,35
29-01-20,67,88,63,51,28
28-01-20,95,66,49,57,23
27-01-20,146,89,40,73,24
26-01-20,183,117,59,74,51
25-01-20,194,131,55,78,56
24-01-20,195,135,54,65,69
23-01-20,144,135,34,38,51
22-01-20,114,117,56,41,38
21-01-20,132,106,59,31,31
20-01-20,159,113,79,30,40
19-01-20,184,122,64,50,39
18-01-20,134,130,60,58,39
17-01-20,78,113,68,58,34
16-01-20,82,77,66,58,20
15-01-20,87,82,73,58,17
14-01-20,97,87,82,58,24
13-01-20,155,94,51,58,27
12-01-20,188,121,66,58,43
11-01-20,173,132,60,57,48
10-01-20,128,127,53,57,42
09-01-20,93,111,45,58,31
08-01-20,108,92,27,58,32
07-01-20,146,101,22,58,40
06-01-20,136,118,42,58,50
05-01-20,156,114,60,58,43
04-01-20,139,115,58,58,44
03-01-20,115,96,31,58,45
02-01-20,121,104,24,58,39
01-01-20,89,106,33,57,38
31-12-19, ,87,27,56,45
29-12-19,152, , , , 
28-12-19,140,120,31, ,41
27-12-19,95,116,41,58,43
26-12-19,111,94,28, ,35
25-12-19,135,105,26, ,44
24-12-19,182,114,38, ,51
23-12-19,189,130,30, ,52
22-12-19,191,132,45,58,55
21-12-19,201,134,44,57,57
20-12-19,184,137,48,58,72
19-12-19,187,131,27,58,97
18-12-19,133,132,39,57,95
17-12-19,125,116,54,57,80
16-12-19,131,111,51,58,86
15-12-19,110,112,44,58,93
14-12-19,91,105,39,58,91
13-12-19,102,92,34,58,82
12-12-19,131,99,24,58,86
11-12-19,130,112,38,58,95
10-12-19,133,112,38,58,94
09-12-19,177,113,38,58,97
08-12-19,170,128,50,58,93
07-12-19,202,126,56,56,89
06-12-19,180,138,69,57,92
05-12-19,160,129,69,58,95
04-12-19,99,122,79,58,91
03-12-19,98,98,66,58,86
02-12-19,144,94,48,58,83
01-12-19, ,117,51,58,80
30-11-19,144, , , , 
29-11-19,153,116,30,58,99
28-11-19,181,120,58,58,95
27-11-19,218,130,58,58,96
26-11-19,240,143,61,58,93
25-11-19,237,151,63,58,97
24-11-19,215,150,64, ,100
23-11-19,180,142,67,58,99
22-11-19,159,129,72,58,97
21-11-19,161,122,56,58,97
20-11-19,178,122,27,58,104
19-11-19,159,129,72,55,101
18-11-19,95,122,66,52,98
17-11-19,138,95,83,58,81
16-11-19,121,115,69,58,91
15-11-19,115,109,71,54,90
14-11-19,101,106,62,51,90
13-11-19,111,100,68,58,84
12-11-19,94,105,62,58,87
11-11-19,81,95,64,58,87
10-11-19,51,80,53,55,82
09-11-19,45,48,51,55,71
08-11-19,41,42,48,56,73
07-11-19,61,38,40,56,76
06-11-19,57,59,18,57,92
05-11-19,35,55,22,58,94
04-11-19,33,31,46,57,76
03-11-19,44,29,42,55,49
02-11-19,32,41,52,56,54
01-11-19,45,36,43,58,46
31-10-19,45,42,59,58,41
30-10-19,43,42,59,58,41
29-10-19,45,39,58,58,43
28-10-19,63,42,49,58,28
27-10-19,21,60,38,58,11
26-10-19,21,16,46,57,12
25-10-19,21,16,36,56,18
24-10-19,28,16,35,57,18
23-10-19,29,25,30,57,40
22-10-19,46,27,36,57,36
21-10-19,29,26,41,58,32
20-10-19,30,27,46,58,24
19-10-19,30,29,27,57,17
18-10-19,30,29,33,7,52
17-10-19,30,29,33,7,52
16-10-19,30,29,33,7,52
15-10-19,30,29,33,7,52
14-10-19,30,29,33,7,52
13-10-19,30,29,33,7,52
12-10-19,30,29,33,7,52
11-10-19,30,29,33,7,52
10-10-19,30,29,33,7,52
09-10-19,30,29,33,7,52
08-10-19,30,29,33,7,52
07-10-19,30,29,33,7,52
06-10-19,30,29,33,7,52
05-10-19,30,29,33,7,52
04-10-19,30,29,33,7,52
03-10-19,30,29,33,7,52
02-10-19,30,29,33,7,52
01-10-19,30,29,33,7,52
30-09-19,30,29,33,7,52
29-09-19,30,29,33,7,52
28-09-19,30,29,33,7,52
27-09-19,30,29,33,7,52
26-09-19,30,29,33,7,52
25-09-19,30,29,33,7,52
24-09-19,30,29,33,7,52
23-09-19,30,29,39,8,43
22-09-19,31,29,45,14,42
21-09-19,37,30,36,16,41
20-09-19,44,35,40,14,47
19-09-19,36,42,32,14,55
18-09-19,37,35,42,13,57
17-09-19,24,36,32,9,43
16-09-19,36,24,32,7,37
15-09-19,36,35,33,14,38
14-09-19,31,35,35,17,33
13-09-19,30,30,29,13,37
12-09-19,41,29,29,10,33
11-09-19,33,39,29,10,37
10-09-19,34,32,30,8,38
09-09-19,36,33,28,9,39
08-09-19,36,34,29,12,43
07-09-19,36,34,29,13,40
06-09-19,33,35,29,12,39
05-09-19,42,32,28,18,38
04-09-19,34,40,29,24,42
03-09-19,34,33,29,83,41
02-09-19,27,34,30,64,34
01-09-19,24,26,26,53,36
31-08-19,35,23,30,54,39
30-08-19,33,33,29,51,40
29-08-19,34,32,31,47,42
28-08-19,32,32,36,35,40
27-08-19,38,31,35,34,44
26-08-19,41,36,34,34,42
25-08-19,37,39,37,34,39
24-08-19,34,35,38,34,39
23-08-19,35,32,32,34,40
22-08-19,35,33,27,34,42
21-08-19,34,33,32,34,43
20-08-19,39,33,36,31,45
19-08-19,32,38,45,25,44
18-08-19,32,30,38,34,41
17-08-19,29,30,36,34,39
16-08-19,27,28,35,34,39
15-08-19,34,26,30,34,41
14-08-19,34,33,30,34,40
13-08-19,23,33,34,34,45
12-08-19,24,22,31,34,39
11-08-19,41,23,26,34,38
10-08-19,27,39,31,34,42
09-08-19,31,26,32,34,40
08-08-19,31,30,34,34,37
07-08-19,25,31,33,34,41
06-08-19,24,28,27,34,43
05-08-19,24,27,28,34,43
04-08-19,24,27,27,34,44
03-08-19,25,27,31,34,43
02-08-19,28,30,28,34,43
01-08-19,29,39,48,34,37
31-07-19,25,40,55,34,34
30-07-19,25,36,57,34,34
29-07-19,26,36,55,34,36
28-07-19,26,37,57,34,36
27-07-19,25,36,63,34,37
26-07-19,38,36,55,34,40
25-07-19,36,50,58,34,42
24-07-19,30,47,58,34,37
23-07-19,28,42,41,34,32
22-07-19,29,40,34,34,36
21-07-19,38,41,86,34,42
20-07-19,37,52,61,34,47
19-07-19,31,49,45,34,43
18-07-19,30,42,37,34,32
17-07-19,29,41,38,34,30
16-07-19,29,41,30,34,30
15-07-19,29,40,31,34,30
14-07-19,26,41,35,34,31
13-07-19,29,37,31,34,30
12-07-19,28,44,31,33,33
11-07-19,28,45,29,34,36
10-07-19,28,39,30,34,36
09-07-19,29,39,30,34,36
08-07-19,31,41,29,34,38
07-07-19,20,40,29,34,38
06-07-19,22,29,30,34,38
05-07-19,28,32,30,34,39
04-07-19,31,38,33,34,37
03-07-19,30,43,33,34,37
02-07-19,24,42,30,34,37
01-07-19,24,34,31,33,40
30-06-19,23,34,31,34,41
29-06-19,25,33,34,34,40
28-06-19,28,35,30,34,43
27-06-19,25,39,30,34,42
26-06-19,27,36,39,34,43
25-06-19,31,37,39,34,42
24-06-19,32,35,37,34,47
23-06-19,29,34,39,34,47
22-06-19,27,31,37,34,41
21-06-19,27,30,38,34,44
20-06-19,27,29,43,34,46
19-06-19,28,29,17,32,45
18-06-19,26,31,6,34,46
17-06-19,37,29,6,34,47
16-06-19,37,39,8,34,56
15-06-19,37,39,8,34,64
14-06-19,32,39,8,34,64
13-06-19,27,34,7,34,64
12-06-19,31,29,6,34,64
11-06-19,34,33,44,32,69
10-06-19,36,36,53,34,77
09-06-19,35,38,30,34,73
08-06-19,38,38,63,34,68
07-06-19,34,45,78,34,70
06-06-19,34,45,59,34,56
05-06-19,33,44,48,34,55
04-06-19,32,40,48,34,53
03-06-19,33,37,51,34,53
02-06-19,32,40,40,34,52
01-06-19,31,40,58,35,52
31-05-19,32,43,52,34,52
30-05-19,34,48,68,34,52
29-05-19,43,50,64,34,56
28-05-19,34,57,58,35,54
27-05-19,31,64,62,35,54
26-05-19,34,51,70,35,52
25-05-19,30,54,74,35,51
24-05-19,29,56,63,35,52
23-05-19,30,49,63,35,51
22-05-19,31,49,65,33,53
21-05-19,27,48,71,33,51
20-05-19,27,46,73,33,54
19-05-19,32,42,74,33,48
18-05-19,34,56,56,34,52
17-05-19,38,59,48,34,57
16-05-19,41,55,52,34,58
15-05-19,33,54,61,35,59
14-05-19,31,53,67,35,57
13-05-19,30,46,61,35,54
12-05-19,33,42,65,35,55
11-05-19,32,36,70,35,55
10-05-19,31,33,57,35,53
09-05-19,33,32,63,33,54
08-05-19,50,37,62,33,54
07-05-19,36,44,53,33,33
06-05-19,33,52,38,33,55
05-05-19,35,50,47,33,57
04-05-19,33,54,39,33,56
03-05-19,32,55,33,33,57
02-05-19,34,60,39,33,60
01-05-19,33,62,46,33,64
30-04-19,35,62,33,33,73
29-04-19,34,65,37,33,43
28-04-19,35,66,62,33,6
27-04-19,38,68,75,35,24
26-04-19,45,63,74,36,18
25-04-19,40,57,60,37,20
24-04-19,30,54,80,39,52
23-04-19,30,54,73,41,52
22-04-19,30,54,69,37,69
21-04-19,30,54,69,37,69
20-04-19,30,54,69,37,69
19-04-19,28,54,69,37,69
18-04-19,30,51,69,37,69
17-04-19,28,54,69,37,69
16-04-19,28,51,69,35,65
15-04-19,28,51,69,35,65
14-04-19,28,51,69,35,65
13-04-19,28,51,69,35,65
12-04-19,33,51,69,36,65
11-04-19,31,60,87,36,68
10-04-19,21,62,107,36,72
09-04-19,18,59,118,36,69
08-04-19,22,56,133,36,67
07-04-19,19,57,119,36,66
06-04-19,22,54,126,34,65
05-04-19,19,56,123,34,67
04-04-19,34,72,157,36,69
03-04-19,39,71,135,36,73
02-04-19,34,60,96,37,69
01-04-19,43,57,98,37,69
31-03-19,52,68,107,37,73
30-03-19,54,76,118,37,77
29-03-19,53,79,124,38,78
28-03-19,59,82,130,39,81
27-03-19,59,92,105,38,82
26-03-19,60,93,81,39,82
25-03-19,61,91,103,38,86
24-03-19,58,99,111,38,87
23-03-19,40,94,125,39,85
22-03-19,34,67,128,38,83
21-03-19,49,56,95,37,85
20-03-19,41,66,132,38,89
19-03-19,54,70,164,39,48
18-03-19,47,85,153,38,31
17-03-19,50,76,168,38,31
16-03-19,53,81,162,38,40
15-03-19,47,91,132,39,32
14-03-19,50,74,108,38,29
13-03-19,56,72,96,38,30
12-03-19,53,86,98,38,30
11-03-19,55,89,91,38,34
10-03-19,59,92,97,38,35
09-03-19,58,96,139,38,38
08-03-19,50,93,126,39,41
07-03-19,41,83,129,39,42
06-03-19,47,75,96,40,43
05-03-19,41,59,36,42,25
04-03-19,31,55,42,42,21
03-03-19,52,47,101,38,25
02-03-19,74,83,125,39,39
01-03-19,79,117,126,42,47
28-02-19,62,106,66,39,38
27-02-19,47,91,62,39,30
26-02-19,44,78,50,40,29
25-02-19,49,72,80,39,36
24-02-19,53,74,109,38,42
23-02-19,59,84,110,39,46
22-02-19,60,82,90,38,49
21-02-19,64,82,111,35,49
20-02-19,66,89,121,35,50
19-02-19,65,104,122,35,45
18-02-19,61,101,147,35,46
17-02-19,62,95,147,35,44
16-02-19,52,96,133,35,42
15-02-19,51,87,93,34,45
14-02-19,59,55,70,31,54
13-02-19,72,59,89,30,61
12-02-19,84,71,82,30,68
11-02-19,103,68,81,30,65
10-02-19,89,78,91,32,58
09-02-19,70,129,96,34,44
08-02-19,42,110,76,32,20
07-02-19,57,66,83,32,10
06-02-19,68,88,79,33,21
05-02-19,64,106,91,33,28
04-02-19,63,111,79,34,27
03-02-19,65,102,80,33,27
02-02-19,71,104,89,32,28
01-02-19,84,110,94,33,28
31-01-19,73,127,102,34,27
30-01-19,64,117,95,33,21
29-01-19,49,107,87,33,17
28-01-19,66,84,82,32,18
27-01-19,67,98,75,32,17
26-01-19,57,102,70,32,16
25-01-19,55,95,77,32,15
24-01-19,44,87,87,32,18
23-01-19,48,69,83,32,22
22-01-19,81,73,55,32,29
21-01-19,101,99,52,33,37
20-01-19,111,150,41,34,39
19-01-19,103,179,95,34,49
18-01-19,80,150,77,34,51
17-01-19,74,126,79,35,58
16-01-19,81,122,32,35,46
15-01-19,81,124,76,34,48
14-01-19,82,117,81,33,55
13-01-19,97,117,96,34,57
12-01-19,102,130,101,34,59
11-01-19,110,132,84,34,63
10-01-19,128,142,107,35,65
09-01-19,112,156,96,37,65
08-01-19,100,144,90,38,59
07-01-19,77,140,87,39,59
06-01-19,88,111,85,41,61
05-01-19,114,118,89,41,68
04-01-19,104,140,93,41,71
03-01-19,109,133,90,41,71
02-01-19,97,139,71,41,72
01-01-19,114,128,80,39,68
31-12-18, ,140,92,39,64
30-12-18,72, , , , 
29-12-18,73,107,35,39,50
28-12-18,97,105,35,39,51
27-12-18,72,101,87,39,50
26-12-18,74,91,18,39,47
25-12-18,70,94,48,39,47
24-12-18,75,92,62,41,47
23-12-18,77,112,66,39,63
22-12-18,63,115,84,39,53
21-12-18,60,102,67,39,46
20-12-18,49,103,66,39,37
19-12-18,49,87,58,39,24
18-12-18,72,84,36,39,19
17-12-18,74,112,68,39,43
16-12-18,85,111,86,39,45
15-12-18,62,116,97,39,47
14-12-18,55,91,92,39,42
13-12-18,55,84,89,39,35
12-12-18,59,86,63,40,34
11-12-18,66,94,65,40,35
10-12-18,49,92,77,40,35
09-12-18,52,76,71,63,26
08-12-18,67,83,73,102,32
07-12-18,68,90,101,62,35
06-12-18,75,92,94,32,34
05-12-18,98,112,77,41,41
04-12-18,118,134,70,42,55
03-12-18,132,151,70,42,56
02-12-18,121,156,79,42,63
01-12-18,96,148,86,42,61
30-11-18,92,134,136,42,23
29-11-18,84,129,128,40,51
28-11-18,84,121,94,40,50
27-11-18,88,122,97,40,46
26-11-18,83,125,105,40,52
25-11-18,78,120,108,40,45
24-11-18,66,115,109,40,43
23-11-18,58,106,82,40,42
22-11-18,65,93,91,40,34
21-11-18,70,75,99,40,35
20-11-18,77,67,77,40,20
19-11-18,82,75,45,40,17
18-11-18,83,80,75,40,20
17-11-18,88,82,89,40,18
16-11-18,84,87,75,40,27
15-11-18,92,83,75,40,24
14-11-18,96,93,86,40,31
13-11-18,101,105,91,40,32
12-11-18,130,119,100,40,21
11-11-18,138,127,104,40,21
10-11-18,121,129,89,40,23
09-11-18,148,122,77,40,21
08-11-18,159,128,96,42,18
07-11-18,59,115,98,42,23
06-11-18,56,64,63,42,30
05-11-18,59,63,59,42,21
04-11-18,69,63,45,42,21
03-11-18,186,74,56,42,24
02-11-18,328,111,88,42,19
01-11-18,78,115,89,42,15
31-10-18,78,77,89,42,23
30-10-18,78,72,100,40,23
29-10-18,78,60,108,40,24
28-10-18,78,64,88,40,26
27-10-18,78,85,14,42,30
26-10-18,74,85,14,40,29
25-10-18,68,107,107,40,26
24-10-18,66,96,94,40,26
23-10-18,70,94,70, ,29
22-10-18,69,100,70,40,31
21-10-18,62,97,85,40,32
20-10-18,53,87,84,40,28
19-10-18,48,73,73,40,26
18-10-18,60,66,75,40,27
17-10-18,65,84,26,40,28
16-10-18,68,92,74,40,30
15-10-18,63,84,84,40,28
14-10-18,52,63,83,40,32
13-10-18,42,52,55,41,36
12-10-18,47,41,78,41,43
11-10-18,42,47,77,41,38
10-10-18,30,41,87,41,40
09-10-18,23,27,84,44,32
08-10-18,25,21,92,46,28
07-10-18,43,23,91,46,33
06-10-18,40,42,85,46,41
05-10-18,33,39,70,47,68
04-10-18,34,31,70,47,67
03-10-18,34,32,86,47,73
02-10-18,35,32,84,47,80
01-10-18,41,33,71,47,77
30-09-18,38,40,65,47,85
29-09-18,34,36,71,44,83
28-09-18,37,32,82,44,76
27-09-18,36,35,70,44,76
26-09-18,33,34,73,44,77
25-09-18,34,31,72,44,81
24-09-18,34,32,70,44,74
23-09-18,34,32,66,44,69
22-09-18,34,32,63,44,67
21-09-18,31,32,75,44,67
20-09-18,31,30,74,44,67
19-09-18,29,29,44,44,76
18-09-18,21,27,43,47,75
17-09-18,20,19,57,44,72
16-09-18,23,17,57,44,68
15-09-18,23,21,47,44,70
14-09-18,23,21,47,44,70
13-09-18,36,20,47,44,69
12-09-18,36,34,63,44,76
11-09-18,33,34,63,44,76
10-09-18,23,31,63,44,73
09-09-18,23,21,54,44,61
08-09-18,23,21,54,44,61
07-09-18,24,20,54,44,60
06-09-18,23,21,54,44,61
05-09-18,23,20,53,44,58
04-09-18,20,20,40,44,54
03-09-18,18,17,39,44,52
02-09-18,22,16,43,44,54
01-09-18,23,19,52,44,59
31-08-18,26,20,50,47,59
30-08-18,26,24,48,47,60
29-08-18,23,24,48,40,60
28-08-18,20,20,37,37,56
27-08-18,20,17,39,37,55
26-08-18,21,17,40,37,59
25-08-18,20,18,32,37,56
24-08-18,19,17,33,37,57
23-08-18,19,16,41,35,60
22-08-18,17,16,41,35,58
21-08-18,17,14,40,35,56
20-08-18,18,14,40,35,56
19-08-18,20,15,44,35,55
18-08-18,22,18,45,35,54
17-08-18,21,19,45,35,53
16-08-18,20,18,46,34,56
15-08-18,23,17,42,35,59
14-08-18,19,20,40,35,59
13-08-18,18,17,40,35,59
12-08-18,19,15,44,35,58
11-08-18,21,16,44,35,55
10-08-18,23,18,41,35,57
09-08-18,24,21,42,35,59
08-08-18,23,22,42,35,58
07-08-18,23,20,45,35,58
06-08-18,24,20,44,35,53
05-08-18,22,21,46,35,55
04-08-18,21,19,44,35,58
03-08-18,27,19,40,35,59
02-08-18,33,24,43,35,56
01-08-18,32,31,46,35,58
31-07-18,28,30,45,35,61
30-07-18,26,26,44,35,61
29-07-18,24,24,47,35,57
28-07-18,22,22,46,35,59
27-07-18,24,19,44,35,57
26-07-18,26,21,43,35,53
25-07-18,22,24,43,35,50
24-07-18,21,19,36,35,55
23-07-18,22,19,36,37,54
22-07-18,21,20,43,39,51
21-07-18,21,18,44,38,51
20-07-18,20,18,51,36,52
19-07-18,20,17,50,35,49
18-07-18,21,17,48,35,46
17-07-18,18,18,43,35,46
16-07-18,18,15,40,35,44
15-07-18,20,15,29,35,42
14-07-18,21,17,24,35,43
13-07-18,21,19,26,35,42
12-07-18,21,18,39,35,41
11-07-18,20,18,40,35,41
10-07-18,19,18,40,35,43
09-07-18,20,16,40,35,44
08-07-18,21,18,33,33,42
07-07-18,22,18,42,33,42
06-07-18,20,19,41,35,42
05-07-18,20,17,41,35,46
04-07-18,23,17,39,35,47
03-07-18,24,20,36,35,47
02-07-18,25,22,47,35,46
01-07-18,30,23,46,35,45
30-06-18,29,28,50,35,53
29-06-18,25,27,50,35,53
28-06-18,24,23,37,33,48
27-06-18,25,22,54,33,52
26-06-18,23,22,48,33,47
25-06-18,19,20,40,33,47
24-06-18,22,17,41,33,46
23-06-18,26,20,46,33,49
22-06-18,32,24,49,33,54
21-06-18,35,29,52,33,58
20-06-18,31,33,51,33,62
19-06-18,25,29,62,33,65
18-06-18,15,23,61,33,57
17-06-18,19,12,56,33,51
16-06-18,23,16,52,33,47
15-06-18,24,20,52,33,45
14-06-18,30,22,49,33,47
13-06-18,34,28,50,33,47
12-06-18,40,32,49,33,45
11-06-18,36,38,45,33,43
10-06-18,24,34,43,33,38
09-06-18,25,22,50,33,36
08-06-18,31,23,50,33,42
07-06-18,35,30,50,33,44
06-06-18,37,33,64,33,41
05-06-18,33,36,72,33,46
04-06-18,30,31,50,33,45
03-06-18,35,28,62,33,47
02-06-18,46,34,62,33,45
01-06-18,48,46,48,33,37
31-05-18,45,48,71,33,34
30-05-18,41,44,70,53,36
29-05-18,63,40,57,76,38
28-05-18,104,65,32,88,41
27-05-18,85,103,62,92,52
26-05-18,46,82,61,99,53
25-05-18,53,45,47,133,38
24-05-18,50,53,56,104,35
23-05-18,48,49,55,73,31
22-05-18,50,47,59,63,31
21-05-18,54,50,62,51,43
20-05-18,56,54,61,42,42
19-05-18,44,56,59,37,65
18-05-18,49,43,42,33,61
17-05-18,55,49,38,36,24
16-05-18,46,55,42,46,10
15-05-18,45,45,40,50,47
14-05-18,45,44,72,40,46
13-05-18,45,44,62,27,40
12-05-18,46,44,56,23,38
11-05-18,56,45,53,23,38
10-05-18,58,56,64,23,45
09-05-18,42,58,64,27,47
08-05-18,42,41,43,27,36
07-05-18,50,41,60,25,38
06-05-18,62,50,72,23,46
05-05-18, ,63,71,24,55
03-05-18,74, , ,22, 
02-05-18,79,75,40,22,94
01-05-18,73,80,40,23,96
30-04-18,62,75,78,22,96
29-04-18,65,63,73,23,96
28-04-18,77,66,90,26,99
27-04-18,81,78,95,26,99
26-04-18,78,83,89,26,98
25-04-18,80,80,57,26,92
24-04-18,78,81,72,25,91
23-04-18,71,80,72,27,91
22-04-18, ,72,62,26,86
20-04-18,99, , , , 
19-04-18,97,102,57,29,91
18-04-18,85,98,57,29,91
17-04-18,80,86,51,30,90
16-04-18,70,81,78,28,87
15-04-18, ,71,74,26,83
14-04-18,98, , , , 
13-04-18,92,101,77, , 
12-04-18,94,95,95,30, 
11-04-18,104,94,95,30,66
10-04-18,96,103,98,32,62
09-04-18,165,99,98,32,58
08-04-18,153,126,25,33,66
07-04-18,121,122,34,33,59
06-04-18,96,110,36,32,52
05-04-18,102,99,62,30,55
04-04-18,94,101,77,30,57
03-04-18,75,93,78,30,53
02-04-18,71,76,78,27,49
01-04-18,65,72,87,27,48
31-03-18,73,65,85,27,44
30-03-18,74,73,93,28,42
29-03-18,84,75,91,29,47
28-03-18,146,86,83,28,50
27-03-18,246,118,83,30,65
26-03-18,239,155,112,31,66
25-03-18,144,154,108,30,59
24-03-18,118,118,93,31,57
23-03-18,79,105,90,33,53
22-03-18,67,80,88,32,37
21-03-18,70,67,79,31,33
20-03-18,86,71,86,32,35
19-03-18,145,88,95,37,46
18-03-18,186,116,90,40,53
17-03-18,120,133,92,40,52
16-03-18,107,106,88,38,39
15-03-18,136,102,68,37,47
14-03-18,212,116,128,38,56
13-03-18,244,142,126,39,60
12-03-18,169,153,110,40,62
11-03-18,150,127,107,36,57
10-03-18,131,120,153,37,63
09-03-18,106,114,166,37,61
08-03-18,157,105,185,34,46
07-03-18,215,123,181,35,51
06-03-18,142,144,166,35,59
05-03-18,124,120,133,27,77
04-03-18, ,112,125,23,101
02-03-18, , , ,58, 
01-03-18, , ,24,51,105
28-02-18, , ,24,40,105
27-02-18,267, , ,23, 
26-02-18,282,160,130,25,101
25-02-18,235,161,141,30,100
24-02-18,173,144,174,30,101
23-02-18,153,127,174,29,103
22-02-18,170,119,187,31,103
21-02-18,156,125,133,31,102
20-02-18,113,120,130,33,103
19-02-18,84,101,188,27,94
18-02-18,109,84,182,21,93
17-02-18,133,104,143,29,102
16-02-18,132,112,140,29,103
15-02-18,93,109,100,27,101
14-02-18,87,93,98,23,91
13-02-18,77,85,87,24,96
12-02-18,96,76,78,23,94
11-02-18,108,93,107,25,92
10-02-18,107,104,107,27,99
09-02-18,99,103,96,25,92
08-02-18,121,98,98,24,93
07-02-18,160,105,108,30,96
06-02-18,179,122,118,33,94
05-02-18,209,129,159,32,93
04-02-18,165,140,173,33,100
03-02-18,156,125,186,39,94
02-02-18,205,121,175,40,98
01-02-18,221,138,124,40,100
31-01-18,254,144,114,38,92
30-01-18,224,158,131,38,89
29-01-18,105,148,152,35,98
28-01-18,106,102,149,31,95
27-01-18,129,103,197,34,85
26-01-18,146,111,192,32,77
25-01-18,112,117,165,34,90
24-01-18,109,102,92,32,89
23-01-18,112,97,159,29,71
22-01-18,45,126,173,35,88
21-01-18,38,124,171,35,89
20-01-18,44,114,154,35,79
19-01-18,45,110,131,32,86
18-01-18,59,99,108,30,86
17-01-18,113,86,100,29,80
16-01-18,165,102,110,31,84
15-01-18,175,123,108,34,99
14-01-18,174,128,97,36,104
13-01-18,206,127,49,35,104
12-01-18,217,138,139,36,86
11-01-18,249,143,139,36,88
10-01-18,236,154,154,35,82
09-01-18,129,149,151,34,72
08-01-18,95,111,150,32,67
07-01-18,103,96,162,27,68
06-01-18,132,100,148,27,70
05-01-18,192,113,100,29,75
04-01-18,192,133,171,30,84
03-01-18,166,133,163,30,79
02-01-18,168,124,181,29,73
01-01-18,279,125,172,31,79
31-12-17, ,165,41,43,98
30-12-17,279, , , , 
29-12-17,293,165,41,38,98
28-12-17,270,175,114,35,81
27-12-17,196,170,114,35,74
26-12-17,175,135,93,32,81
25-12-17,176,127,93,32,78
24-12-17,198,128,171,33,73
23-12-17,256,136,162,34,78
22-12-17,268,166,104,33,75
21-12-17,196,171,168,31,72
20-12-17,211,135,165,31,60
19-12-17,204,141,83,29,71
18-12-17,187,138,96,29,66
17-12-17,175,131,96,26,55
16-12-17,148,128,84,24,62
15-12-17,94,118,107,28,60
14-12-17,78,92,96,27,64
13-12-17,72,77,83,24,59
12-12-17,123,71,83,23,48
11-12-17,190,100,130,26,51
10-12-17,173,132,127,31,80
09-12-17,121,127,96,29,75
08-12-17,62,102,86,27,78
07-12-17,40,60,66,25,60
06-12-17,56,37,49,21,40
05-12-17,126,54,49,19, 
04-12-17,171,106,90,23, 
03-12-17,193,126,101,25, 
02-12-17,226,134,102,25, 
01-12-17,239,146,98,24, 
30-11-17,140,150,58,25, 
29-11-17,40,137,130,26, 
28-11-17,26,135,118,26, 
27-11-17,29,137,114,23,22
26-11-17,34,155,148,24,22
25-11-17,30,140,143,25, 
24-11-17,24,91,119,22,75
23-11-17,20,70,115,21,75
22-11-17,29,70,49,22, 
21-11-17,43,80,60,23, 
20-11-17,33,88,60,22, 
19-11-17,37,123,104,26, 
18-11-17,43,134,112,26, 
17-11-17,33,143,112,27, 
16-11-17,33,135,49,28,70
15-11-17,38,135,97,27,60
14-11-17,39,129,151,28,36
13-11-17,36,122,148,26,24
12-11-17,43,126,106,23,12
11-11-17,41,141,125,25,23
10-11-17,37,134,121,25,36
09-11-17,44,111,114,24,21
08-11-17,123,119,104,24, 
07-11-17,196,122,112,24, 
06-11-17,180,109,108,22,31
05-11-17, ,105,85,21,31
03-11-17,252, , , , 
02-11-17,253,122,105,24,26
01-11-17,220,123,113,25,40
31-10-17,214,115,120,25,46
30-10-17,197,113,115,35,45
29-10-17,171,109,82,45,40
28-10-17,146,100,81,44,36
27-10-17,162,101,75,44,38
26-10-17,158,113,66,44,46
25-10-17,115,114,54,43,54
24-10-17,120,112,72,38,47
23-10-17,93,117,58,31,45
22-10-17,100,103,59,28,54
21-10-17,144,107,61,29,48
20-10-17,172,126,62,26,40
19-10-17,124,138,81,25,35
18-10-17,92,114,78,21,53
17-10-17,71,90,79,7,78
16-10-17,39,71,79,4,71
15-10-17,39,37,52,1,9
14-10-17,34,37,51, ,11
13-10-17,29,32,47, ,8
12-10-17,27,27,57, ,8
11-10-17,31,24,55,2,6
10-10-17,33,28,44,2,7
09-10-17,24,31,53,3,12
08-10-17,37,21,52,2,12
07-10-17,69,35,46,3,11
06-10-17,97,69,46,2,14
05-10-17,98,99,51,2,22
04-10-17,79,99,83,12,20
03-10-17,63,80,81,19,17
02-10-17,55,63,63,14,15
01-10-17,48,54,63,22,16
30-09-17,51,47,60,26,22
29-09-17,61,51,66,23,17
28-09-17,69,62,56,19,20
27-09-17,55,69,69,15,19
26-09-17,52,55,70,13,18
25-09-17,46,51,69,13,19
24-09-17,37,45,67,12,11
23-09-17,34,36,54,19,4
22-09-17, ,33,53,22,11
21-09-17, , , ,15, 
02-09-17,48, , ,14, 
01-09-17,48,47,38,14,62
31-08-17,36,47,52,16,60
30-08-17,19,34,47,16,56
29-08-17,16,16,39,14,57
28-08-17,15,13,49,15,64
27-08-17,15,12,49,13,64
26-08-17,20,12,40,12,64
25-08-17,32,17,40,12,64
24-08-17,34,30,45, ,65
23-08-17,31,32,45,14,66
22-08-17,21,29,36,14,67
21-08-17,18,18,36,15,67
20-08-17,24,16,50,12,61
19-08-17,45,22,50,12,62
18-08-17,47,44,38,14,66
17-08-17,40,45,41,14,68
16-08-17,36,38,41,12,68
15-08-17,30,34,40,9,69
14-08-17,34,28,45,9,75
13-08-17,33,32,54,9,85
12-08-17,28,31,54,10,84
11-08-17,32,26,52,10,84
10-08-17,40,31,51, ,85
09-08-17,43,39,52,11,86
08-08-17,39,42,77,11,86
07-08-17,39,38,75, ,85
06-08-17,39,37,81,10,85
05-08-17,38,37,78,9,84
04-08-17,32,36,71,9,83
03-08-17,30,30,50,15,76
02-08-17,24,28,52,15,77
01-08-17,19,23,52,15,83
31-07-17,18,18,58,15,91
30-07-17, ,17,58, ,94
29-07-17,18, , , , 
28-07-17,19,17,57,12,90
27-07-17,19,17,58,12,83
26-07-17,37,14,58,28,67
25-07-17,40,33,58,30,58
24-07-17,34,36,56,9,49
23-07-17, ,30,55,8,49
22-07-17,28, , ,8, 
21-07-17,18,24,56,10,52
20-07-17,14,13,56,11,53
19-07-17,24,8,51,12,59
18-07-17,24,19, ,10,54
17-07-17,25,19, ,11,53
16-07-17,40,21, ,11,54
15-07-17,38,36,24,12,52
14-07-17,41,34,25,11,44
13-07-17,47,37, ,10,35
12-07-17,45,44,25,10,89
11-07-17,46,42,25,13,114
10-07-17,49,32,9,12,28
09-07-17,56,41,11,10,28
08-07-17,54,53,23,10,30
07-07-17,49,51,23,11,24
06-07-17,46,45,22,12,13
05-07-17,43,43,25,11,13
04-07-17,44,40,24,11,13
03-07-17,35,40,13,11,13
02-07-17,40,31,13,12,23
01-07-17,40,36,17,14,34
30-06-17,37,37,18,14,31
29-06-17,38,33,20,13,33
28-06-17,37,35,24,12,34
27-06-17,28,33,24,14,35
26-06-17,25,24,27,13,35
25-06-17,46,21,27,11,34
24-06-17,44,42,21,11,29
23-06-17,44,41,22,12,29
22-06-17,47,41,23,11,30
21-06-17,39,44,24,12,28
20-06-17,35,35,25,11,27
19-06-17,35,31,24,11,26
18-06-17,33,30,24,13,26
17-06-17,31,29,22,15,27
16-06-17,32,26,29,15,28
15-06-17,36,27,32,17,27
14-06-17,39,32,36,16,28
13-06-17,30,36,34,14,29
12-06-17,30,25,17,13,32
11-06-17,31,25,42,12,31
10-06-17,38,27,43,12,30
09-06-17,35,34,40,11,29
08-06-17,39,31,39,11,29
07-06-17,58,35,37,12,29
06-06-17,57,56,30,13,29
05-06-17,45,54,36,14,29
04-06-17,40,42,35,15,29
03-06-17,48,36,48,17,27
02-06-17,45,45,49,13,25
01-06-17,48,41,52,11,24
31-05-17,48,45,50,11,24
30-05-17,54,45,45,11,23
29-05-17,50,52,34,10,26
28-05-17,52,47,32,9,34
27-05-17,62,50,48,10,33
26-05-17,71,60,46,15,33
25-05-17,74,70,36,16,33
24-05-17,70,72,37,16,31
23-05-17,64,69,37,13,28
22-05-17,54,63,18,14,28
21-05-17,39,54,32,16,45
20-05-17,34,50,38,14,54
19-05-17,38,61,37,16,42
18-05-17,29,67,34,18,26
17-05-17,25,65,47,18,26
16-05-17,24,65,43,18,25
15-05-17,29,56,39,23,25
14-05-17,35,61,31,28,25
13-05-17,34,78,21,25,27
12-05-17,33,77,50,22,25
11-05-17,33,69,42,23,25
10-05-17,34,67,26,22,25
09-05-17,34,71,45,32,25
08-05-17,37,80,43,30,56
07-05-17,41,79,28,18,90
06-05-17,45,81,38,19,86
05-05-17,44,86,37,19,87
04-05-17,47,88,35,17,87
03-05-17,49,90,44,19,83
02-05-17,52,96,66,21,81
01-05-17,49,99,56,24,83
30-04-17,45,96,48,19,83
29-04-17,43,92,51,15,82
28-04-17,45,81,58,20,54
27-04-17,49,90,51,19,45
26-04-17,47,93,46,21,44
25-04-17,40,81,44,18,45
24-04-17,38,67,56,15,44
23-04-17,33,71,49,16,36
22-04-17,31,68,38,18,31
21-04-17,34,59,36,15,30
20-04-17,38,67,29,21,29
19-04-17,43,74,39,32, 
18-04-17,50,86,52,43,35
17-04-17, ,101,52,6,35
31-03-17,60, , , , 
30-03-17, ,96,73,13,31
26-03-17,60, , ,13, 
25-03-17,66,96,73,21,31
24-03-17,71,107,95,34,34
23-03-17,60,116,92,38,38
22-03-17,50,105,82,35,36
21-03-17,51,96,66,36,36
20-03-17,51,93,68,35,34
19-03-17,52,90,74,27,31
18-03-17,50,93,70,26,33
17-03-17,48,86,88,29,35
16-03-17,61,86,74,31,32
15-03-17,63,105,80,38,31
14-03-17,68,104,92,36,33
13-03-17,64,109,99,32,34
12-03-17,45,104,96,29,35
11-03-17,41,78,82,23,31
10-03-17,42,74,70,22,29
09-03-17,49,76,67,27,22
08-03-17,52,83,61,27,23
07-03-17,56,95,78,30,24
06-03-17,59,101,90,32,25
05-03-17,58,109,88,30,27
04-03-17,67,111,64,32,29
03-03-17,67,109,82,36,29
02-03-17,83,107,82,26,31
01-03-17,78,131,71,28,83
28-02-17,75,128,71,50,82
27-02-17,65,127,69,47,86
26-02-17,60,110,84,41,82
25-02-17,59,105,82,37,80
24-02-17,57,106,77,33,80
23-02-17,57,101,76,33,80
22-02-17, ,98,55,34,84
21-02-17,60, , ,95, 
20-02-17,59,107,73,74,25
19-02-17,62,109,71,44,30
18-02-17,74,115,26,44,35
17-02-17,73,130,108,41,42
16-02-17,74,124,103,41,36
15-02-17,71,125,46,39,34
14-02-17,63,123,76,38,30
13-02-17,60,111,86,41,24
12-02-17,61,107,83, ,27
11-02-17,59,106,26,38,36
10-02-17,59,102,34,35,35
09-02-17,66,103,46,31,36
08-02-17,69,112,46,35,39
07-02-17,62,112,74,37,37
06-02-17, ,104,74,32,37
05-02-17,63, , , , 
04-02-17,72,114,48,37, 
03-02-17,87,119,62,42,36
02-02-17,77,129,62,51,39
01-02-17,69,121,74,48,34
31-01-17,77,111,76,43,22
30-01-17,76,116,75,44,24
29-01-17,69,118,53,42,26
28-01-17,57,110,29,37,33
27-01-17,61,95,42,31,42
26-01-17,82,100,42,30,40
25-01-17,88,127,37,44,45
24-01-17,77,132,65,45,43
23-01-17,71,120,65,38,42
22-01-17,75,114,60,39,43
21-01-17,81,118,72,40,37
20-01-17,75,125,69,44,41
19-01-17,68,116,76,40,41
18-01-17,68,108,81,40,37
17-01-17,70,108,75,37,42
16-01-17,73,110,74,34,45
15-01-17,94,109,73,28,44
14-01-17,94,132,54,33,48
13-01-17,92,133,64,45,47
12-01-17,74,131,64,42,50
11-01-17,64,112,79,36,40
10-01-17,54,103,77,30,41
09-01-17,56,89,53,26,45
08-01-17,64,87,73,30,40
07-01-17,83,104,69,34,42
06-01-17,91,125,93,42,45
05-01-17,80,132,90,47,44
04-01-17,77,126,83,39,43
03-01-17,108,119,79,38,44
02-01-17,110,129,80,46,40
01-01-17,93,130,76,57,47
31-12-16,106,140,62,58,58
30-12-16,108,157,84,56,81
29-12-16,90,157,101,53,98
28-12-16,90,138,99,51,96
27-12-16,95,138,89,52,106
26-12-16,85,144,101,54,96
25-12-16, ,128,98,51,102
24-12-16,78, , ,42, 
23-12-16,85,124,82,49,103
22-12-16,98,129,82,60,91
21-12-16,96,138,78,59,51
20-12-16,67,137,79,57,16
19-12-16,56,107,78,47,23
18-12-16,71,91,80,40,32
17-12-16,71,107,85,46,26
16-12-16,58,113,84,46,30
15-12-16,58,105,52,42,30
14-12-16,68,105,57,46,25
13-12-16,80,115,56,53,32
12-12-16, ,125,69,52,24
11-12-16,76, , , , 
10-12-16,78,116,72,52,16
09-12-16,80,123,70,53,38
08-12-16,82,127,86,53,39
07-12-16,78,130,104,51,38
06-12-16,75,125,102,51,33
05-12-16,65,119,89,47,38
04-12-16,71,110,77,45,37
03-12-16,92,118,80,49,31
02-12-16,105,139,79,58,30
01-12-16,100,148,84,61,36
30-11-16,86,142,100,60,33
29-11-16,117,133,102,57,20
28-11-16,162,157,100,58,19
27-11-16,140,189,92,68,56
26-11-16,130,181,77,72,46
25-11-16,106,174,106,66,31
24-11-16,93,164,124,60,24
23-11-16,88,151,120,58,36
22-11-16,92,136,114,55,30
21-11-16,95,139,110,55,23
20-11-16,88,143,118,55,23
19-11-16,79,141,115,55,27
18-11-16,77,132,92,53,31
17-11-16,86,126,114,45,33
16-11-16,97,134,114,47,28
15-11-16,99,136,128,49,30
14-11-16,76,126,137,38,19
13-11-16,81,129,137,44,29
12-11-16,84,132,98,52,49
11-11-16,75,130,98,50,47
10-11-16,67,115,113,49,42
09-11-16,70,111,95,49,49
08-11-16,70,120,113,48,39
07-11-16,60,117,110,46,36
06-11-16,53,104,83,45,33
05-11-16,53,99,33,42,25
04-11-16,54,96,32,40,23
03-11-16,59,99,31,38,30
02-11-16,53,101,32,33,26
01-11-16,55,92,27,28,30
31-10-16,72,98,18,26,24
30-10-16,69,115,87,38,26
29-10-16,64,115,96,38,28
28-10-16,53,112,93,39,38
27-10-16,52,93,90,35,30
26-10-16,50,88,86,33,33
25-10-16,53,85,56,30,39
24-10-16,57,87,30,28,38
23-10-16,58,98,30,25,35
22-10-16,54,97,71,33,29
21-10-16,46,93,69,36,36
20-10-16,49,83,60,33,39
19-10-16,52,88,53,34,43
18-10-16,47,99,71,35,43
17-10-16,39,90,67,32,37
16-10-16,40,74,10,28, 
15-10-16,41,84,54,33, 
14-10-16,42,78,51,30, 
13-10-16,40,73,46,28, 
12-10-16,36,68,47,26, 
11-10-16,32,61,61,23, 
10-10-16,22,52,58,26, 
09-10-16,22,35,46,24, 
08-10-16,20,34,44, , 
07-10-16,20,33,46,26, 
06-10-16,18,31,54,27, 
05-10-16,14,26,53,27, 
04-10-16,13,24,52,26, 
03-10-16,16,19,45,29, 
02-10-16,20,19,34,28, 
01-10-16,24,27,54,27, 
30-09-16,27,35,58,27, 
29-09-16,26,37,73,23, 
28-09-16,27,44,70,23, 
27-09-16,29,39,65,24, 
26-09-16,28,44,55,24, 
25-09-16,21,52,66,22, 
24-09-16,20,46,73,22, 
23-09-16,20,43,59, , 
22-09-16,16,35,50, , 
21-09-16,14,20,50,26, 
20-09-16,15,18,49,24, 
19-09-16,12,21,60,22, 
18-09-16,13,14,60,21, 
17-09-16,14,17,54,26, 
16-09-16,9,24,29,26, 
15-09-16,16,22,34,24, 
14-09-16,19,31,50,45, 
13-09-16,21,33,64,60, 
12-09-16,18,36,74,38, 
11-09-16,20,35,73,16, 
10-09-16,22,35,76,17, 
09-09-16, ,36,74,20, 
08-09-16,27,34,65,21, 
07-09-16,27,36,64,18, 
06-09-16,24,40,64,15, 
05-09-16,22,38,64,12, 
04-09-16, ,39,64,12, 
03-09-16,17, , , , 
02-09-16,17,25,50, , 
01-09-16,17,26,49, , 
31-08-16,17,28,44, , 
30-08-16,16,26,41,16, 
29-08-16,15,23,36,16, 
28-08-16,12,19,46,14, 
27-08-16,15,17,45,14, 
26-08-16,23,23,44, , 
25-08-16,21,33,43,16, 
24-08-16,21,28,41,16, 
23-08-16,27,21,42,19, 
22-08-16,33,24,42,17, 
21-08-16,36,29,42,14, 
20-08-16,33,31,76, , 
19-08-16,25,29,75,14,59
18-08-16,21,21,78,14,77
17-08-16,23,18,80,15,104
16-08-16,24,21,96,14, 
15-08-16,29,22,95,12, 
14-08-16,28,28,78,12, 
13-08-16,25,27,84,14,59
12-08-16,21,24,79,15,83
11-08-16,23,19,67,16,72
10-08-16,27,20,48,19,59
09-08-16,26,26,56,19, 
08-08-16,21,24,54,21, 
07-08-16, ,17,48,20, 
06-08-16,17,14,48,16, 
05-08-16,18,13,56,17,104
04-08-16,17,15,44,17,104
03-08-16,17,15,46,17, 
02-08-16,18,14,56,19, 
01-08-16,17,15,72,16, 
31-07-16,20,14,67,16, 
30-07-16,20,18,40, , 
29-07-16,45,17,48,19,59
28-07-16,40, ,41,19,59
27-07-16,36,37,44,18, 
26-07-16,37,38,46,17, 
25-07-16,40,38,54,15, 
24-07-16,47,42,52,14, 
23-07-16,35,51,47,17, 
22-07-16,29,36,38,18, 
21-07-16,27,30,50,19, 
20-07-16,26,29,49, , 
19-07-16, ,27,44,16,104
18-07-16, , ,42,22,104
17-07-16, , ,31,35, 
14-07-16,55, , , , 
13-07-16,54,57,32,19, 
12-07-16,54,56,64,16, 
11-07-16, ,55,77,14, 
09-07-16,53, , , , 
08-07-16,55,54,72,16, 
07-07-16,60,56,72,16, 
06-07-16,58,62,58, , 
05-07-16,55,60,58,14, 
04-07-16,152,55,46,14, 
03-07-16,76,60,43, , 
02-07-16,28,45,62, , 
01-07-16,29,37,64,16, 
30-06-16,29,37,68,16, 
29-06-16,28,35,82,15, 
28-06-16,25,37,82,17, 
27-06-16,27,35,84,17, 
26-06-16,27,33,78, , 
25-06-16,28,34,68, , 
24-06-16,27,52,67,19, 
23-06-16,28,52,70,17, 
22-06-16,28,36,80,15, 
21-06-16,33,41,77,14, 
20-06-16,44,50,72,16, 
19-06-16,52,57,53,17, 
18-06-16, ,60, ,19, 
17-06-16,47,77,113, , 
16-06-16,43,75,113, , 
15-06-16,38,69,110,14, 
14-06-16,35,57,102,13,59
13-06-16,33,51,100,10,59
12-06-16,43,51,88,7, 
11-06-16,41,58,94,9,104
10-06-16,37,60,90,10,104
09-06-16,39,58,96,10, 
08-06-16,48,55,91,10, 
07-06-16,46,71,81,15, 
06-06-16,49,71,86,16, 
05-06-16,50,60,50,15, 
04-06-16,51, ,48,9, 
03-06-16,45,66,87,9, 
02-06-16,40,63,100, , 
01-06-16,32,62,90,12, 
31-05-16,31,55,128,10, 
30-05-16,30,52,113,8, 
29-05-16,32,54,92,7, 
28-05-16,39,57,84,9, 
27-05-16,36,58,84,7, 
26-05-16,30,48,82,7, 
25-05-16,29,45,92,7, 
24-05-16, ,39,90,8, 
23-05-16,23,26,85, , 
22-05-16,22,39,107, , 
21-05-16,25,45,113,7, 
20-05-16,30,64,111,7, 
19-05-16,39,58,100,7, 
18-05-16,41,58,97,13, 
17-05-16,37,58,113,15, 
16-05-16,37,55,113,15, 
15-05-16, ,53,93,16, 
14-05-16,27, , ,21, 
13-05-16,24,45, ,22, 
12-05-16,26,42,143,22, 
11-05-16,31,49,140,25, 
10-05-16,33,58,133,27, 
09-05-16,36,52,107,22, 
08-05-16,34,55,122, , 
07-05-16,30,57,146, , 
06-05-16,33,43,127,16, 
05-05-16,34,48,112,15, 
04-05-16,34,59,105,14, 
03-05-16,34,60,152,19, 
02-05-16,31,56,143,17, 
01-05-16,36,54,185,16, 
30-04-16,38,61,155, , 
29-04-16,40,66,134, , 
28-04-16,33,75,125,21, 
27-04-16,28,69,128,21, 
26-04-16,28,58,146,19, 
25-04-16,30,54,136,17, 
24-04-16,27,55,116,15, 
23-04-16,31,50,176,15, 
22-04-16,41,64,200,16, 
21-04-16,51,75,191,19, 
20-04-16,49,86,153,24, 
19-04-16,40,82,122,24, 
18-04-16,36,63,117,19, 
17-04-16,37,53,119,21, 
16-04-16,38,61,115,21, 
15-04-16,40,69,188,20, 
14-04-16,38,74,154,22, 
13-04-16,40,70,122,23, 
12-04-16,40,68,158,20, 
11-04-16,40,68,132,20, 
10-04-16,43,76,121,18, 
09-04-16,40,75,118,20, 
08-04-16,43,69,99,15, 
07-04-16,46,71,149,17, 
06-04-16,46,75,131,19, 
05-04-16,47,70,114,21, 
04-04-16,48,78,137,19, 
03-04-16,42,72,133,19, 
02-04-16,41,72,152,22, 
01-04-16,42,65,158,24, 
31-03-16,50,68,155,23, 
30-03-16,52,83,164,27,59
29-03-16,57,87,200,25,78
28-03-16,53,99,155,21, 
27-03-16,48,92,155,19, 
26-03-16,49,78,182, , 
25-03-16,65,79,182,23, 
24-03-16,76,109,177,33,59
23-03-16,67,122,110,42,62
22-03-16,57,108,119,37, 
21-03-16,52,98,120,32, 
20-03-16,51,91,119,28, 
19-03-16,49,90,76,39, 
18-03-16,48,81,94,60, 
17-03-16,42,74,94, , 
16-03-16,41,68,134, , 
15-03-16,34,69,143, , 
14-03-16,33,51,128, ,59
13-03-16,41,54,149, ,74
12-03-16,55,72,149,9,59
11-03-16,64,90,131,11,89
10-03-16,47,96,113,15, 
09-03-16,53,84,92,14, 
08-03-16,46,90,119,14, 
07-03-16,36,82,119,15, 
06-03-16,45,67,84,13, 
05-03-16,36,72,80,13, 
04-03-16,29,58,80,15, 
03-03-16,55,48,78,12, 
02-03-16,57,69,80,8, 
01-03-16,66,77,80,7, 
29-02-16,76,91,94, , 
28-02-16,77,102,94,5, 
27-02-16,74,98,74,5, 
26-02-16,65,96,75,7, 
25-02-16,58,81,119,6, 
24-02-16,73,74,152,5, 
23-02-16,69,100,152,6, 
22-02-16,56,90,113,7, 
21-02-16,61,70,96,5, 
20-02-16,62,73,96,6, 
19-02-16,63,74,92,6, 
18-02-16,76,86,92,7,59
17-02-16,77,103,98,7,80
16-02-16,63,98,98,16,104
15-02-16,61,104,100,21, 
14-02-16,51,104,100,9, 
13-02-16,49,80,80,9, 
12-02-16,49,70,80, , 
11-02-16,57,72,78, , 
10-02-16,71,90,65, , 
09-02-16,68,111,87, , 
08-02-16,59,107,122, , 
07-02-16,60,90,75, , 
06-02-16,68,96,36, , 
05-02-16,82,109,59, , 
04-02-16,67,120,96, , 
03-02-16,63,106,79, , 
02-02-16,65,102,58, , 
01-02-16,73,101,70, , 
31-01-16,86,110,75, , 
30-01-16, ,127,82, , 
29-01-16,68, , , , 
28-01-16,62,107,60, , 
27-01-16,59,102,86, , 
26-01-16,67,96,89, , 
25-01-16,78,104,72, , 
24-01-16,82,118,72, , 
23-01-16,73,125,31, , 
22-01-16,68,115,77, , 
21-01-16,67,104,74, , 
20-01-16,55,105,72, ,59
19-01-16,60,99,77, ,59
18-01-16,55,88,55, ,59
17-01-16,60,79,34, , 
16-01-16,65,82,27, , 
15-01-16,63,95,35,7, 
14-01-16,79,99,48,17, 
13-01-16,78,118,53,47, 
12-01-16,81,118,53,54, 
11-01-16,80,118,48,53, 
10-01-16,75,119,48,36, 
09-01-16,76,122,46,43,29
08-01-16,81,123,46,54,29
07-01-16,80,127,26,55, 
06-01-16,77,128,31,55,59
05-01-16,72,126,34,54,54
04-01-16,73,117,10,43,88
03-01-16, ,116,43,19,38
29-12-15,87, , , , 
28-12-15,86,137,8, ,88
27-12-15,83,135,31, ,73
26-12-15,77,130,53, , 
25-12-15,64,124,53, , 
24-12-15,58,109,50, , 
23-12-15,53,105,46, ,29
22-12-15,52,92,48, ,29
21-12-15,68,90,28, ,29
20-12-15,60,128,50, ,18
19-12-15,54,115,40, ,29
18-12-15,62,138,47, ,28
17-12-15,67,149,26, ,37
16-12-15,57,139,40, ,44
15-12-15,53,111,38, ,32
14-12-15,58,101,30, ,43
13-12-15, ,115,12, ,50
12-12-15,57, , , , 
11-12-15,61,107,34, ,25
10-12-15,74,93,36,7,33
09-12-15,78,99,42,7,33
08-12-15,97,128,37, ,39
07-12-15,189,123,37, ,41
06-12-15, ,119,37,7,52
05-12-15,85, , ,9,88
04-12-15,78,73,43,8,1
03-12-15,84,71,44,7,7
02-12-15,93,75,29,7,17
01-12-15,99,75,33, ,42
30-11-15,119,78,32, ,38
29-11-15,118,82,40, ,35
28-11-15,112,81,16, ,18
27-11-15,108,80,50, ,21
26-11-15,81,81,39, ,18
25-11-15,57,74,41, ,22
24-11-15,41,62,33, ,16
23-11-15,51,42,24, ,29
22-11-15,63,75,27, ,29
21-11-15,72,89,29, ,27
20-11-15,87,99,26, ,24
19-11-15,93,116,33, ,31
18-11-15,83,130,41, ,33
17-11-15,78,108,44,9,32
16-11-15, ,97,40,14,41
15-11-15, , ,44,57,44
14-11-15,153, , , , 
13-11-15,153,88,46,38, 
12-11-15,60,88,46,38, 
11-11-15,54,58,47,45,6
10-11-15,48,57,47,45,19
09-11-15,52,53,40,39,14
08-11-15,53,60,41,46,40
07-11-15,57,54,48,48,35
06-11-15,57,53,49,57,11
05-11-15,44,53,42,46,6
04-11-15,46,50,46,48,5
03-11-15,48,52,46,51,5
02-11-15,53,56,34,58,6
01-11-15,51,58,19,47,8
31-10-15,48,53,41,48,7
30-10-15,52,48,43,40,10
29-10-15,57,51,44,40,9
28-10-15,59,51,41,40,7
27-10-15,54,39,10,41,16
26-10-15,56,42,41,36,15
25-10-15,66,43,41,35,16
24-10-15,73,45,15,38,18
23-10-15,66,52,38,37,11
22-10-15,73,49,41,31,11
21-10-15,70,54,19,43,13
20-10-15,61,51,22,44,12
19-10-15,57,46,41,46,12
18-10-15,90,39,32,36,11
17-10-15,87,42,9,45,12
16-10-15,70,37,35,43,11
15-10-15,28,44,35,45,11
14-10-15,19,43,33,41,12
13-10-15,16,38,10,32,12
12-10-15,14,36,10,31,11
11-10-15,18,33,29,24,10
10-10-15,24,34,36,22,10
09-10-15,32,41,41,27,10
08-10-15,55,46,41,43,10
07-10-15,54,47,40,53,11
06-10-15,33,41,38,46,13
05-10-15,21,24,8,28,19
04-10-15,14,20,19,20,21
03-10-15,16,29,13,36,20
02-10-15,28,28,13,28,19
01-10-15,60,30,36,19,18
30-09-15,54,41,22,35,19
29-09-15,28,39,23,25,19
28-09-15,28,33,13,19,19
27-09-15, ,33,13,21,19
25-09-15,35, , , , 
24-09-15,24,38,18,25,21
23-09-15,19,36,9,24,7
22-09-15,25,39,13, , 
21-09-15,25,40,20,20,8
20-09-15,21,38,14,19,9
19-09-15,22,35,19,22, 
18-09-15,25,35,27,18, 
17-09-15,31, ,29,9, 
16-09-15,30,37,14,22,10
15-09-15,32,37,16,21,10
14-09-15,34,40,14,11,4
13-09-15, ,41,37,10,4
12-09-15,38, , , , 
11-09-15,38,30,23,18, 
10-09-15, ,29,22,18, 
09-09-15,50, , , , 
08-09-15,50,41,32,21, 
07-09-15, ,41,32,21, 
06-09-15,74, , , , 
05-09-15,68,54,28,35,4
04-09-15,55,52,33,31,6
03-09-15, ,47,42,20,23
01-09-15,39, , , , 
31-08-15,36,37,47,31,26
30-08-15,23,36,48,27,25
29-08-15,23, ,10,26, 
28-08-15,25,34,10,26,20
27-08-15,31,34,19,23,20
26-08-15,26,37,30,24,17
25-08-15,23,34,50,26,21
24-08-15,18,32,27,33,18
23-08-15, ,31,34,38,19
19-08-15,49, , , , 
18-08-15,47,57,51,23,11
17-08-15, ,56,48,23,10
15-08-15,43,64, ,27, 
14-08-15,44,63,38,26,21
13-08-15, ,59,38,26,21
08-08-15,18, , , , 
07-08-15,14,21, ,17, 
06-08-15, ,18, ,15, 
05-08-15,21,23, ,14, 
04-08-15,23,22,19,14,36
03-08-15,26,21,19,16,35
02-08-15,23,21,31,11,13
01-08-15,20,23,31,11,8
31-07-15,21,19,17,15,11
30-07-15,23,19,17,16,12
29-07-15,25,19,29,19,9
28-07-15,22,21,24,16,10
27-07-15,23,19,30,18,10
26-07-15,24,21,26,13,11
25-07-15,20,21,31,13,10
24-07-15,21,21,29,18,11
23-07-15,21,22,17,19,14
22-07-15,20,21,27,16,13
21-07-15,24,20,22,18,12
20-07-15,26,22,22,17,15
19-07-15,31,22,28,10,12
18-07-15,31,26,27,13,9
17-07-15,31,34,27,13,9
16-07-15,34,71,22,14,22
15-07-15,39,46,22,14,25
14-07-15,38,47,21,13,28
13-07-15,37,40,26,13,28
12-07-15,37,34,28,14,30
11-07-15,23,29,10,13,30
10-07-15,21,25,37,12,24
09-07-15, ,24,37,12,20
